age,gender,bmi,systolic_bp,glucose,cholesterol,smoker,exercise_days,prior_admissions,length_of_stay,diagnosis,department,readmit_30d,age_group,risk_score,risk_tier
59,Male,25.7,127,104,238,0,4,2,6,Respiratory,Surgery,0,50-64,0.3065839021712301,Medium
23,Male,28.3,118,114,194,0,5,1,3,Other,Endocrinology,0,18-34,0.06662781547830383,Low
65,Female,18.6,150,65,182,0,5,1,4,Respiratory,Pulmonology,1,65-79,0.261294812214372,Medium
74,Male,21.1,146,65,205,1,5,0,2,Hypertension,Endocrinology,0,65-79,0.13672375893295274,Low
72,Male,29.6,140,107,137,0,0,1,3,Hypertension,Endocrinology,0,65-79,0.25199333378776095,Medium
87,Male,30.3,135,131,249,0,1,3,9,Diabetes,General Medicine,0,80+,0.713001905321711,High
53,Male,27.6,124,100,166,0,5,0,1,Other,Pulmonology,1,50-64,0.09023444979616788,Low
48,Female,31.7,119,153,159,0,5,3,8,Other,Pulmonology,0,35-49,0.3607410604932418,High
57,Female,25.6,119,129,208,0,4,0,4,Respiratory,General Medicine,0,50-64,0.13923104375887643,Low
47,Female,32.5,109,101,171,0,6,1,3,Respiratory,Cardiology,0,35-49,0.14879182977101685,Low
91,Male,29.8,135,116,207,0,7,0,4,Other,Pulmonology,0,80+,0.2240707070730103,Medium
74,Female,25.1,113,99,189,0,7,0,6,Other,Surgery,0,65-79,0.15420871302826913,Medium
24,Male,20.9,116,69,205,1,7,0,4,Other,Surgery,0,18-34,0.034707465925947284,Low
52,Male,25.8,116,105,237,0,5,0,5,Other,General Medicine,0,50-64,0.09298884662144974,Low
64,Male,36.6,139,154,183,0,5,0,5,Other,Pulmonology,0,50-64,0.1257176213737121,Low
24,Male,21.2,101,100,177,0,1,1,4,Other,Endocrinology,0,18-34,0.08781235689831698,Low
77,Male,27.8,134,101,219,1,6,1,8,Respiratory,Cardiology,0,65-79,0.2931840719991345,Medium
46,Male,23.0,95,93,210,0,4,1,2,Other,General Medicine,0,35-49,0.12856394651490216,Low
36,Male,24.6,106,127,196,0,6,1,1,Other,Surgery,0,35-49,0.08122334345043,Low
50,Male,28.8,94,79,195,0,0,1,3,Other,General Medicine,0,50-64,0.16535056492183017,Medium
38,Female,29.5,110,124,173,0,2,0,9,Respiratory,Cardiology,0,35-49,0.10264645243791952,Low
72,Female,24.5,121,83,209,0,3,0,1,Other,Surgery,0,65-79,0.15109912786952787,Medium
63,Male,25.3,104,100,205,0,6,4,3,Diabetes,Surgery,0,50-64,0.5820270066683562,High
47,Male,30.1,112,78,224,0,1,0,5,Diabetes,Pulmonology,0,35-49,0.13391930408254513,Low
41,Female,31.6,99,137,190,1,6,0,3,Respiratory,General Medicine,0,35-49,0.07850086159168809,Low
57,Male,28.6,112,65,279,0,6,1,5,Cardiac,Endocrinology,0,50-64,0.25715795611566394,Medium
34,Male,20.1,93,68,190,0,7,2,6,Hypertension,Pulmonology,0,18-34,0.15320320584522085,Medium
57,Female,16.2,133,108,115,0,1,1,2,Other,General Medicine,0,50-64,0.19886913320578403,Medium
42,Male,31.7,143,150,235,1,6,0,9,Hypertension,Surgery,0,35-49,0.06008692195757277,Low
60,Male,25.8,130,89,172,1,1,0,6,Other,Surgery,0,50-64,0.1194069979714733,Low
71,Male,31.5,142,133,226,0,6,0,3,Diabetes,General Medicine,0,65-79,0.17117399882405604,Medium
52,Male,16.0,140,87,145,1,3,0,3,Cardiac,General Medicine,0,50-64,0.15398226457860267,Medium
56,Male,31.5,90,154,185,0,0,1,4,Diabetes,General Medicine,0,50-64,0.2499215434804675,Medium
60,Male,29.1,135,85,248,1,1,0,7,Other,General Medicine,0,50-64,0.12943396841313037,Low
71,Male,28.5,114,65,210,0,6,0,4,Other,General Medicine,1,65-79,0.13908067126136275,Low
69,Male,30.6,145,105,256,0,6,4,5,Hypertension,Surgery,0,65-79,0.5281882258692846,High
64,Female,31.2,140,107,208,0,3,2,3,Other,Surgery,1,50-64,0.29185580457520927,Medium
62,Female,24.2,146,65,175,0,6,1,1,Hypertension,Endocrinology,1,50-64,0.16686740415736734,Medium
35,Male,32.8,144,111,170,0,1,1,6,Other,General Medicine,0,35-49,0.10913815940400794,Low
20,Female,25.4,121,109,161,1,7,0,6,Respiratory,General Medicine,0,18-34,0.045944802097874354,Low
35,Female,24.3,109,65,175,0,4,1,7,Other,General Medicine,0,35-49,0.11522912804887865,Low
95,Male,30.3,127,65,247,0,3,1,6,Other,General Medicine,0,80+,0.39553983249913655,High
57,Female,17.4,118,98,227,1,0,1,2,Respiratory,Endocrinology,0,50-64,0.23928206144590655,Medium
43,Male,28.7,96,109,174,0,6,2,4,Other,Pulmonology,0,35-49,0.1893519620370672,Medium
64,Female,31.5,124,109,196,0,6,3,5,Other,Endocrinology,0,50-64,0.42198961214997105,High
56,Female,16.0,110,65,168,0,7,1,3,Other,General Medicine,0,50-64,0.1624181870209537,Medium
65,Male,28.1,95,94,177,0,2,0,1,Cardiac,General Medicine,0,65-79,0.216621354567599,Medium
66,Female,22.9,114,65,188,0,4,0,9,Cardiac,Surgery,0,65-79,0.24538095674932195,Medium
39,Male,34.7,100,96,218,0,7,1,4,Other,General Medicine,0,35-49,0.0939937873718023,Low
41,Female,26.5,137,99,146,0,4,1,1,Other,Endocrinology,0,35-49,0.1122392637099602,Low
74,Male,26.5,121,81,138,0,5,0,1,Hypertension,General Medicine,0,65-79,0.13850298684774975,Low
38,Female,25.4,102,119,186,0,1,1,7,Other,Pulmonology,0,35-49,0.15135826585241013,Medium
59,Female,34.9,106,105,175,0,5,2,4,Other,Surgery,1,50-64,0.25529509093691133,Medium
45,Female,27.8,103,112,171,1,4,0,2,Other,General Medicine,0,35-49,0.07692036365377815,Low
62,Female,24.0,149,118,210,0,4,1,4,Hypertension,Pulmonology,0,50-64,0.2042387053840904,Medium
68,Male,21.0,130,85,240,1,5,1,15,Cardiac,Endocrinology,0,65-79,0.38900017742867055,High
44,Female,20.6,113,114,238,0,0,2,1,Other,Endocrinology,0,35-49,0.2335231268804039,Medium
75,Female,25.8,130,94,212,0,0,0,2,Other,General Medicine,1,65-79,0.19674499176437552,Medium
42,Female,21.6,125,95,180,0,2,1,10,Other,Surgery,0,35-49,0.14860262354248444,Low
41,Female,24.8,127,114,237,0,1,0,2,Other,General Medicine,0,35-49,0.08163232655345318,Low
51,Male,33.3,117,102,180,0,7,1,5,Diabetes,General Medicine,0,50-64,0.16916317373513287,Medium
57,Male,31.4,144,87,217,0,7,1,7,Hypertension,Cardiology,1,50-64,0.14486641440460998,Low
41,Female,23.1,134,72,113,0,7,1,3,Diabetes,General Medicine,0,35-49,0.13821089942898693,Low
18,Female,24.5,124,150,114,0,1,0,6,Diabetes,Surgery,0,18-34,0.060903679909461064,Low
41,Male,28.7,138,115,166,0,2,0,2,Cardiac,Surgery,0,35-49,0.1097508679292661,Low
59,Male,21.3,128,65,198,0,5,2,4,Other,Cardiology,0,50-64,0.25888529381868536,Medium
63,Female,27.6,129,169,203,0,3,0,1,Cardiac,General Medicine,0,50-64,0.20825348428062207,Medium
56,Female,24.9,117,81,217,0,2,1,5,Diabetes,General Medicine,0,50-64,0.2518584139882983,Medium
95,Female,26.9,135,94,181,1,2,2,2,Cardiac,General Medicine,1,80+,0.6601491536586546,High
65,Female,26.0,129,65,209,1,1,2,7,Other,General Medicine,0,65-79,0.35755706747092003,High
40,Female,23.9,116,81,162,0,5,0,4,Other,Surgery,0,35-49,0.06595094188203669,Low
54,Male,30.3,112,95,127,0,5,0,1,Hypertension,Pulmonology,1,50-64,0.08828298123025428,Low
61,Female,31.8,135,89,154,1,3,1,2,Cardiac,Surgery,0,50-64,0.26646213851285916,Medium
66,Male,20.4,102,82,173,0,3,3,10,Other,Surgery,0,65-79,0.48123916683554496,High
68,Female,31.7,140,122,198,0,1,1,5,Other,General Medicine,0,65-79,0.2542934737416572,Medium
64,Female,21.8,126,129,211,0,3,2,3,Cardiac,Pulmonology,1,50-64,0.48233367072997424,High
45,Male,33.4,117,115,185,0,5,2,7,Other,Surgery,0,35-49,0.18559955813783932,Medium
80,Female,34.6,142,153,150,1,2,0,3,Cardiac,Cardiology,0,80+,0.2938771076447012,Medium
75,Female,38.1,128,106,155,0,7,3,7,Cardiac,Surgery,0,65-79,0.6115364374841936,High
55,Female,31.7,116,144,214,0,7,1,4,Diabetes,Endocrinology,1,50-64,0.19972512291530936,Medium
47,Female,26.1,130,78,187,0,6,1,1,Other,General Medicine,0,35-49,0.12035993596162166,Low
68,Female,19.6,140,72,224,0,5,1,3,Other,General Medicine,1,65-79,0.2214624851939948,Medium
55,Female,19.8,133,108,165,0,2,0,1,Respiratory,General Medicine,1,50-64,0.13396042441270636,Low
37,Male,30.0,118,93,186,0,0,0,5,Respiratory,General Medicine,0,35-49,0.09108801394462257,Low
70,Male,24.8,117,70,161,0,7,0,12,Diabetes,Pulmonology,1,65-79,0.2202471547276972,Medium
52,Female,25.7,131,89,158,1,1,0,1,Respiratory,Pulmonology,0,50-64,0.12831216070259116,Low
92,Male,24.0,141,87,183,0,7,0,3,Hypertension,Pulmonology,0,80+,0.21825305702352613,Medium
18,Female,28.5,106,77,149,0,1,0,4,Cardiac,Cardiology,0,18-34,0.07808539237054912,Low
75,Male,22.0,143,109,152,1,0,4,12,Respiratory,General Medicine,1,65-79,0.7492607075111714,High
45,Female,22.8,96,95,179,0,6,0,6,Other,Cardiology,0,35-49,0.08356687685557557,Low
38,Female,35.8,97,139,198,0,4,1,6,Other,General Medicine,0,35-49,0.11787616834816461,Low
62,Male,26.9,148,83,177,0,2,1,3,Other,Endocrinology,0,50-64,0.1954898305291218,Medium
95,Female,32.6,128,89,147,0,6,3,5,Diabetes,General Medicine,1,80+,0.7039215225465967,High
34,Female,30.0,119,126,128,0,5,2,8,Other,General Medicine,0,18-34,0.1698104979297912,Medium
72,Female,24.6,126,102,271,1,7,0,2,Cardiac,General Medicine,0,65-79,0.21917716290866532,Medium
74,Male,28.7,111,153,166,1,6,5,10,Diabetes,General Medicine,1,65-79,0.8006503149935199,High
64,Male,34.8,135,113,185,0,2,5,5,Other,Endocrinology,1,50-64,0.6952132171228823,High
44,Male,26.5,125,71,175,0,6,0,4,Other,General Medicine,0,35-49,0.06860445458723724,Low
51,Male,31.1,127,101,200,0,0,1,2,Other,Surgery,1,50-64,0.14732955342240345,Low
92,Female,35.6,110,106,178,0,6,1,2,Cardiac,Endocrinology,1,80+,0.4784343577905941,High
52,Female,37.2,117,121,232,0,2,0,1,Other,Cardiology,1,50-64,0.09546967416237209,Low
59,Male,31.4,113,98,221,0,4,2,10,Hypertension,Cardiology,0,50-64,0.28605605692075303,Medium
64,Male,26.3,131,138,195,0,3,1,6,Cardiac,Cardiology,1,50-64,0.32442193550447657,Medium
70,Female,33.9,90,125,252,0,4,3,4,Other,Cardiology,1,65-79,0.4822575772322256,High
83,Male,28.2,124,104,228,0,6,2,2,Other,Surgery,0,80+,0.366024068980041,High
84,Female,33.2,138,98,169,1,6,1,5,Cardiac,General Medicine,0,80+,0.41897431395219076,High
50,Female,40.9,136,128,250,0,5,1,5,Cardiac,Cardiology,0,50-64,0.22151781408632837,Medium
35,Female,28.4,112,82,116,0,2,1,4,Other,Surgery,0,35-49,0.1050233176049629,Low
64,Male,23.4,117,101,170,0,3,0,2,Other,General Medicine,0,50-64,0.1281172734483045,Low
31,Male,37.3,127,155,183,0,3,1,6,Diabetes,Cardiology,0,18-34,0.11887264331418251,Low
36,Male,27.2,126,122,167,0,5,2,6,Diabetes,General Medicine,0,35-49,0.2065773303880805,Medium
47,Female,32.0,104,138,248,0,5,1,2,Other,Surgery,0,35-49,0.12115103922258208,Low
35,Female,24.4,114,80,211,0,7,1,7,Hypertension,Cardiology,0,35-49,0.0953809713275325,Low
44,Female,30.3,101,109,209,0,3,0,2,Other,Cardiology,1,35-49,0.08003526105191015,Low
65,Female,31.4,148,65,208,0,6,1,1,Hypertension,General Medicine,0,65-79,0.1716402531271971,Medium
65,Male,25.6,121,101,229,1,7,1,2,Cardiac,Endocrinology,0,65-79,0.26724766121753674,Medium
63,Male,35.8,114,99,233,0,4,0,2,Other,General Medicine,0,50-64,0.11394412181570639,Low
43,Male,34.6,133,82,164,1,1,1,4,Respiratory,General Medicine,0,35-49,0.1458576258536639,Low
77,Female,21.8,121,65,211,0,4,1,4,Cardiac,General Medicine,0,65-79,0.41839998999147054,High
70,Female,29.1,118,109,224,1,1,1,10,Hypertension,General Medicine,0,65-79,0.28126748940924784,Medium
19,Female,35.7,97,108,171,0,7,1,4,Other,Cardiology,0,18-34,0.05834689325369568,Low
50,Male,30.1,96,92,143,0,0,1,4,Other,General Medicine,0,50-64,0.16771355360031376,Medium
72,Female,38.5,134,108,212,0,0,1,1,Cardiac,Cardiology,0,65-79,0.37875223333563285,High
49,Male,28.3,143,87,220,0,5,1,3,Hypertension,General Medicine,0,35-49,0.120247335709569,Low
73,Male,33.0,118,89,167,1,2,1,4,Respiratory,Cardiology,0,65-79,0.28166095779732025,Medium
55,Female,20.7,91,90,171,0,1,1,2,Other,Pulmonology,0,50-64,0.207553151067241,Medium
95,Female,22.7,133,67,194,0,7,0,3,Other,Surgery,0,80+,0.23160651426151802,Medium
52,Female,23.7,116,102,177,1,2,0,4,Other,General Medicine,0,50-64,0.10611368241857543,Low
40,Male,25.6,131,65,181,1,7,1,3,Other,Cardiology,1,35-49,0.08793778605934059,Low
56,Female,27.4,128,74,226,0,6,1,5,Other,Cardiology,0,50-64,0.1627969187189151,Medium
43,Female,26.2,117,65,204,0,2,2,3,Other,General Medicine,0,35-49,0.21222545736055107,Medium
49,Female,31.6,132,109,170,0,3,0,5,Other,General Medicine,0,35-49,0.09577660113047967,Low
44,Female,17.0,110,99,142,1,6,1,4,Cardiac,General Medicine,0,35-49,0.19989428157084735,Medium
37,Male,30.0,124,130,172,1,3,2,5,Cardiac,General Medicine,0,35-49,0.25864936583037895,Medium
72,Female,28.7,116,147,220,0,5,2,5,Diabetes,General Medicine,0,65-79,0.44095393193980836,High
55,Female,22.1,128,105,190,0,4,0,5,Other,General Medicine,1,50-64,0.11298877989696443,Low
58,Female,19.6,121,67,122,0,6,1,4,Cardiac,General Medicine,0,50-64,0.27610047609953847,Medium
26,Female,28.9,117,69,138,0,7,2,4,Hypertension,Pulmonology,0,18-34,0.11957942071361521,Low
77,Male,22.9,153,86,198,0,5,1,7,Other,General Medicine,0,65-79,0.26828732307005454,Medium
21,Male,30.6,114,132,145,1,2,2,3,Other,Surgery,0,18-34,0.10136940382235093,Low
51,Male,28.8,115,107,151,0,4,2,14,Other,General Medicine,0,50-64,0.2780925278172686,Medium
55,Female,19.0,140,102,168,0,1,3,8,Diabetes,General Medicine,0,50-64,0.5214324003747614,High
25,Female,22.0,110,129,113,0,5,0,2,Other,Endocrinology,0,18-34,0.046497978892056056,Low
82,Male,31.0,141,73,239,0,0,2,10,Hypertension,General Medicine,1,80+,0.4785875927527225,High
43,Male,30.3,112,144,141,0,6,1,1,Diabetes,Surgery,0,35-49,0.1248913818439779,Low
45,Female,27.6,111,114,198,0,2,2,3,Respiratory,Surgery,0,35-49,0.24623309023383688,Medium
57,Male,30.5,108,106,157,0,1,0,2,Other,Pulmonology,0,50-64,0.12168377215820128,Low
68,Female,23.3,126,65,196,0,6,2,4,Other,Cardiology,0,65-79,0.31824681824445394,Medium
64,Female,29.8,119,115,225,0,3,0,4,Other,Cardiology,0,50-64,0.1385285567556188,Low
40,Female,32.3,117,110,185,1,2,0,7,Other,Surgery,0,35-49,0.07431249846372687,Low
57,Female,26.4,111,102,209,0,5,0,1,Respiratory,Pulmonology,0,50-64,0.13323542179240638,Low
53,Male,27.1,124,132,184,0,5,1,2,Other,Surgery,1,50-64,0.1302618299434432,Low
71,Female,24.5,117,106,257,0,7,2,2,Hypertension,General Medicine,0,65-79,0.3114103794117996,Medium
75,Female,17.8,121,110,171,0,0,2,4,Other,General Medicine,1,65-79,0.4444720112090463,High
55,Female,23.6,99,76,186,0,5,0,1,Other,General Medicine,0,50-64,0.10038501865087675,Low
60,Male,26.4,140,77,259,1,2,1,9,Other,Cardiology,0,50-64,0.20240048595823484,Medium
71,Female,31.6,128,123,180,1,6,6,5,Cardiac,General Medicine,1,65-79,0.8813353421473951,High
54,Female,29.9,118,115,160,0,5,1,4,Other,Pulmonology,0,50-64,0.17093333055038368,Medium
58,Male,20.2,175,107,185,0,7,2,5,Other,General Medicine,0,50-64,0.23550080360922826,Medium
76,Female,29.2,163,117,221,0,2,1,3,Hypertension,Endocrinology,1,65-79,0.2685058562627563,Medium
57,Male,26.7,123,134,155,0,4,2,3,Cardiac,Pulmonology,0,50-64,0.3945463258095427,High
59,Female,24.1,114,66,187,0,5,2,7,Other,Endocrinology,0,50-64,0.30019075683668545,Medium
44,Male,25.4,116,75,189,0,7,1,5,Other,Endocrinology,0,35-49,0.1133880193831687,Low
48,Female,33.3,107,112,140,0,1,1,11,Other,General Medicine,0,35-49,0.18957412868500328,Medium
55,Male,20.6,123,89,130,1,7,2,13,Respiratory,Pulmonology,1,50-64,0.3227461213352713,Medium
70,Male,30.1,113,100,223,0,6,1,3,Other,Cardiology,0,65-79,0.2035305301679647,Medium
31,Male,28.1,111,114,142,0,6,0,5,Hypertension,General Medicine,0,18-34,0.04778807762119162,Low
49,Male,18.3,128,72,196,0,7,1,9,Other,Surgery,0,35-49,0.1330163873197119,Low
61,Female,30.7,126,78,228,0,2,2,7,Cardiac,General Medicine,1,50-64,0.46757930023956606,High
67,Male,23.3,107,123,176,0,5,0,2,Other,General Medicine,1,65-79,0.12952819447351505,Low
57,Female,20.2,135,88,264,1,4,2,3,Respiratory,Cardiology,1,50-64,0.30023882917944944,Medium
44,Male,33.7,111,85,232,1,4,1,8,Diabetes,Surgery,0,35-49,0.15425250408590807,Medium
66,Female,26.3,154,102,148,0,1,4,7,Cardiac,Surgery,1,65-79,0.7374518407575676,High
58,Female,21.7,103,127,212,0,3,0,5,Other,Pulmonology,0,50-64,0.1406805540692424,Low
62,Male,25.3,113,91,198,0,3,2,4,Other,Surgery,0,50-64,0.2819727605983649,Medium
42,Female,27.6,98,142,238,0,0,0,5,Diabetes,Endocrinology,0,35-49,0.12992408853542298,Low
58,Female,21.8,96,86,213,1,3,1,3,Other,Surgery,0,50-64,0.17621148278888496,Medium
51,Female,26.8,103,84,251,0,5,2,4,Other,Surgery,0,50-64,0.2223487406393408,Medium
48,Female,28.4,118,65,268,0,4,1,12,Cardiac,General Medicine,1,35-49,0.27529186892806484,Medium
34,Female,24.0,108,65,178,0,1,1,3,Other,General Medicine,0,18-34,0.11513332263635608,Low
34,Female,26.8,90,121,110,1,1,1,5,Other,Endocrinology,0,18-34,0.11817621958915411,Low
26,Male,31.3,120,129,193,1,6,0,5,Other,General Medicine,0,18-34,0.040593655254150735,Low
76,Male,27.1,145,114,200,0,6,0,5,Hypertension,General Medicine,1,65-79,0.15065025514169814,Low
44,Female,24.7,112,107,210,0,7,2,6,Other,Surgery,0,35-49,0.18394996163430538,Medium
88,Female,34.2,147,140,241,0,0,1,7,Hypertension,Surgery,0,80+,0.3663007845908311,High
22,Male,30.6,103,105,220,0,2,1,3,Other,General Medicine,0,18-34,0.07339176518456472,Low
50,Female,34.2,116,153,175,1,0,0,3,Diabetes,General Medicine,1,50-64,0.13502778464287546,Low
77,Male,27.7,126,120,192,0,4,2,7,Diabetes,Surgery,1,65-79,0.4569791516950709,High
33,Female,25.1,108,111,206,1,6,1,3,Other,Surgery,0,18-34,0.08070482368833154,Low
34,Male,28.4,105,79,217,1,5,0,6,Other,Endocrinology,0,18-34,0.056581006656007904,Low
60,Male,25.7,144,143,171,0,2,0,2,Hypertension,General Medicine,0,50-64,0.11093603253949025,Low
63,Female,16.0,134,65,138,1,7,1,2,Other,Cardiology,0,50-64,0.17157582434857216,Medium
55,Male,21.7,121,76,198,0,7,1,3,Other,Endocrinology,0,50-64,0.14409316231364666,Low
41,Female,21.9,141,65,198,0,3,0,3,Other,Endocrinology,0,35-49,0.07698464504835252,Low
52,Male,28.9,122,112,253,0,6,0,3,Cardiac,General Medicine,0,50-64,0.13927456482084516,Low
89,Male,24.8,124,65,172,1,4,3,6,Respiratory,General Medicine,0,80+,0.6490070845498842,High
74,Male,32.4,157,72,214,0,4,3,5,Other,Endocrinology,0,65-79,0.4819617858936005,High
56,Female,26.9,146,65,151,1,3,5,5,Hypertension,General Medicine,0,50-64,0.6296812026591382,High
40,Male,31.2,112,150,210,0,5,1,1,Diabetes,General Medicine,0,35-49,0.1297652357945315,Low
48,Female,28.3,104,152,214,0,1,0,3,Diabetes,Surgery,0,35-49,0.12561833685399243,Low
82,Male,31.3,115,88,205,1,6,4,4,Respiratory,Pulmonology,0,80+,0.7027786045128123,High
73,Female,32.5,144,101,246,1,4,3,4,Cardiac,Surgery,1,65-79,0.6008147280167091,High
27,Female,25.6,137,106,169,0,7,1,2,Other,General Medicine,0,18-34,0.06991009576783119,Low
41,Male,26.8,139,91,226,0,1,0,8,Other,Cardiology,0,35-49,0.08428712818099116,Low
64,Male,20.9,150,65,192,0,2,2,3,Hypertension,General Medicine,0,50-64,0.2977799624554436,Medium
85,Female,30.7,120,98,197,0,1,1,3,Hypertension,Surgery,1,80+,0.3213223742778146,Medium
28,Female,28.8,106,75,185,0,1,0,3,Diabetes,Cardiology,0,18-34,0.07781077910438287,Low
56,Female,23.2,113,136,217,1,1,0,4,Respiratory,Surgery,0,50-64,0.13852307417182336,Low
77,Male,32.9,151,114,213,0,5,2,3,Diabetes,Cardiology,0,65-79,0.4185612152768122,High
74,Female,31.7,135,142,207,1,2,0,7,Cardiac,Cardiology,1,65-79,0.28711694622196987,Medium
30,Female,20.3,108,95,225,0,6,0,4,Other,Pulmonology,0,18-34,0.05799419990241936,Low
43,Male,21.9,114,87,240,0,2,1,3,Other,General Medicine,1,35-49,0.13022925988215617,Low
62,Female,19.0,124,101,165,0,3,2,5,Cardiac,General Medicine,1,50-64,0.46535575809817054,High
45,Female,27.9,110,65,227,1,1,0,4,Cardiac,General Medicine,0,35-49,0.15157965073709298,Medium
65,Male,32.0,112,96,163,0,1,1,3,Other,Surgery,0,65-79,0.20476132405986372,Medium
54,Male,29.0,94,109,127,0,2,0,3,Other,Pulmonology,0,50-64,0.11351057649951046,Low
76,Male,27.7,139,121,220,0,7,0,3,Cardiac,Cardiology,0,65-79,0.22948845773235674,Medium
26,Male,34.6,119,120,199,0,7,1,7,Other,Cardiology,0,18-34,0.06922219124380383,Low
49,Female,23.0,118,99,170,0,7,0,1,Cardiac,General Medicine,0,35-49,0.13046651390092306,Low
78,Male,25.9,135,146,242,0,0,1,7,Diabetes,Pulmonology,0,65-79,0.4182238428752046,High
35,Female,22.2,130,94,188,1,7,0,1,Cardiac,Endocrinology,0,35-49,0.08682229370943904,Low
65,Male,25.7,115,112,153,0,3,1,2,Other,General Medicine,0,65-79,0.20394966076349902,Medium
42,Female,29.7,142,120,211,0,3,0,1,Hypertension,Cardiology,0,35-49,0.06723260930875656,Low
46,Male,31.5,98,80,170,1,1,1,1,Other,Surgery,0,35-49,0.11960475708621328,Low
77,Female,24.6,146,85,280,0,7,2,8,Other,General Medicine,0,65-79,0.3915392951766332,High
71,Female,29.9,132,113,189,0,5,1,7,Diabetes,General Medicine,0,65-79,0.3140563014525991,Medium
72,Male,27.5,119,88,179,0,3,3,2,Other,Surgery,1,65-79,0.4531199982132546,High
32,Female,21.9,117,65,158,0,5,1,3,Hypertension,Cardiology,0,18-34,0.08674730307928934,Low
60,Male,24.8,157,104,226,0,1,4,4,Hypertension,Cardiology,1,50-64,0.5328423094421753,High
59,Male,27.4,115,93,187,0,1,2,9,Other,Cardiology,0,50-64,0.32344390314359955,Medium
71,Female,31.3,133,85,250,1,2,1,1,Respiratory,Surgery,0,65-79,0.2562912517155955,Medium
76,Female,28.1,108,119,208,0,1,1,3,Respiratory,General Medicine,0,65-79,0.3481438294720711,High
18,Male,25.4,90,74,181,0,6,2,15,Diabetes,Pulmonology,0,18-34,0.17840639976654388,Medium
49,Female,38.6,102,141,220,0,1,2,3,Diabetes,Cardiology,1,35-49,0.30395602184353687,Medium
57,Female,21.8,123,65,225,0,1,1,1,Other,Cardiology,0,50-64,0.18899716725312332,Medium
63,Male,30.0,154,100,181,0,1,3,11,Other,Cardiology,1,50-64,0.4759865292289774,High
46,Male,35.9,124,65,154,0,7,1,3,Diabetes,Surgery,0,35-49,0.12930112130235752,Low
44,Female,16.0,94,65,185,1,1,0,2,Cardiac,Cardiology,0,35-49,0.1487693001901663,Low
55,Male,24.4,116,120,167,1,7,0,2,Cardiac,General Medicine,0,50-64,0.13762057107406042,Low
61,Male,30.4,124,126,233,0,7,2,2,Other,Surgery,0,50-64,0.22465953687122753,Medium
86,Male,30.7,130,139,216,0,3,1,3,Cardiac,General Medicine,0,80+,0.45402821314168745,High
45,Male,20.0,135,137,110,1,6,0,2,Diabetes,Surgery,0,35-49,0.080904874957618,Low
61,Male,30.6,133,117,229,0,6,1,8,Other,Pulmonology,0,50-64,0.19575414595298307,Medium
42,Male,27.8,105,98,166,0,1,1,3,Other,Cardiology,0,35-49,0.12741605111862478,Low
88,Male,37.0,121,129,178,0,1,5,11,Cardiac,General Medicine,1,80+,0.909748438034505,High
42,Female,31.2,144,143,196,0,6,3,3,Hypertension,General Medicine,0,35-49,0.25127946033618975,Medium
58,Female,23.4,126,108,204,1,2,2,2,Diabetes,General Medicine,0,50-64,0.3464686890709916,High
78,Female,35.5,129,89,160,0,1,0,2,Other,Endocrinology,0,65-79,0.19661839636632036,Medium
36,Male,24.1,130,114,176,0,6,1,3,Other,Pulmonology,0,35-49,0.09608568513361421,Low
34,Male,23.8,133,92,202,0,5,1,3,Other,Surgery,0,18-34,0.08178120212323721,Low
65,Female,23.7,125,96,233,1,2,1,7,Respiratory,Surgery,0,65-79,0.26567929275588803,Medium
44,Female,22.0,123,149,123,1,3,0,4,Other,General Medicine,0,35-49,0.08279196340793585,Low
82,Female,34.8,126,158,168,0,5,1,3,Diabetes,Endocrinology,0,80+,0.35986843044915423,High
42,Female,18.1,111,82,191,0,2,0,1,Other,General Medicine,0,35-49,0.08196164331993051,Low
37,Female,24.7,106,130,204,1,4,0,6,Other,Surgery,0,35-49,0.06482578154959767,Low
37,Female,24.8,90,65,208,1,5,0,1,Other,Endocrinology,0,35-49,0.06022891391973511,Low
56,Male,32.0,105,98,246,1,2,2,7,Cardiac,Endocrinology,0,50-64,0.40783173559384334,High
19,Female,29.5,98,113,147,1,2,1,2,Respiratory,Cardiology,0,18-34,0.08168104516908208,Low
58,Female,28.8,103,115,183,0,1,5,7,Respiratory,General Medicine,0,50-64,0.7524154042411381,High
61,Female,32.8,123,141,180,1,3,1,4,Other,General Medicine,1,50-64,0.1925912654551721,Medium
25,Female,29.9,107,95,161,1,6,1,4,Respiratory,Endocrinology,0,18-34,0.08650913840186995,Low
46,Female,20.6,149,65,226,0,4,0,4,Hypertension,Endocrinology,0,35-49,0.08236377801736294,Low
46,Female,29.0,113,135,173,0,4,1,2,Hypertension,Surgery,0,35-49,0.11737950227743586,Low
78,Male,32.2,147,106,229,0,2,6,6,Cardiac,General Medicine,1,65-79,0.9137966321266449,High
56,Female,36.6,110,177,163,0,2,2,6,Other,Endocrinology,0,50-64,0.2952822164885189,Medium
54,Female,30.4,153,89,220,0,3,1,5,Other,Endocrinology,1,50-64,0.17182657888776232,Medium
45,Female,31.2,115,144,166,0,4,0,5,Other,Surgery,0,35-49,0.07871163425956829,Low
73,Male,31.6,119,167,220,0,7,1,3,Other,General Medicine,0,65-79,0.21238488109437786,Medium
69,Male,32.7,138,127,212,0,0,0,4,Other,Cardiology,1,65-79,0.1584355002669972,Medium
29,Male,24.2,111,96,142,0,0,0,8,Other,Pulmonology,0,18-34,0.07295101746324074,Low
67,Male,24.6,126,65,187,0,5,2,4,Cardiac,General Medicine,1,65-79,0.44138043326591525,High
72,Female,31.6,106,85,165,0,6,0,5,Diabetes,Surgery,0,65-79,0.18932043393873876,Medium
58,Female,25.0,116,106,233,0,3,2,2,Respiratory,General Medicine,0,50-64,0.32616360206364375,Medium
71,Male,24.2,155,84,279,1,6,1,3,Hypertension,Pulmonology,0,65-79,0.20291936136903665,Medium
67,Female,31.1,114,134,205,0,1,1,1,Other,Endocrinology,0,65-79,0.2380447096470879,Medium
28,Male,26.3,109,155,126,0,1,0,5,Hypertension,Cardiology,0,18-34,0.05464833174545794,Low
44,Female,24.2,103,112,156,0,5,0,4,Hypertension,Surgery,0,35-49,0.07135565436268977,Low
58,Male,26.0,116,150,199,0,6,1,14,Diabetes,General Medicine,1,50-64,0.26120187337128103,Medium
51,Male,25.0,133,65,192,1,2,1,2,Cardiac,General Medicine,1,50-64,0.22834644359277376,Medium
40,Female,30.6,133,93,205,0,4,0,5,Other,Cardiology,0,35-49,0.07133654330986185,Low
33,Female,30.6,120,99,237,0,3,1,5,Other,General Medicine,0,18-34,0.10468738516136733,Low
33,Male,23.3,118,80,169,1,3,0,2,Respiratory,Surgery,0,18-34,0.06045137489633157,Low
21,Male,23.0,116,73,157,1,0,0,1,Cardiac,General Medicine,0,18-34,0.07420831233696983,Low
53,Male,25.4,143,143,180,0,2,0,1,Diabetes,General Medicine,0,50-64,0.12564541583259256,Low
50,Female,34.8,123,104,138,0,4,2,16,Other,General Medicine,1,50-64,0.29182914618289246,Medium
31,Male,21.5,123,72,190,0,0,0,2,Other,General Medicine,0,18-34,0.06101218436919847,Low
64,Male,25.4,99,108,263,0,7,1,3,Other,Cardiology,0,50-64,0.1772063389524199,Medium
38,Female,23.1,101,100,201,1,7,1,5,Respiratory,General Medicine,0,35-49,0.12295862071697745,Low
27,Male,25.0,123,132,193,0,4,1,2,Other,Pulmonology,0,18-34,0.0809765556969919,Low
33,Male,27.8,116,116,144,0,6,4,6,Hypertension,General Medicine,0,18-34,0.3173247775301138,Medium
37,Male,27.8,104,125,215,0,1,0,5,Cardiac,Cardiology,0,35-49,0.12372478492277923,Low
59,Male,34.7,107,133,160,0,3,0,6,Other,Pulmonology,0,50-64,0.1284752873505773,Low
40,Male,26.1,90,112,187,0,2,0,3,Diabetes,General Medicine,1,35-49,0.1002280298515047,Low
60,Male,41.7,97,148,200,0,0,0,6,Respiratory,Endocrinology,0,50-64,0.1652929108971195,Medium
53,Female,26.0,117,90,160,1,7,1,2,Respiratory,Surgery,0,50-64,0.14908112931709402,Low
78,Male,23.8,120,107,240,0,1,5,4,Hypertension,Cardiology,1,65-79,0.7763691185314916,High
53,Female,21.8,138,88,117,1,6,3,8,Respiratory,Pulmonology,0,50-64,0.4250731906424764,High
42,Female,31.0,128,121,204,0,1,2,5,Other,Surgery,1,35-49,0.2052335436918937,Medium
18,Female,35.3,93,146,110,0,1,1,5,Diabetes,Cardiology,0,18-34,0.10155679802219823,Low
52,Female,37.9,127,147,187,0,4,0,6,Other,Endocrinology,0,50-64,0.101317892557448,Low
69,Male,25.1,128,89,269,0,4,3,5,Respiratory,General Medicine,1,65-79,0.516481761685988,High
53,Female,23.7,134,65,177,0,1,1,2,Diabetes,General Medicine,0,50-64,0.2251176163834217,Medium
54,Female,34.1,143,129,195,0,7,0,3,Hypertension,General Medicine,0,50-64,0.08195167221118818,Low
59,Female,26.2,152,80,172,0,2,0,7,Other,Surgery,0,50-64,0.12565000997661716,Low
52,Female,36.7,126,152,134,0,5,2,8,Respiratory,Endocrinology,0,50-64,0.2924136230884124,Medium
64,Male,24.1,107,138,169,0,5,1,3,Cardiac,Cardiology,0,50-64,0.29574716079508334,Medium
40,Female,33.1,111,121,219,0,4,2,4,Diabetes,Surgery,0,35-49,0.2230022651393469,Medium
51,Female,28.8,149,99,236,0,7,1,7,Hypertension,General Medicine,0,50-64,0.13765486190088186,Low
45,Male,29.6,90,73,229,1,7,0,2,Respiratory,Endocrinology,0,35-49,0.077534787535198,Low
70,Male,28.6,121,160,155,0,5,0,3,Other,Pulmonology,0,65-79,0.1472633131300243,Low
81,Female,29.7,126,122,219,1,1,0,8,Respiratory,Cardiology,0,80+,0.2723523553095584,Medium
82,Female,22.3,131,65,161,0,3,2,4,Cardiac,Cardiology,0,80+,0.58858133307667,High
46,Female,27.5,102,65,145,0,5,0,1,Other,Surgery,0,35-49,0.07135363505716698,Low
54,Male,26.9,144,115,129,0,7,0,3,Hypertension,Surgery,0,50-64,0.07220152085069811,Low
64,Female,29.8,116,72,179,0,7,2,5,Other,General Medicine,1,50-64,0.289659312782503,Medium
50,Female,27.2,153,84,198,0,3,1,8,Other,General Medicine,0,50-64,0.16770262444556208,Medium
35,Male,23.4,105,103,148,0,5,0,2,Cardiac,Cardiology,0,35-49,0.0936583606567933,Low
57,Male,29.8,117,113,146,0,1,0,5,Diabetes,Surgery,0,50-64,0.14877570840251225,Low
49,Female,26.6,117,129,244,0,2,0,3,Other,Cardiology,0,35-49,0.09799344710297342,Low
36,Female,32.1,137,79,193,0,7,0,3,Other,General Medicine,0,35-49,0.053484049218435074,Low
59,Female,29.6,112,120,205,0,5,2,3,Respiratory,Surgery,0,50-64,0.2966793254926627,Medium
49,Male,26.1,111,79,191,1,2,3,3,Respiratory,Surgery,0,35-49,0.3536676453432627,High
31,Female,29.9,127,105,228,0,5,1,2,Other,General Medicine,0,18-34,0.08422837926494836,Low
50,Female,28.5,130,65,211,1,4,1,7,Cardiac,General Medicine,0,50-64,0.24484428932965577,Medium
73,Male,27.4,90,104,205,0,2,1,9,Other,Surgery,0,65-79,0.2802316808556218,Medium
72,Female,30.1,155,130,149,0,3,1,9,Hypertension,Cardiology,0,65-79,0.2642973822073254,Medium
65,Male,33.5,138,98,220,1,0,0,4,Cardiac,Surgery,0,65-79,0.2091064423113045,Medium
54,Female,29.4,120,101,226,0,4,0,7,Other,General Medicine,0,50-64,0.11311289666914626,Low
59,Male,16.0,153,65,185,0,7,0,1,Hypertension,Surgery,0,50-64,0.08143196082266921,Low
51,Male,29.4,90,137,186,0,1,0,4,Other,General Medicine,0,50-64,0.10588247244705053,Low
56,Male,22.2,109,65,186,0,7,3,6,Hypertension,General Medicine,0,50-64,0.3431390155939148,High
40,Female,34.8,150,143,173,0,4,0,3,Diabetes,Endocrinology,0,35-49,0.09000714381041937,Low
73,Female,28.4,138,206,204,0,0,0,6,Cardiac,Pulmonology,0,65-79,0.3316128122686843,Medium
42,Male,23.5,115,144,162,0,0,2,7,Diabetes,General Medicine,1,35-49,0.29391745665742525,Medium
78,Male,23.4,121,86,222,0,5,2,6,Cardiac,Cardiology,1,65-79,0.5344696471117704,High
18,Male,24.0,90,110,160,0,6,0,2,Hypertension,General Medicine,0,18-34,0.03226197879466512,Low
45,Female,22.1,120,65,198,1,5,0,2,Cardiac,Cardiology,0,35-49,0.12275946917903188,Low
53,Male,21.7,123,131,224,1,3,0,1,Diabetes,Cardiology,0,50-64,0.11804827828444035,Low
67,Male,24.0,150,84,128,0,1,2,6,Respiratory,Cardiology,0,65-79,0.3975940658768045,High
68,Female,31.7,131,131,252,0,7,1,2,Other,Cardiology,0,65-79,0.19175509869894788,Medium
47,Female,24.0,111,108,176,0,5,0,10,Other,General Medicine,1,35-49,0.10122644894392101,Low
67,Female,20.7,128,74,238,1,2,1,7,Cardiac,Endocrinology,1,65-79,0.3817565241060731,High
67,Male,37.0,130,69,155,1,0,1,1,Cardiac,General Medicine,0,65-79,0.3198993352108176,Medium
50,Female,28.4,97,124,219,1,1,0,2,Other,Surgery,0,50-64,0.09309868395290283,Low
66,Female,30.1,140,110,208,0,3,1,4,Cardiac,General Medicine,1,65-79,0.33965729782915527,Medium
29,Female,25.9,102,90,226,0,5,1,6,Other,General Medicine,0,18-34,0.09298336282334185,Low
45,Male,33.6,133,98,158,0,7,2,5,Respiratory,General Medicine,0,35-49,0.2042739785153309,Medium
66,Female,28.6,117,94,224,1,4,4,4,Other,Pulmonology,0,65-79,0.5932751173254521,High
52,Female,21.7,111,106,151,0,7,1,3,Other,Endocrinology,0,50-64,0.14564083949230047,Low
61,Female,33.5,108,126,189,0,1,1,2,Diabetes,Surgery,0,50-64,0.25048986372580107,Medium
40,Male,18.8,128,65,178,0,4,0,2,Cardiac,Cardiology,0,35-49,0.11009906382835093,Low
54,Female,21.4,112,75,235,0,3,0,1,Cardiac,General Medicine,0,50-64,0.17493815751717126,Medium
36,Female,31.2,106,116,130,0,5,1,3,Diabetes,Pulmonology,0,35-49,0.14149721202353477,Low
30,Male,28.9,121,82,195,0,6,1,2,Other,Endocrinology,0,18-34,0.07420014347045176,Low
35,Female,25.5,100,86,247,0,3,0,3,Cardiac,Endocrinology,1,35-49,0.11580626144007607,Low
74,Male,21.5,137,114,239,0,3,3,6,Cardiac,General Medicine,0,65-79,0.6601344259961099,High
46,Female,37.3,119,65,186,1,4,1,7,Other,Endocrinology,1,35-49,0.13660310090433525,Low
64,Male,26.4,136,141,186,0,6,3,5,Cardiac,General Medicine,1,50-64,0.5459840408818172,High
30,Male,32.2,113,126,159,0,0,0,5,Diabetes,General Medicine,0,18-34,0.08326657516905941,Low
46,Female,24.7,90,65,160,1,3,1,3,Hypertension,Endocrinology,0,35-49,0.13505970406510237,Low
68,Female,34.8,126,152,233,0,5,3,6,Diabetes,General Medicine,0,65-79,0.5416357535748474,High
55,Female,28.2,136,99,173,0,4,1,4,Other,General Medicine,0,50-64,0.16820487295293526,Medium
57,Female,24.1,132,76,197,0,3,0,2,Other,General Medicine,1,50-64,0.11286432338592613,Low
18,Male,22.2,108,65,175,0,6,1,6,Other,Endocrinology,0,18-34,0.06253057312020298,Low
95,Female,34.6,118,128,243,0,5,4,12,Cardiac,General Medicine,1,80+,0.8728438121722419,High
59,Female,24.7,116,96,162,0,6,2,3,Other,General Medicine,1,50-64,0.26460547792468286,Medium
28,Male,26.1,112,92,207,0,6,0,1,Other,General Medicine,0,18-34,0.04188539255725385,Low
50,Female,34.1,107,128,252,0,3,2,3,Other,Surgery,0,50-64,0.2218097180558936,Medium
38,Male,26.5,126,65,145,0,4,0,3,Other,Cardiology,0,35-49,0.06056194298320317,Low
61,Male,26.8,129,105,195,1,3,2,13,Cardiac,Surgery,1,50-64,0.44787895563244395,High
37,Male,35.1,143,96,173,1,6,1,5,Hypertension,General Medicine,0,35-49,0.08178981440726246,Low
59,Female,22.2,136,65,132,0,2,3,4,Other,General Medicine,1,50-64,0.426936865010039,High
60,Female,28.0,142,128,149,0,7,0,2,Hypertension,Surgery,0,50-64,0.08914871919929308,Low
44,Male,23.5,109,69,174,0,6,1,4,Diabetes,General Medicine,0,35-49,0.1521378192598318,Medium
65,Female,32.0,139,150,178,0,1,0,1,Diabetes,Endocrinology,0,65-79,0.18559679820031968,Medium
54,Male,35.8,113,82,193,0,5,1,3,Other,General Medicine,0,50-64,0.14228687404573656,Low
43,Female,21.2,137,91,189,0,3,1,4,Respiratory,Surgery,0,35-49,0.14988276416897683,Low
53,Female,24.2,119,70,208,0,1,1,6,Other,Cardiology,0,50-64,0.19178740332445493,Medium
54,Female,24.8,98,74,177,0,7,0,1,Hypertension,General Medicine,0,50-64,0.0854043323644593,Low
52,Male,30.7,115,165,194,0,7,4,4,Diabetes,Surgery,1,50-64,0.49022889168780875,High
55,Male,25.0,147,75,240,0,2,0,4,Hypertension,Pulmonology,0,50-64,0.10932581734019277,Low
49,Male,22.0,136,69,131,1,2,0,10,Cardiac,Surgery,0,35-49,0.159689610457986,Medium
74,Male,18.6,116,83,236,0,7,1,1,Other,Cardiology,0,65-79,0.21493143626188838,Medium
57,Female,25.3,138,119,234,0,0,0,4,Cardiac,Cardiology,0,50-64,0.2123691416932143,Medium
72,Female,39.5,130,115,157,1,5,3,5,Other,Endocrinology,0,65-79,0.4639607861208613,High
77,Male,27.9,124,104,212,0,1,0,2,Other,Cardiology,0,65-79,0.1824084922155524,Medium
56,Female,29.9,132,137,189,1,7,1,8,Cardiac,General Medicine,0,50-64,0.256642631347107,Medium
70,Male,24.6,128,100,219,0,0,1,4,Other,Surgery,0,65-79,0.24679425860362708,Medium
53,Male,21.7,118,73,170,0,4,0,3,Other,Endocrinology,1,50-64,0.09656681828335703,Low
48,Female,29.3,97,65,173,0,0,1,2,Respiratory,Surgery,0,35-49,0.1818487001997229,Medium
76,Female,28.8,105,65,243,1,0,0,4,Cardiac,General Medicine,0,65-79,0.31474125300370687,Medium
66,Male,26.2,112,93,270,0,6,1,11,Other,General Medicine,0,65-79,0.22974436574156568,Medium
56,Male,25.2,113,125,185,0,5,2,8,Other,Pulmonology,0,50-64,0.28478136271308346,Medium
43,Female,29.2,110,86,193,0,0,1,2,Other,Cardiology,0,35-49,0.14093050082472258,Low
62,Female,34.9,111,82,145,0,2,1,2,Other,General Medicine,0,50-64,0.20305257293491896,Medium
65,Male,22.7,101,154,200,1,6,0,2,Respiratory,General Medicine,0,65-79,0.13776474256687943,Low
50,Male,32.3,109,139,157,0,1,1,6,Hypertension,General Medicine,0,50-64,0.15921854173693928,Medium
56,Male,28.7,104,99,190,0,2,1,2,Hypertension,Surgery,0,50-64,0.15298609352560272,Medium
59,Male,33.6,115,122,210,0,1,1,7,Diabetes,General Medicine,0,50-64,0.26464716170836955,Medium
27,Male,28.8,127,93,179,0,5,1,1,Other,Pulmonology,0,18-34,0.07336436181770604,Low
83,Female,29.4,166,142,219,0,7,0,3,Diabetes,Surgery,0,80+,0.2146912698767965,Medium
67,Female,18.2,123,78,185,0,1,0,3,Cardiac,Endocrinology,1,65-79,0.2661425342893643,Medium
22,Female,27.7,122,107,235,0,3,1,3,Other,General Medicine,1,18-34,0.07540402596703723,Low
77,Male,30.7,132,97,242,0,4,1,2,Cardiac,General Medicine,0,65-79,0.3714774416763117,High
68,Male,18.9,111,127,110,0,7,0,6,Other,General Medicine,1,65-79,0.13696289432988373,Low
42,Female,28.8,112,118,130,0,7,0,4,Hypertension,General Medicine,0,35-49,0.06477944235517648,Low
37,Male,29.1,144,65,161,0,7,0,5,Hypertension,Cardiology,0,35-49,0.050186817485429275,Low
54,Male,18.5,119,110,222,0,0,1,3,Other,General Medicine,0,50-64,0.18608867786488595,Medium
42,Female,25.2,117,78,143,0,4,1,4,Other,Surgery,0,35-49,0.1170343008055198,Low
60,Female,29.1,117,108,204,1,2,0,4,Hypertension,General Medicine,1,50-64,0.1214285066200343,Low
80,Female,23.8,142,125,206,1,1,2,10,Cardiac,General Medicine,0,80+,0.6263545785912629,High
30,Female,27.2,111,65,150,0,2,1,5,Other,General Medicine,0,18-34,0.10271513553191675,Low
54,Male,26.1,129,98,152,0,6,0,5,Other,Pulmonology,0,50-64,0.0984364661574579,Low
82,Female,33.2,154,106,169,0,6,0,2,Other,Pulmonology,0,80+,0.18593457823867413,Medium
88,Female,28.0,143,145,264,1,1,2,4,Diabetes,Cardiology,1,80+,0.5687469235897242,High
61,Female,27.8,141,117,171,1,3,1,2,Cardiac,General Medicine,1,50-64,0.28696296744422417,Medium
45,Female,26.4,131,94,189,0,1,1,1,Other,General Medicine,0,35-49,0.13975531627060492,Low
65,Female,20.7,115,124,186,1,0,0,5,Cardiac,Endocrinology,0,65-79,0.26524031411003146,Medium
40,Male,26.0,120,116,206,0,6,1,4,Other,Cardiology,0,35-49,0.1007755545341909,Low
39,Female,16.0,99,77,188,0,3,2,4,Other,General Medicine,0,35-49,0.20346712991089877,Medium
76,Male,31.2,143,147,198,1,0,1,3,Hypertension,Cardiology,0,65-79,0.2569618448971269,Medium
58,Female,30.3,153,131,269,1,0,2,4,Diabetes,General Medicine,1,50-64,0.365409912958672,High
64,Female,31.7,93,98,215,0,2,1,1,Diabetes,Cardiology,0,50-64,0.2705866030792908,Medium
37,Male,22.6,117,86,186,0,0,2,3,Cardiac,Endocrinology,0,35-49,0.29720508126520967,Medium
48,Female,22.6,120,100,207,0,7,0,2,Other,Pulmonology,0,35-49,0.08320464060134941,Low
46,Male,26.8,136,89,247,1,0,1,4,Other,Surgery,0,35-49,0.13179024805415118,Low
39,Female,27.8,118,84,161,0,6,0,4,Other,General Medicine,0,35-49,0.0650715133970601,Low
62,Female,16.7,139,145,209,0,1,1,4,Cardiac,General Medicine,1,50-64,0.35212594946408965,High
57,Female,31.5,128,69,184,0,5,0,1,Other,Cardiology,1,50-64,0.09641982034820067,Low
39,Male,31.7,107,91,200,1,1,2,3,Cardiac,General Medicine,1,35-49,0.2789094719493196,Medium
71,Male,29.8,100,104,193,0,2,2,3,Other,Cardiology,0,65-79,0.3548988788923853,High
47,Male,35.1,111,134,185,1,7,0,1,Diabetes,Endocrinology,0,35-49,0.08370181080280163,Low
33,Female,24.9,115,90,169,0,1,2,3,Other,Pulmonology,0,18-34,0.18756174721595706,Medium
45,Male,29.0,120,132,198,1,4,1,2,Other,General Medicine,0,35-49,0.11328038086794028,Low
57,Male,27.3,117,88,175,0,1,0,3,Other,Endocrinology,0,50-64,0.11829976892806467,Low
54,Male,23.1,113,136,214,0,2,1,7,Other,Endocrinology,0,50-64,0.18938656741074653,Medium
48,Male,25.3,98,65,184,0,1,1,1,Other,General Medicine,0,35-49,0.1456950088401684,Low
68,Female,27.8,141,124,199,0,1,1,4,Hypertension,General Medicine,0,65-79,0.2431483611354135,Medium
61,Male,31.4,109,73,177,1,1,2,2,Cardiac,Surgery,0,50-64,0.3936405600140389,High
27,Male,31.5,137,131,163,0,7,0,2,Other,Endocrinology,0,18-34,0.03830427399182421,Low
34,Male,23.8,124,125,220,0,7,0,10,Other,Endocrinology,0,18-34,0.06107209929983297,Low
95,Female,25.6,155,100,243,0,5,2,10,Hypertension,Surgery,1,80+,0.5186255909919034,High
85,Male,28.5,136,119,200,0,2,3,2,Cardiac,General Medicine,0,80+,0.7060426676952392,High
28,Male,22.3,129,103,180,0,1,0,4,Other,General Medicine,0,18-34,0.05634877254910518,Low
93,Female,28.0,120,98,224,1,1,2,20,Cardiac,General Medicine,0,80+,0.7648453622214079,High
43,Male,27.0,125,71,218,0,5,0,10,Respiratory,Endocrinology,1,35-49,0.10005541498070986,Low
46,Female,19.0,133,72,130,0,6,0,2,Diabetes,General Medicine,1,35-49,0.10158007069715254,Low
48,Female,26.7,112,126,209,0,0,0,5,Other,Cardiology,0,35-49,0.10942411572060987,Low
59,Female,27.5,135,125,207,0,7,0,1,Hypertension,Cardiology,0,50-64,0.09102702334288533,Low
83,Male,30.1,136,69,205,0,0,2,4,Diabetes,Surgery,1,80+,0.5166029829495723,High
81,Female,19.7,111,78,176,0,7,2,9,Other,Cardiology,1,80+,0.4376729279569192,High
80,Female,21.7,141,65,212,0,0,0,4,Other,General Medicine,0,80+,0.23091486405588862,Medium
66,Male,16.0,139,129,208,0,3,0,18,Cardiac,General Medicine,0,65-79,0.3080728322025385,Medium
62,Male,30.2,140,121,245,0,4,2,7,Respiratory,Endocrinology,1,50-64,0.3446341707915593,High
52,Male,30.6,113,126,174,0,7,2,3,Other,General Medicine,0,50-64,0.20154384380565987,Medium
42,Female,32.3,113,119,212,0,2,2,5,Other,Endocrinology,0,35-49,0.21604078947035762,Medium
93,Female,28.7,135,91,245,0,0,2,13,Other,Cardiology,1,80+,0.6121981872522637,High
47,Male,27.6,122,78,274,0,6,0,6,Other,Endocrinology,0,35-49,0.07976081745474727,Low
27,Female,26.7,90,151,197,1,5,2,5,Diabetes,General Medicine,0,18-34,0.17573466163835488,Medium
76,Female,33.5,122,151,261,1,6,2,6,Diabetes,General Medicine,0,65-79,0.4442480400474684,High
42,Male,28.3,111,139,267,0,0,1,1,Other,General Medicine,0,35-49,0.12864360692360244,Low
63,Male,32.5,110,101,125,0,2,1,4,Other,Cardiology,0,50-64,0.20267826825473115,Medium
61,Male,25.8,117,86,192,0,2,0,2,Other,General Medicine,0,50-64,0.12217104602389042,Low
29,Female,26.0,98,92,211,0,7,2,7,Other,Surgery,1,18-34,0.1318375855394937,Low
55,Male,20.2,144,85,148,0,4,0,13,Hypertension,Pulmonology,0,50-64,0.12899560473651894,Low
64,Male,26.9,116,95,190,0,3,1,4,Other,General Medicine,0,50-64,0.20718920315480308,Medium
35,Male,30.8,97,111,128,0,5,1,6,Other,Pulmonology,1,35-49,0.10580699926687884,Low
67,Male,27.1,108,129,179,0,1,1,1,Other,Pulmonology,0,65-79,0.23926575578518042,Medium
55,Male,23.9,107,76,143,0,4,0,9,Other,Endocrinology,0,50-64,0.11850169132028444,Low
55,Female,25.7,121,107,200,0,1,0,6,Other,Endocrinology,0,50-64,0.13128687904184683,Low
74,Male,26.6,138,117,198,0,6,0,1,Cardiac,Surgery,0,65-79,0.20771076771165098,Medium
62,Female,33.1,122,134,193,0,5,0,2,Diabetes,Surgery,1,50-64,0.14153521332824548,Low
40,Male,25.2,120,93,143,0,3,1,3,Other,Pulmonology,0,35-49,0.12070326284291558,Low
38,Male,31.6,111,112,230,1,5,1,2,Other,Surgery,1,35-49,0.08377706007416538,Low
70,Male,30.2,121,84,149,0,1,1,3,Diabetes,Surgery,0,65-79,0.28883689057239953,Medium
50,Male,20.5,122,128,216,0,1,2,4,Other,Surgery,0,50-64,0.23704999828001394,Medium
53,Female,24.4,129,65,130,0,1,1,8,Other,Cardiology,0,50-64,0.19740390165762203,Medium
45,Female,33.5,114,100,223,0,3,1,3,Diabetes,Surgery,0,35-49,0.16362698549005783,Medium
65,Female,27.2,141,86,189,1,6,4,7,Diabetes,Pulmonology,1,65-79,0.6523889403862099,High
51,Male,16.0,123,115,167,1,0,0,6,Other,Pulmonology,0,50-64,0.12076973332162212,Low
43,Female,25.3,130,103,198,1,2,1,4,Cardiac,Pulmonology,0,35-49,0.22758618928146612,Medium
60,Female,24.1,110,171,214,0,5,3,8,Diabetes,Surgery,1,50-64,0.4973861476861478,High
62,Male,30.6,98,65,198,0,4,1,5,Other,Pulmonology,1,50-64,0.20760139752433726,Medium
95,Female,26.4,156,84,185,0,1,3,5,Hypertension,Surgery,1,80+,0.655005962376883,High
35,Female,26.1,123,86,168,0,7,0,3,Other,General Medicine,1,35-49,0.054595927230887874,Low
73,Female,38.5,134,90,149,0,4,1,2,Other,Endocrinology,0,65-79,0.2355524071695005,Medium
44,Female,30.9,126,94,216,1,3,0,2,Diabetes,Endocrinology,1,35-49,0.10108864822763781,Low
55,Male,25.1,126,156,153,0,0,2,4,Other,Cardiology,0,50-64,0.2800209062419598,Medium
68,Female,22.3,147,114,189,1,2,1,3,Diabetes,Cardiology,0,65-79,0.28990296597860454,Medium
59,Female,30.7,159,96,187,1,0,2,2,Hypertension,Surgery,0,50-64,0.2587167757322826,Medium
78,Female,31.9,146,114,248,0,5,1,2,Hypertension,Surgery,0,65-79,0.2318382561447085,Medium
62,Male,22.6,114,80,330,0,4,1,5,Other,Cardiology,0,50-64,0.19722701889308566,Medium
51,Male,25.8,107,104,191,1,4,0,6,Other,General Medicine,0,50-64,0.09302505876590017,Low
53,Female,27.7,90,85,179,0,4,0,2,Other,Surgery,0,50-64,0.0937164245276447,Low
18,Female,35.0,112,149,122,1,4,1,5,Diabetes,Endocrinology,1,18-34,0.08612089295984521,Low
39,Male,21.6,115,93,181,0,4,0,2,Other,Endocrinology,0,35-49,0.06536702364571458,Low
63,Male,31.8,117,161,169,0,3,0,1,Diabetes,Cardiology,0,50-64,0.15269778448336993,Medium
70,Female,23.3,141,98,195,0,6,1,2,Hypertension,Surgery,1,65-79,0.19341062302584916,Medium
65,Female,23.8,128,109,209,1,0,1,1,Respiratory,General Medicine,0,65-79,0.26600848229013035,Medium
64,Female,22.2,124,118,174,0,0,0,5,Other,General Medicine,0,50-64,0.16645080294623393,Medium
48,Female,33.8,128,104,211,0,5,1,2,Other,Cardiology,0,35-49,0.12583385334516073,Low
93,Male,22.3,144,72,234,1,2,1,8,Hypertension,Endocrinology,0,80+,0.3891270684081729,High
18,Female,30.5,104,106,131,1,5,0,2,Cardiac,Pulmonology,1,18-34,0.06469406008607213,Low
60,Male,32.6,113,128,228,0,4,0,5,Other,General Medicine,0,50-64,0.11606457512440974,Low
31,Male,25.0,108,114,161,0,6,1,2,Hypertension,Surgery,0,18-34,0.0689799725989854,Low
60,Female,20.5,90,86,180,0,4,0,5,Cardiac,Cardiology,1,50-64,0.21462795356711015,Medium
70,Male,31.9,143,106,173,0,7,3,2,Hypertension,General Medicine,0,65-79,0.38906643911222283,High
43,Female,29.2,114,130,210,0,0,0,6,Other,Surgery,0,35-49,0.09173889096621683,Low
32,Female,27.7,97,113,165,0,4,0,9,Other,Surgery,0,18-34,0.06394196313384189,Low
34,Male,35.2,115,91,195,1,5,0,4,Cardiac,Endocrinology,0,18-34,0.08797218181339266,Low
47,Female,25.5,110,120,200,0,6,2,4,Other,Endocrinology,1,35-49,0.21135759931972045,Medium
24,Male,25.4,92,108,241,0,5,0,2,Diabetes,Endocrinology,0,18-34,0.05703920882809895,Low
82,Male,25.7,136,99,229,0,0,1,4,Respiratory,Pulmonology,1,80+,0.3981078583908414,High
50,Male,22.0,90,85,245,1,6,0,5,Cardiac,Surgery,0,50-64,0.13190381267129928,Low
80,Female,32.5,97,110,161,0,2,2,13,Other,Cardiology,0,80+,0.5044248324277432,High
45,Male,25.4,132,130,186,0,2,1,7,Other,Endocrinology,1,35-49,0.14742871773226465,Low
67,Female,22.5,118,92,160,0,1,2,2,Respiratory,General Medicine,0,65-79,0.4085093909786927,High
57,Female,27.1,109,100,189,1,2,1,4,Respiratory,Endocrinology,0,50-64,0.22546543685415443,Medium
57,Male,29.3,117,86,243,1,0,0,1,Other,General Medicine,1,50-64,0.10976600237423162,Low
45,Male,29.6,109,107,233,0,5,0,6,Other,Surgery,0,35-49,0.07268713858291914,Low
84,Male,27.1,131,143,258,0,1,2,4,Other,Surgery,1,80+,0.4428359855647891,High
51,Female,32.2,121,71,197,1,1,0,1,Hypertension,General Medicine,0,50-64,0.09063302504102558,Low
61,Female,22.1,106,121,213,0,6,3,3,Cardiac,Surgery,0,50-64,0.5260685872338849,High
63,Female,27.8,107,129,198,0,2,1,17,Cardiac,General Medicine,1,50-64,0.43088203502255307,High
52,Male,27.9,106,106,180,0,2,1,3,Other,Endocrinology,0,50-64,0.16137747832087604,Medium
42,Female,25.1,130,111,119,0,6,2,4,Other,Surgery,1,35-49,0.16932844477431588,Medium
22,Female,30.0,123,103,135,0,1,1,3,Other,Endocrinology,0,18-34,0.08150209932424418,Low
55,Female,30.0,166,123,174,0,2,1,6,Cardiac,Cardiology,0,50-64,0.2820169615354901,Medium
36,Male,28.5,118,99,194,0,3,0,6,Other,Surgery,0,35-49,0.06155589011831785,Low
50,Female,22.0,113,127,192,0,7,0,2,Other,Pulmonology,0,50-64,0.0889918623336859,Low
68,Male,35.1,129,90,147,0,7,0,1,Cardiac,General Medicine,0,65-79,0.18016936030514522,Medium
73,Female,31.3,111,136,178,0,0,0,2,Other,General Medicine,1,65-79,0.1878358774125456,Medium
57,Female,24.5,122,65,193,0,2,1,10,Diabetes,Pulmonology,0,50-64,0.29947546237476297,Medium
54,Male,23.9,104,110,156,1,1,1,11,Cardiac,Endocrinology,0,50-64,0.3170928999713744,Medium
67,Female,31.1,121,65,160,1,7,2,3,Other,Endocrinology,1,65-79,0.2842447681454479,Medium
64,Female,23.0,120,114,221,0,2,1,2,Cardiac,Pulmonology,0,50-64,0.3568554002528957,High
79,Female,25.5,102,147,180,1,1,2,9,Other,Pulmonology,1,65-79,0.5005188749393825,High
40,Male,24.9,122,78,230,1,7,1,4,Respiratory,General Medicine,0,35-49,0.11314497791140551,Low
69,Male,38.3,117,113,199,0,3,2,13,Diabetes,Pulmonology,0,65-79,0.48201131381301177,High
46,Female,31.0,120,108,216,0,4,0,3,Diabetes,Cardiology,0,35-49,0.1077086755183255,Low
75,Male,28.2,115,98,262,0,0,0,4,Other,General Medicine,0,65-79,0.19422086043290654,Medium
44,Female,29.6,124,102,166,0,5,1,4,Other,Cardiology,0,35-49,0.12210939657323398,Low
35,Female,21.8,98,121,190,0,5,0,3,Other,Pulmonology,0,35-49,0.06795838608732094,Low
68,Female,27.9,110,131,243,1,3,3,7,Other,Cardiology,0,65-79,0.48836533844746866,High
74,Male,24.4,93,65,164,0,6,1,5,Other,General Medicine,0,65-79,0.24519556791369354,Medium
71,Female,30.7,116,144,240,0,2,1,2,Cardiac,Surgery,0,65-79,0.3593853046464988,High
45,Male,28.7,142,88,203,0,6,1,5,Other,Pulmonology,0,35-49,0.12258714257835258,Low
66,Male,38.0,112,138,137,1,2,2,5,Other,Cardiology,1,65-79,0.3103858079927185,Medium
81,Female,32.8,111,132,215,1,1,3,12,Respiratory,General Medicine,1,80+,0.682069833660581,High
64,Male,32.2,131,86,228,0,7,3,2,Other,Cardiology,1,50-64,0.35959175460836074,High
58,Female,31.4,136,86,160,0,0,1,4,Respiratory,General Medicine,1,50-64,0.24290525403373137,Medium
62,Female,20.6,133,80,148,0,3,2,6,Cardiac,General Medicine,0,50-64,0.4661304444968936,High
67,Male,29.5,127,66,155,0,2,2,4,Cardiac,Pulmonology,0,65-79,0.48749838538418,High
78,Female,36.0,148,98,142,0,2,0,8,Cardiac,Endocrinology,1,65-79,0.325054060625197,Medium
74,Female,27.9,139,139,240,0,6,2,3,Cardiac,General Medicine,1,65-79,0.4889725331580288,High
46,Female,31.9,104,128,229,0,5,1,1,Diabetes,General Medicine,0,35-49,0.16239358183022998,Medium
22,Male,36.3,124,125,184,0,2,2,4,Other,Surgery,0,18-34,0.10777924787781208,Low
70,Female,35.1,136,125,174,0,3,1,5,Other,General Medicine,0,65-79,0.2452658907828661,Medium
31,Female,25.4,107,102,259,0,2,1,4,Other,Surgery,0,18-34,0.09775133372974314,Low
49,Male,25.8,116,92,121,0,6,0,4,Other,Surgery,0,35-49,0.07363274759049726,Low
31,Female,28.1,104,68,224,0,7,2,13,Cardiac,General Medicine,0,18-34,0.26616061556130444,Medium
76,Male,22.8,118,105,187,0,0,1,8,Hypertension,General Medicine,1,65-79,0.31538583776461215,Medium
35,Female,23.2,107,90,234,0,1,3,6,Other,Pulmonology,0,35-49,0.3180560937338517,Medium
44,Male,31.8,117,120,237,0,5,0,5,Diabetes,Surgery,0,35-49,0.09054298792185272,Low
67,Male,21.3,138,79,266,0,1,1,5,Other,General Medicine,0,65-79,0.24375160510205615,Medium
67,Female,32.3,134,76,243,0,1,1,5,Other,General Medicine,0,65-79,0.2490493610225586,Medium
30,Female,34.5,100,113,184,0,3,1,1,Respiratory,Surgery,0,18-34,0.0985139239452695,Low
29,Female,36.0,107,167,165,0,0,0,6,Diabetes,General Medicine,0,18-34,0.08941415641390969,Low
69,Male,37.1,143,88,219,0,0,3,6,Other,Pulmonology,1,65-79,0.513987572263463,High
79,Female,24.6,119,93,239,0,3,2,2,Cardiac,General Medicine,0,65-79,0.5616338073711917,High
67,Male,30.9,109,92,202,0,2,3,13,Cardiac,Endocrinology,1,65-79,0.668430884233479,High
65,Female,16.0,149,119,190,1,7,1,3,Cardiac,Surgery,1,65-79,0.2728965001420009,Medium
39,Female,25.8,111,81,191,0,7,0,3,Other,Surgery,0,35-49,0.05726170095930522,Low
88,Female,29.0,148,68,206,0,6,3,5,Cardiac,Surgery,1,80+,0.6980257130161633,High
35,Male,27.3,99,73,216,0,4,1,7,Other,General Medicine,0,35-49,0.10706602255240975,Low
76,Female,30.1,123,140,142,0,3,4,5,Other,Pulmonology,0,65-79,0.6856072263695038,High
46,Male,37.2,124,112,223,0,0,5,6,Cardiac,Cardiology,1,35-49,0.7267528187511154,High
43,Male,37.3,107,104,185,0,1,4,10,Other,General Medicine,0,35-49,0.46984308249970996,High
54,Male,20.5,150,65,146,0,0,2,3,Other,Endocrinology,1,50-64,0.2707476712469006,Medium
43,Female,20.6,129,98,205,0,3,0,6,Other,Endocrinology,0,35-49,0.09008240124294407,Low
55,Female,27.1,116,121,210,0,5,0,2,Other,Endocrinology,0,50-64,0.10114276059139539,Low
74,Male,23.0,130,65,213,0,1,3,2,Diabetes,Surgery,1,65-79,0.5711072158619719,High
67,Female,16.0,115,83,185,0,0,2,12,Respiratory,Pulmonology,1,65-79,0.5188337266259822,High
61,Female,25.2,141,91,139,0,1,4,5,Cardiac,General Medicine,1,50-64,0.7184690240059114,High
53,Male,20.1,106,78,133,0,2,0,4,Other,Surgery,0,50-64,0.10066353517115009,Low
61,Male,23.5,116,107,174,0,7,1,3,Other,Cardiology,0,50-64,0.16230776596847993,Medium
87,Male,29.0,121,98,219,0,7,2,2,Other,Surgery,0,80+,0.3818954835729839,High
25,Female,21.7,126,119,172,1,2,1,2,Cardiac,Endocrinology,0,18-34,0.13744289901094572,Low
66,Female,33.5,140,136,110,1,2,3,2,Other,General Medicine,0,65-79,0.43546811946132286,High
54,Female,22.0,128,140,133,0,1,1,1,Other,Surgery,1,50-64,0.1665444062236877,Medium
74,Male,30.5,122,113,249,0,0,0,8,Cardiac,Cardiology,1,65-79,0.31070373795133577,Medium
18,Male,23.0,95,106,190,0,0,1,6,Other,Surgery,0,18-34,0.075273768526382,Low
57,Female,21.9,130,65,220,1,5,0,2,Cardiac,Surgery,1,50-64,0.15505979738555523,Medium
55,Female,42.1,124,109,186,0,6,0,2,Respiratory,General Medicine,0,50-64,0.10641565289012846,Low
28,Female,26.6,90,122,175,1,1,2,3,Other,Cardiology,0,18-34,0.15048766229486896,Low
57,Female,34.0,128,100,151,1,3,0,5,Diabetes,General Medicine,0,50-64,0.14662266266702634,Low
50,Female,31.8,103,73,186,0,5,0,1,Diabetes,Cardiology,0,50-64,0.11008145630015674,Low
58,Male,23.4,119,129,123,0,6,0,1,Other,General Medicine,1,50-64,0.09458853262583007,Low
63,Male,31.4,117,113,227,1,7,4,4,Respiratory,Endocrinology,0,50-64,0.5508703011272766,High
37,Male,27.0,107,147,136,0,4,0,4,Diabetes,Cardiology,0,35-49,0.08390104372465987,Low
48,Female,27.4,136,133,125,0,4,2,3,Other,Surgery,0,35-49,0.20257986327254557,Medium
61,Male,21.9,132,125,174,0,5,0,6,Other,General Medicine,0,50-64,0.12008982728602513,Low
95,Female,31.4,149,68,210,1,7,1,3,Hypertension,General Medicine,0,80+,0.32042261938644906,Medium
74,Female,34.8,110,114,146,1,2,2,10,Respiratory,Endocrinology,1,65-79,0.47981279739662436,High
41,Male,28.5,101,104,160,1,3,2,2,Other,Surgery,0,35-49,0.1606928755762721,Medium
83,Female,23.3,129,65,212,0,6,1,4,Other,Cardiology,1,80+,0.29570417582247677,Medium
55,Male,23.5,119,131,221,1,0,3,4,Cardiac,Surgery,1,50-64,0.518491000196826,High
49,Female,35.2,124,128,161,0,1,2,4,Other,Surgery,0,35-49,0.23165008022588165,Medium
54,Male,36.7,131,136,217,0,7,1,5,Cardiac,Cardiology,0,50-64,0.21600165570945792,Medium
61,Female,26.9,137,102,173,1,2,0,6,Other,General Medicine,0,50-64,0.13462993151057695,Low
65,Male,25.9,127,115,233,1,1,3,10,Respiratory,Surgery,1,65-79,0.5226557488459664,High
25,Male,32.4,120,124,154,1,6,1,4,Other,General Medicine,0,18-34,0.06338613419747464,Low
60,Female,21.6,113,111,245,0,2,2,8,Cardiac,Surgery,0,50-64,0.4646824141041687,High
74,Female,31.0,150,104,167,1,0,3,2,Cardiac,Surgery,0,65-79,0.6364585521070107,High
49,Female,23.7,119,96,134,1,6,1,6,Respiratory,Cardiology,0,35-49,0.16450969873905544,Medium
74,Male,19.1,117,104,201,1,1,1,4,Cardiac,General Medicine,1,65-79,0.40348248238396117,High
57,Female,30.4,134,128,178,0,3,0,12,Other,Pulmonology,0,50-64,0.15038878567468753,Low
39,Male,26.1,90,99,166,0,6,1,5,Other,Surgery,0,35-49,0.09809165322149892,Low
79,Male,25.0,151,96,183,0,7,2,9,Hypertension,Endocrinology,0,65-79,0.3797513373870405,High
44,Female,34.0,108,88,225,0,1,0,1,Diabetes,Surgery,0,35-49,0.10364605485441608,Low
50,Female,29.2,108,86,187,1,5,1,5,Other,General Medicine,0,50-64,0.14397240386427274,Low
64,Female,30.5,125,117,251,0,5,0,10,Other,Endocrinology,1,50-64,0.15100974756170474,Low
62,Male,31.6,113,105,148,0,0,2,14,Other,Cardiology,1,50-64,0.38116752683425936,High
63,Male,16.0,135,105,240,0,3,3,7,Other,Cardiology,0,50-64,0.4512937186494527,High
82,Male,23.0,132,93,255,0,7,3,5,Cardiac,Cardiology,0,80+,0.6592618901972749,High
56,Female,20.8,116,65,185,0,5,1,6,Cardiac,Surgery,0,50-64,0.2692350192185811,Medium
35,Female,32.4,119,87,131,1,1,0,4,Respiratory,Surgery,0,35-49,0.0755184271167121,Low
51,Female,34.9,103,154,190,1,7,1,4,Other,Cardiology,1,50-64,0.12935155247669047,Low
49,Female,24.0,98,74,200,0,6,0,1,Other,Cardiology,0,35-49,0.08078694574269685,Low
41,Male,22.5,143,94,167,0,5,2,5,Hypertension,Cardiology,0,35-49,0.16532272672798534,Medium
46,Male,25.4,130,108,174,0,7,2,6,Other,Cardiology,0,35-49,0.1850671715088321,Medium
53,Female,30.7,113,108,155,0,3,1,4,Diabetes,General Medicine,0,50-64,0.21832809126062702,Medium
83,Male,35.8,171,168,168,0,0,3,4,Hypertension,Surgery,1,80+,0.5421021746598115,High
28,Female,16.0,123,65,132,0,4,1,13,Cardiac,Cardiology,0,18-34,0.18451760581428653,Medium
38,Male,31.6,136,117,165,0,1,1,1,Other,General Medicine,0,35-49,0.10560017957884237,Low
73,Female,32.0,133,134,242,0,3,1,1,Other,General Medicine,1,65-79,0.24529978409624653,Medium
92,Female,26.6,127,133,237,0,3,2,6,Cardiac,General Medicine,0,80+,0.6727513537658733,High
82,Female,27.4,134,132,223,0,0,4,3,Other,Surgery,1,80+,0.706201764442997,High
80,Male,29.6,137,106,241,0,5,1,8,Other,Pulmonology,0,80+,0.30590457101314145,Medium
80,Male,26.9,118,96,169,0,1,0,5,Hypertension,General Medicine,0,80+,0.20568240852799147,Medium
76,Male,35.5,120,89,174,0,7,1,2,Respiratory,Endocrinology,1,65-79,0.2563800530359013,Medium
54,Male,18.8,133,121,208,0,4,1,8,Diabetes,Surgery,0,50-64,0.2133158495642771,Medium
57,Male,26.1,108,138,177,0,2,1,2,Other,Endocrinology,0,50-64,0.17941266614179324,Medium
38,Male,32.8,111,76,110,1,3,0,5,Other,Surgery,0,35-49,0.05888412795808692,Low
43,Male,26.9,118,65,204,0,0,0,3,Other,General Medicine,0,35-49,0.08461663821673987,Low
55,Female,39.7,112,123,169,1,4,1,3,Other,General Medicine,0,50-64,0.15363972943864473,Medium
50,Female,29.0,100,104,273,1,3,0,5,Other,General Medicine,0,50-64,0.09918098288157587,Low
49,Male,36.1,122,177,190,0,2,2,9,Diabetes,Cardiology,1,35-49,0.31017374773106754,Medium
32,Male,20.5,134,85,187,0,2,1,2,Cardiac,Endocrinology,0,18-34,0.15797583169408735,Medium
78,Female,30.8,106,117,251,0,2,1,5,Cardiac,General Medicine,1,65-79,0.4507754332014911,High
42,Male,25.2,110,143,187,0,3,0,5,Diabetes,Cardiology,0,35-49,0.10308587470568482,Low
83,Male,31.7,166,119,184,0,5,1,3,Hypertension,General Medicine,0,80+,0.25818450621981687,Medium
44,Female,26.5,122,96,117,1,0,0,4,Respiratory,Endocrinology,0,35-49,0.1116817879512833,Low
83,Female,32.7,118,65,259,1,2,4,7,Respiratory,Surgery,1,80+,0.7445736206218446,High
66,Male,24.7,124,105,221,0,6,2,13,Other,Pulmonology,0,65-79,0.3659822154991649,High
18,Male,28.0,114,151,218,1,7,0,5,Respiratory,Surgery,0,18-34,0.03621344366688403,Low
44,Female,26.2,104,76,185,0,1,2,2,Other,Endocrinology,0,35-49,0.2255896169490961,Medium
38,Male,29.0,119,143,206,1,6,1,8,Other,Cardiology,0,35-49,0.09994699688653494,Low
75,Female,27.5,137,116,187,1,0,3,7,Other,Endocrinology,1,65-79,0.5709577601814902,High
58,Female,26.2,112,86,223,0,7,1,4,Cardiac,Cardiology,0,50-64,0.26063337043023266,Medium
54,Female,27.2,127,106,137,0,2,2,8,Other,General Medicine,0,50-64,0.29529894264937195,Medium
57,Male,32.0,92,113,291,0,5,1,6,Cardiac,General Medicine,1,50-64,0.27229205087467584,Medium
43,Male,25.4,138,117,255,0,3,2,12,Other,Pulmonology,1,35-49,0.24550817854838447,Medium
59,Male,28.2,129,124,163,1,4,3,7,Respiratory,General Medicine,0,50-64,0.44026892894861147,High
33,Female,29.7,96,118,220,0,3,0,1,Other,Surgery,0,18-34,0.05519790594503773,Low
41,Male,33.3,114,153,194,1,6,0,2,Other,Surgery,0,35-49,0.05229991783654812,Low
76,Female,37.5,117,158,195,0,2,2,1,Other,Cardiology,0,65-79,0.3818358613764197,High
45,Female,26.2,117,157,110,1,0,1,5,Respiratory,General Medicine,0,35-49,0.18592369136599113,Medium
23,Female,28.6,137,108,165,0,5,1,3,Diabetes,Surgery,0,18-34,0.08576716928974112,Low
66,Male,25.7,139,65,170,0,2,3,5,Cardiac,General Medicine,0,65-79,0.6018491014522697,High
58,Female,26.2,135,122,197,1,7,1,6,Cardiac,Surgery,0,50-64,0.2437877226353365,Medium
27,Female,17.7,96,112,137,0,0,0,1,Other,Cardiology,0,18-34,0.05991001388538552,Low
50,Female,22.0,126,122,221,0,3,1,6,Other,General Medicine,0,50-64,0.1698639600503525,Medium
55,Male,30.4,108,93,238,0,3,0,5,Other,Endocrinology,0,50-64,0.10898921534542261,Low
19,Male,29.7,90,123,207,1,5,1,6,Respiratory,Surgery,0,18-34,0.07059248795945222,Low
60,Female,34.0,108,121,170,0,6,1,3,Diabetes,Cardiology,0,50-64,0.21980457142297236,Medium
19,Female,35.1,90,134,174,0,0,2,6,Other,General Medicine,0,18-34,0.13818910782787922,Low
57,Male,39.7,105,66,150,0,4,1,3,Cardiac,Surgery,1,50-64,0.23479774048271068,Medium
58,Female,25.5,118,68,152,0,0,2,2,Other,General Medicine,1,50-64,0.30673397500662136,Medium
71,Female,32.3,135,117,210,1,7,1,8,Respiratory,Surgery,0,65-79,0.24915320723414128,Medium
63,Female,30.4,134,99,163,0,0,2,6,Diabetes,Pulmonology,0,50-64,0.4485617869151905,High
77,Female,30.7,101,155,256,1,5,2,3,Diabetes,General Medicine,1,65-79,0.452622867509852,High
61,Male,28.0,133,99,197,0,6,2,3,Other,Pulmonology,0,50-64,0.26712073642593226,Medium
63,Female,25.1,126,128,126,0,4,3,6,Other,Cardiology,1,50-64,0.44363684141723,High
62,Female,19.9,105,101,249,0,3,1,2,Other,Cardiology,0,50-64,0.20849395620178715,Medium
63,Female,24.0,111,74,182,0,2,2,4,Other,General Medicine,0,50-64,0.334948482044843,Medium
76,Male,19.7,140,97,188,0,7,1,3,Other,Cardiology,1,65-79,0.22779089788331697,Medium
64,Male,23.9,128,65,192,1,0,2,2,Respiratory,Cardiology,1,50-64,0.3563373685874522,High
56,Male,31.4,118,143,139,0,1,1,5,Cardiac,General Medicine,0,50-64,0.2902348573543287,Medium
55,Male,20.0,106,117,153,0,2,4,7,Other,Cardiology,0,50-64,0.542290907372709,High
30,Male,30.3,90,106,177,0,2,1,5,Hypertension,General Medicine,0,18-34,0.09254888583379918,Low
60,Female,34.8,132,82,218,0,2,1,3,Diabetes,Cardiology,0,50-64,0.24554451395076066,Medium
79,Male,32.9,101,98,206,1,6,3,11,Other,Surgery,0,65-79,0.5189112674824283,High
20,Female,30.5,113,82,118,0,7,2,4,Cardiac,Cardiology,0,18-34,0.16300532341975188,Medium
73,Female,34.8,114,133,173,0,0,0,4,Diabetes,General Medicine,0,65-79,0.24703378932091288,Medium
52,Male,24.1,128,65,180,1,4,2,5,Hypertension,Endocrinology,0,50-64,0.2195627349310227,Medium
48,Male,31.4,118,138,167,0,3,0,5,Respiratory,General Medicine,0,35-49,0.10691155123805568,Low
64,Male,28.7,112,111,121,0,7,0,12,Other,General Medicine,0,50-64,0.13679487096805237,Low
95,Female,26.3,110,98,258,0,4,4,6,Other,General Medicine,1,80+,0.7812450382351732,High
83,Female,33.9,144,81,288,1,3,2,2,Cardiac,Cardiology,1,80+,0.5517039280587294,High
54,Female,29.8,90,89,147,0,0,3,3,Other,General Medicine,0,50-64,0.41371456456261557,High
54,Female,30.4,119,119,159,0,4,1,5,Other,General Medicine,0,50-64,0.1700057565946467,Medium
18,Female,29.1,120,83,223,0,5,0,4,Diabetes,Cardiology,0,18-34,0.05051193147219694,Low
55,Female,23.3,128,69,216,0,1,0,2,Other,Pulmonology,0,50-64,0.1256111881198808,Low
80,Male,27.2,122,117,233,0,6,0,4,Cardiac,General Medicine,0,80+,0.27369454218685485,Medium
22,Female,22.1,105,80,157,0,6,1,2,Other,Surgery,0,18-34,0.06223069109958644,Low
67,Male,30.8,139,82,206,0,4,0,2,Other,Surgery,0,65-79,0.11599523841502993,Low
68,Male,23.3,132,66,179,0,4,2,8,Cardiac,Cardiology,0,65-79,0.4828802887849934,High
74,Female,17.3,115,90,223,0,0,0,2,Other,Surgery,1,65-79,0.18950821092156425,Medium
18,Male,32.8,126,71,131,0,0,1,6,Other,Surgery,0,18-34,0.06833931761856281,Low
85,Female,24.6,99,96,240,1,6,1,1,Other,Pulmonology,1,80+,0.30751943930231185,Medium
56,Male,34.6,130,116,150,0,6,0,3,Hypertension,General Medicine,0,50-64,0.08420212704845738,Low
57,Female,17.2,132,66,202,1,2,0,3,Cardiac,Surgery,1,50-64,0.18126432065501613,Medium
46,Female,25.3,105,119,169,0,6,3,2,Other,Pulmonology,0,35-49,0.31073740133055067,Medium
51,Male,28.1,129,157,216,0,1,0,8,Other,General Medicine,0,50-64,0.11290788907231324,Low
76,Female,31.2,135,138,212,1,6,4,4,Diabetes,General Medicine,1,65-79,0.6859284092080573,High
50,Male,29.8,121,99,193,0,2,3,12,Other,Cardiology,0,50-64,0.39113039940214567,High
22,Male,29.1,100,107,179,0,6,1,3,Other,General Medicine,0,18-34,0.06238819599545277,Low
46,Female,27.8,102,87,165,0,1,0,4,Other,Surgery,0,35-49,0.09160160392616822,Low
20,Male,23.2,126,81,185,1,5,2,4,Other,Cardiology,0,18-34,0.09640376235985648,Low
59,Male,23.5,129,113,175,0,1,1,4,Other,General Medicine,0,50-64,0.19906954094605006,Medium
65,Female,19.6,103,137,210,0,1,2,2,Hypertension,Pulmonology,1,65-79,0.36198133742077726,High
27,Male,24.3,109,67,203,0,3,0,4,Other,Pulmonology,0,18-34,0.05472703575472946,Low
39,Female,22.3,114,111,239,0,5,0,3,Other,Endocrinology,0,35-49,0.06982469226801163,Low
57,Male,27.6,99,80,226,0,2,1,6,Other,Cardiology,1,50-64,0.19133452044575913,Medium
62,Male,27.5,124,65,125,1,5,2,9,Cardiac,Cardiology,1,50-64,0.4185176047847234,High
62,Male,31.5,146,98,180,0,6,1,6,Cardiac,Cardiology,1,50-64,0.2719777489494592,Medium
26,Male,33.9,109,73,198,0,1,0,4,Other,Pulmonology,0,18-34,0.05535630575808551,Low
23,Female,30.1,97,89,210,0,1,0,2,Other,Pulmonology,0,18-34,0.05436726189230358,Low
53,Female,33.7,122,121,191,0,2,1,5,Diabetes,Pulmonology,0,50-64,0.2408918881214213,Medium
63,Male,26.5,126,101,215,0,0,0,7,Respiratory,Surgery,0,50-64,0.17282827411983936,Medium
26,Male,29.1,92,88,202,1,3,1,5,Other,Pulmonology,0,18-34,0.08572448198377997,Low
40,Female,28.3,125,120,187,0,5,0,1,Other,General Medicine,0,35-49,0.06416444766278313,Low
36,Male,33.5,126,82,144,1,7,0,9,Respiratory,General Medicine,0,35-49,0.06747858465463197,Low
54,Male,24.1,122,84,167,1,6,3,5,Other,Surgery,0,50-64,0.30957919426917285,Medium
47,Male,28.1,123,153,223,0,7,0,4,Diabetes,General Medicine,0,35-49,0.09611807066963297,Low
62,Female,19.9,122,76,201,0,6,0,3,Cardiac,Pulmonology,1,50-64,0.2088699343417246,Medium
64,Male,24.9,106,72,128,0,3,3,4,Hypertension,General Medicine,1,50-64,0.4245065759519054,High
76,Female,30.4,121,82,221,0,5,2,7,Cardiac,Endocrinology,1,65-79,0.5467293314275244,High
60,Female,23.7,110,102,175,1,2,1,2,Other,Cardiology,0,50-64,0.19281536503552948,Medium
55,Male,26.6,106,95,241,0,2,0,5,Other,Surgery,0,50-64,0.10632783692853737,Low
67,Male,34.0,130,132,267,1,1,1,3,Other,Cardiology,0,65-79,0.21226948643165394,Medium
50,Female,24.0,116,88,254,0,7,1,5,Other,Cardiology,0,50-64,0.1396513716801337,Low
55,Female,25.8,111,108,243,0,7,0,1,Other,Endocrinology,1,50-64,0.09189017536472203,Low
66,Male,27.5,158,88,200,0,6,1,5,Hypertension,Cardiology,0,65-79,0.17868569121132782,Medium
33,Male,23.2,108,119,204,0,0,1,4,Other,General Medicine,0,18-34,0.11265768520470026,Low
79,Male,21.6,139,79,195,1,1,2,5,Other,General Medicine,0,65-79,0.4228063147505331,High
77,Male,31.0,106,114,193,0,2,3,4,Other,Pulmonology,1,65-79,0.5557009726908777,High
31,Female,34.2,112,85,205,1,2,0,8,Cardiac,Surgery,0,18-34,0.10173211383561491,Low
65,Male,20.3,137,116,201,0,5,2,9,Other,Pulmonology,0,65-79,0.34540111834450105,High
48,Male,19.7,135,110,183,0,3,0,6,Other,Surgery,0,35-49,0.08684940973315747,Low
45,Female,34.5,120,159,209,0,3,2,6,Diabetes,Pulmonology,0,35-49,0.29839985607535563,Medium
48,Female,44.5,126,190,176,0,1,1,5,Diabetes,Endocrinology,0,35-49,0.20359692601962848,Medium
25,Male,32.8,116,158,167,0,2,0,3,Hypertension,Surgery,0,18-34,0.04127335393358443,Low
68,Male,26.0,140,116,215,1,0,1,1,Cardiac,Surgery,0,65-79,0.3202836588278022,Medium
77,Male,29.7,117,90,168,1,3,0,5,Other,Endocrinology,1,65-79,0.1774903075711672,Medium
53,Female,19.3,122,90,170,0,6,1,3,Diabetes,Surgery,0,50-64,0.18570591241370446,Medium
40,Male,32.0,102,97,183,0,6,0,5,Other,Pulmonology,1,35-49,0.06837187920240316,Low
36,Female,27.0,110,65,159,0,4,0,2,Other,General Medicine,0,35-49,0.06273307745098095,Low
53,Female,24.4,112,72,155,0,3,2,4,Other,General Medicine,1,50-64,0.2638064796801081,Medium
60,Female,30.2,132,65,180,1,2,3,6,Hypertension,Endocrinology,0,50-64,0.41706393347943477,High
34,Female,29.4,124,107,178,0,7,1,4,Other,General Medicine,0,18-34,0.08856374451212705,Low
57,Male,41.1,128,153,193,0,7,2,4,Diabetes,General Medicine,1,50-64,0.27714350476578115,Medium
30,Female,29.0,123,131,127,0,1,1,2,Cardiac,Cardiology,0,18-34,0.15953657703631643,Medium
48,Female,18.8,124,110,186,1,5,1,10,Respiratory,Surgery,0,35-49,0.1774063424253796,Medium
32,Female,29.5,112,140,142,0,6,0,9,Respiratory,Cardiology,0,18-34,0.07393769761376606,Low
18,Female,31.3,90,103,170,0,5,2,5,Other,Surgery,0,18-34,0.10103531947364552,Low
39,Male,22.7,123,88,182,1,0,0,5,Other,Surgery,0,35-49,0.07175140095513115,Low
78,Female,35.6,109,117,195,0,5,1,2,Cardiac,Cardiology,0,65-79,0.38382092772994575,High
63,Male,22.5,125,123,146,0,5,0,3,Other,Cardiology,0,50-64,0.11568210071146288,Low
77,Female,34.8,120,105,207,1,6,2,4,Diabetes,Surgery,0,65-79,0.4133100349252816,High
64,Female,25.6,128,106,212,0,1,0,5,Cardiac,Cardiology,0,50-64,0.24643540812474035,Medium
66,Female,25.6,99,65,164,0,0,2,3,Cardiac,Cardiology,1,65-79,0.5079343439450456,High
38,Female,31.6,95,122,155,1,5,0,16,Respiratory,General Medicine,0,35-49,0.105742102442252,Low
77,Male,21.8,118,65,186,0,2,1,7,Other,General Medicine,1,65-79,0.30664144629240914,Medium
38,Female,27.5,123,112,156,1,7,0,6,Cardiac,Pulmonology,0,35-49,0.11109581874903197,Low
76,Female,27.4,136,142,193,0,0,3,3,Diabetes,General Medicine,1,65-79,0.6375692613777817,High
88,Male,22.5,126,83,188,0,3,1,3,Cardiac,General Medicine,1,80+,0.4781201906982609,High
70,Male,17.0,130,109,174,0,6,0,4,Other,Surgery,0,65-79,0.1310855727973827,Low
39,Female,29.3,106,108,267,0,4,2,1,Other,Surgery,0,35-49,0.1610777422562976,Medium
71,Female,25.0,127,87,149,1,1,2,3,Other,Cardiology,0,65-79,0.3686744001141766,High
44,Female,30.1,96,110,119,1,1,1,2,Other,General Medicine,0,35-49,0.13629582879518104,Low
81,Female,22.8,143,87,234,0,0,1,8,Other,Cardiology,0,80+,0.3662976620118077,High
66,Female,24.3,131,108,157,0,3,3,3,Other,Endocrinology,0,65-79,0.46277172855856685,High
53,Female,20.8,122,91,228,0,0,3,2,Other,General Medicine,0,50-64,0.4024612009087845,High
52,Female,37.6,139,144,184,0,7,1,3,Other,Cardiology,0,50-64,0.12812917876250118,Low
48,Female,28.1,121,126,215,1,2,2,13,Respiratory,General Medicine,0,35-49,0.3245880889988366,Medium
55,Female,27.2,106,98,136,0,7,2,2,Other,Cardiology,0,50-64,0.22572849452075935,Medium
50,Female,23.4,101,76,182,1,3,0,3,Cardiac,General Medicine,0,50-64,0.15934636227059581,Medium
30,Female,16.0,99,71,171,0,0,2,5,Respiratory,Cardiology,0,18-34,0.21946436014950296,Medium
18,Female,23.1,104,85,159,1,1,0,4,Respiratory,Endocrinology,0,18-34,0.055908184653095785,Low
79,Female,30.0,146,94,229,0,6,2,4,Hypertension,Surgery,0,65-79,0.350591246525531,High
72,Male,17.8,102,70,162,0,5,2,7,Other,General Medicine,0,65-79,0.37293673378002556,High
60,Female,28.7,119,72,168,0,3,3,7,Respiratory,Surgery,0,50-64,0.47314979956670056,High
61,Male,29.4,108,130,110,0,7,0,2,Other,Surgery,0,50-64,0.09181776814444403,Low
18,Male,23.1,132,114,197,0,5,1,2,Other,Endocrinology,0,18-34,0.05714676197433006,Low
35,Male,21.5,93,106,201,0,1,2,3,Other,General Medicine,1,35-49,0.17992413221290965,Medium
62,Male,24.6,102,105,176,1,5,1,4,Other,Surgery,0,50-64,0.16834895070420156,Medium
39,Female,33.5,146,145,236,0,5,1,2,Diabetes,General Medicine,0,35-49,0.1327255086111157,Low
47,Female,27.5,120,109,208,0,5,1,11,Other,Surgery,0,35-49,0.15037077616456973,Low
81,Male,23.8,148,65,194,0,3,0,10,Cardiac,Endocrinology,0,80+,0.3421935696807385,Medium
62,Male,30.1,124,65,170,0,2,0,2,Other,General Medicine,0,50-64,0.12127164179631339,Low
50,Male,27.6,136,116,167,0,4,0,7,Other,Endocrinology,0,50-64,0.0945503228390442,Low
57,Male,37.3,128,112,179,0,5,0,3,Diabetes,Surgery,0,50-64,0.11528535912347151,Low
45,Female,23.5,135,70,229,0,0,2,12,Other,Surgery,0,35-49,0.26922509503809894,Medium
46,Female,30.1,115,65,110,0,7,2,4,Other,Surgery,0,35-49,0.17728190699785112,Medium
45,Female,29.1,146,147,194,0,2,0,4,Hypertension,General Medicine,0,35-49,0.08375140104900033,Low
37,Female,22.6,98,91,212,0,0,0,6,Cardiac,General Medicine,0,35-49,0.14816166296269312,Low
46,Female,37.4,116,133,228,0,3,1,1,Cardiac,General Medicine,0,35-49,0.20933884935368466,Medium
71,Male,26.9,117,80,270,0,2,2,4,Other,Surgery,1,65-79,0.34532813745316915,High
51,Male,39.3,118,124,168,0,3,0,5,Cardiac,Cardiology,1,50-64,0.15066046566584118,Low
70,Male,18.0,154,112,171,0,1,1,3,Hypertension,Cardiology,0,65-79,0.23534579583577667,Medium
86,Male,23.8,126,73,166,0,0,4,12,Cardiac,Cardiology,0,80+,0.861321051602682,High
68,Male,35.1,162,129,181,1,0,1,5,Hypertension,Cardiology,0,65-79,0.2163719535884081,Medium
18,Female,20.8,90,75,159,0,6,0,2,Cardiac,General Medicine,0,18-34,0.06463205019908314,Low
44,Female,30.8,112,78,186,1,5,2,9,Respiratory,Cardiology,0,35-49,0.24412045784764597,Medium
63,Male,37.0,122,112,224,1,0,4,10,Respiratory,Endocrinology,1,50-64,0.6589266330106084,High
76,Female,32.2,126,105,235,0,7,6,4,Cardiac,Cardiology,1,65-79,0.8919023317949017,High
34,Female,33.2,107,102,205,0,0,1,2,Other,General Medicine,0,18-34,0.11282014908989065,Low
95,Female,16.9,124,65,200,1,0,2,5,Respiratory,General Medicine,0,80+,0.6308499769184986,High
39,Female,27.5,121,93,241,1,1,3,4,Other,Surgery,0,35-49,0.27687772376001646,Medium
73,Male,28.6,138,74,210,0,0,2,4,Cardiac,Endocrinology,0,65-79,0.536494273975052,High
54,Female,23.1,123,111,199,1,6,1,2,Respiratory,Surgery,0,50-64,0.16060424353194408,Medium
57,Female,19.0,137,96,202,0,5,3,6,Other,Pulmonology,0,50-64,0.41803019258578605,High
47,Female,24.4,130,117,198,1,2,0,2,Other,Endocrinology,0,35-49,0.08805696295397446,Low
40,Female,22.8,112,120,159,0,7,0,4,Other,General Medicine,0,35-49,0.0664993134350028,Low
42,Female,35.8,121,123,218,0,4,1,4,Other,General Medicine,1,35-49,0.12052183904753733,Low
64,Male,26.3,106,99,203,0,2,2,3,Other,Surgery,0,50-64,0.29868881203507647,Medium
41,Female,23.3,124,90,155,1,4,1,5,Other,Endocrinology,0,35-49,0.1218830093448396,Low
57,Female,34.3,124,156,225,1,6,2,6,Diabetes,Pulmonology,0,50-64,0.33092787781903654,Medium
42,Male,38.0,140,142,161,1,4,0,6,Respiratory,Surgery,0,35-49,0.07471004583386012,Low
75,Female,39.3,133,174,262,0,7,1,7,Diabetes,Endocrinology,0,65-79,0.3139459063591208,Medium
47,Male,25.3,122,86,175,0,0,0,5,Other,General Medicine,0,35-49,0.0993232592208112,Low
91,Male,23.4,139,84,166,1,2,1,1,Other,General Medicine,0,80+,0.3382938365898589,Medium
62,Male,37.8,112,97,140,1,7,1,4,Hypertension,General Medicine,0,50-64,0.1486776649132012,Low
18,Female,30.0,114,90,139,0,3,1,6,Hypertension,General Medicine,0,18-34,0.06920237148015942,Low
53,Male,25.9,133,98,197,0,5,2,6,Other,General Medicine,1,50-64,0.23583599150882437,Medium
56,Female,16.0,132,100,248,0,3,1,4,Respiratory,Surgery,1,50-64,0.21081423554977535,Medium
62,Female,23.0,132,121,205,1,3,1,2,Respiratory,Cardiology,0,50-64,0.22614503996098353,Medium
53,Female,22.2,146,92,215,0,5,0,3,Other,Surgery,0,50-64,0.08867352963226756,Low
77,Male,24.9,155,77,147,1,6,2,4,Hypertension,Endocrinology,0,65-79,0.33004234234414603,Medium
58,Male,27.2,147,91,199,0,1,1,3,Hypertension,Pulmonology,0,50-64,0.18704188447173137,Medium
69,Male,22.0,155,114,227,1,4,1,2,Cardiac,Endocrinology,1,65-79,0.31425221372532036,Medium
50,Male,25.1,122,86,164,0,2,1,2,Diabetes,Surgery,0,50-64,0.17865310530735137,Medium
47,Male,23.7,90,93,158,1,0,0,6,Respiratory,General Medicine,0,35-49,0.12268314473576881,Low
49,Female,25.0,99,72,167,0,0,2,3,Other,General Medicine,0,35-49,0.2656379330695935,Medium
46,Female,33.1,126,131,198,0,0,1,4,Respiratory,Cardiology,0,35-49,0.18409721269130103,Medium
49,Male,31.4,121,122,171,0,6,2,7,Other,General Medicine,0,35-49,0.21079095316311428,Medium
58,Male,30.9,131,85,222,1,7,1,1,Other,General Medicine,0,50-64,0.13248822237117044,Low
41,Male,27.8,122,78,246,1,2,0,4,Hypertension,Endocrinology,0,35-49,0.06915359079504932,Low
69,Male,20.9,144,110,205,0,5,1,6,Hypertension,Surgery,0,65-79,0.2025220043626941,Medium
82,Male,21.6,107,82,184,1,5,1,3,Other,General Medicine,0,80+,0.2772776098691615,Medium
79,Female,19.4,132,72,244,0,0,1,4,Hypertension,Endocrinology,0,65-79,0.33052718357574706,Medium
52,Male,32.5,108,89,172,0,1,2,5,Other,Surgery,0,50-64,0.24284385951858883,Medium
23,Male,26.8,108,106,214,0,2,0,1,Diabetes,Surgery,1,18-34,0.05451254850887653,Low
65,Male,36.8,115,106,131,1,5,0,3,Other,General Medicine,0,65-79,0.11130004231920218,Low
64,Male,29.2,105,78,210,0,7,3,2,Other,General Medicine,1,50-64,0.3754969644544721,High
69,Male,24.5,133,99,166,0,1,4,6,Other,Endocrinology,1,65-79,0.6368469091113255,High
45,Female,19.6,108,98,257,1,4,2,3,Other,Pulmonology,0,35-49,0.21992856997911792,Medium
51,Male,28.7,122,97,192,0,5,1,8,Hypertension,General Medicine,0,50-64,0.14618489679502467,Low
65,Male,19.6,126,110,186,0,1,0,8,Cardiac,Cardiology,0,65-79,0.2583893535250785,Medium
32,Male,32.5,91,77,220,0,2,0,2,Diabetes,Endocrinology,0,18-34,0.07732694398876416,Low
36,Female,24.3,100,80,171,1,3,1,1,Cardiac,Endocrinology,0,35-49,0.17109849269963157,Medium
43,Male,20.2,114,129,221,0,3,2,4,Other,Surgery,0,35-49,0.1899988726294756,Medium
48,Female,24.8,135,156,206,1,4,1,2,Respiratory,General Medicine,0,35-49,0.15849640501655957,Medium
54,Female,23.5,108,117,165,0,3,0,2,Cardiac,General Medicine,0,50-64,0.17843908476195103,Medium
66,Male,23.8,129,136,155,0,1,1,12,Cardiac,General Medicine,1,65-79,0.4057442340813646,High
46,Male,28.6,112,65,179,0,3,1,4,Other,Endocrinology,0,35-49,0.13503381482340085,Low
42,Female,36.2,120,89,227,0,7,0,2,Diabetes,Cardiology,0,35-49,0.08120171401092596,Low
54,Male,21.2,119,65,190,0,3,1,7,Other,Cardiology,1,50-64,0.1760626423213999,Medium
52,Male,36.1,110,128,234,0,6,0,2,Other,Surgery,0,50-64,0.07336395746791137,Low
46,Male,40.9,150,148,206,0,0,3,8,Hypertension,Cardiology,0,35-49,0.32709655561759143,Medium
62,Male,32.6,133,125,219,0,4,0,4,Respiratory,Endocrinology,0,50-64,0.14131469399351548,Low
35,Male,25.1,115,111,180,1,3,1,5,Other,General Medicine,0,35-49,0.10044839403022042,Low
60,Male,23.4,137,115,192,0,0,1,2,Other,Cardiology,0,50-64,0.19748048011321356,Medium
66,Male,29.9,125,76,165,0,0,2,3,Cardiac,Endocrinology,0,65-79,0.4809508786012023,High
55,Female,26.1,161,104,194,0,2,2,4,Respiratory,Surgery,1,50-64,0.2966030583114563,Medium
65,Female,25.3,138,87,193,0,2,4,4,Other,General Medicine,0,65-79,0.5994498663612914,High
63,Female,24.4,104,147,191,0,0,0,6,Other,General Medicine,0,50-64,0.1692963230769248,Medium
91,Male,32.1,138,119,221,0,2,0,4,Other,General Medicine,0,80+,0.2488840021343485,Medium
66,Female,35.2,124,113,200,0,0,1,2,Other,Endocrinology,0,65-79,0.23917878344234328,Medium
27,Female,26.7,97,108,155,1,0,0,2,Respiratory,Surgery,0,18-34,0.06409656386412349,Low
47,Male,26.6,123,104,145,0,5,0,2,Other,Surgery,0,35-49,0.06843937017932768,Low
42,Male,26.9,110,137,133,0,2,0,3,Respiratory,Pulmonology,1,35-49,0.10005165971087807,Low
68,Male,28.4,126,151,174,0,2,2,4,Diabetes,Cardiology,1,65-79,0.41066311641049696,High
44,Male,19.7,128,121,202,0,3,0,2,Other,General Medicine,0,35-49,0.07690591454366993,Low
27,Female,21.3,111,81,271,1,2,0,2,Cardiac,General Medicine,1,18-34,0.09070021735424309,Low
62,Female,28.2,117,148,204,0,2,1,5,Diabetes,General Medicine,0,50-64,0.2841617985386756,Medium
31,Female,18.8,116,65,189,0,2,1,5,Other,General Medicine,0,18-34,0.10933096636249064,Low
42,Female,29.1,119,136,193,0,4,0,1,Other,Cardiology,0,35-49,0.069853939384556,Low
51,Female,33.0,105,128,228,0,0,0,13,Other,General Medicine,0,50-64,0.14343896717489,Low
66,Male,35.0,115,90,166,0,0,2,4,Diabetes,Pulmonology,0,65-79,0.435217954492402,High
53,Female,27.2,145,65,223,0,5,0,5,Other,Endocrinology,0,50-64,0.09929491822045254,Low
44,Male,32.1,126,136,181,0,4,0,1,Other,Endocrinology,0,35-49,0.06856989307566978,Low
70,Male,26.6,129,65,189,0,1,0,1,Other,General Medicine,0,65-79,0.1520688497009878,Medium
52,Female,35.0,94,125,216,0,7,0,7,Other,Pulmonology,0,50-64,0.10253100808469283,Low
55,Male,29.6,114,88,278,0,7,2,4,Cardiac,Endocrinology,0,50-64,0.34044185448216174,Medium
34,Male,22.5,97,86,180,0,1,0,5,Other,General Medicine,0,18-34,0.07065019039578666,Low
27,Male,19.2,99,73,217,1,5,0,7,Respiratory,Cardiology,0,18-34,0.05992502322176964,Low
49,Male,27.4,109,122,194,0,6,1,2,Other,General Medicine,1,35-49,0.12364023749087484,Low
82,Female,33.7,113,85,185,0,1,0,5,Other,Surgery,0,80+,0.21892116440651932,Medium
80,Female,29.4,137,78,195,0,2,1,2,Other,Surgery,0,80+,0.2820406722393281,Medium
45,Female,16.0,128,110,200,1,6,1,6,Respiratory,General Medicine,0,35-49,0.1563706936870611,Medium
27,Female,22.8,111,65,210,0,5,0,8,Other,Cardiology,0,18-34,0.05546564458979339,Low
62,Female,26.6,128,113,220,0,0,1,3,Respiratory,General Medicine,0,50-64,0.26800426847146697,Medium
53,Male,27.4,132,132,177,0,7,2,2,Diabetes,General Medicine,1,50-64,0.2559886579198687,Medium
34,Female,33.1,90,125,143,0,6,1,2,Diabetes,Surgery,0,18-34,0.11084098037932881,Low
53,Female,30.7,100,141,142,0,2,0,6,Diabetes,General Medicine,0,50-64,0.15614037704939224,Medium
54,Female,27.1,133,120,234,0,3,0,4,Other,Surgery,0,50-64,0.10120501017120782,Low
71,Female,29.7,115,134,243,0,4,1,3,Cardiac,Pulmonology,1,65-79,0.3833867226928268,High
62,Female,16.0,112,65,199,0,1,2,8,Other,Surgery,0,50-64,0.35479909617941413,High
77,Female,20.9,133,106,206,0,4,0,4,Cardiac,Pulmonology,0,65-79,0.3113505981619847,Medium
49,Female,28.7,130,91,114,0,7,1,6,Other,General Medicine,0,35-49,0.1355507375973908,Low
70,Female,26.5,131,77,188,0,7,1,3,Cardiac,Endocrinology,0,65-79,0.3267917005094527,Medium
35,Male,25.2,93,89,151,0,2,0,5,Cardiac,Surgery,0,35-49,0.10845631555587652,Low
43,Male,24.1,90,136,178,0,2,0,1,Hypertension,General Medicine,0,35-49,0.07454259759616372,Low
70,Male,24.1,94,90,221,0,6,0,3,Other,General Medicine,0,65-79,0.13886663257408785,Low
78,Male,31.3,123,92,201,1,5,2,4,Cardiac,Surgery,1,65-79,0.4793999680191119,High
49,Female,26.5,109,119,184,0,3,2,3,Hypertension,General Medicine,0,35-49,0.2280272220923401,Medium
34,Female,28.7,110,115,197,0,5,2,3,Respiratory,Cardiology,1,18-34,0.1802803710297419,Medium
77,Male,27.1,140,125,190,0,2,1,2,Other,Cardiology,0,65-79,0.2639141405560493,Medium
46,Female,23.0,123,123,152,1,1,2,12,Other,General Medicine,1,35-49,0.2760763876273571,Medium
50,Male,22.5,109,98,194,0,5,1,4,Hypertension,General Medicine,0,50-64,0.13521535618171585,Low
57,Male,25.9,111,114,206,0,0,0,1,Other,General Medicine,0,50-64,0.11804689843820466,Low
89,Female,27.6,129,106,180,1,6,3,4,Cardiac,General Medicine,1,80+,0.7121190961591759,High
57,Female,30.1,136,78,208,0,5,0,2,Other,General Medicine,0,50-64,0.10061909580719428,Low
72,Female,29.9,137,79,212,0,3,1,2,Other,Pulmonology,0,65-79,0.25890758049729545,Medium
60,Female,32.4,111,112,172,0,1,2,6,Respiratory,General Medicine,0,50-64,0.37780176054747533,High
42,Male,23.6,119,76,223,0,7,2,3,Other,Endocrinology,0,35-49,0.16427954776389733,Medium
70,Male,26.5,143,133,168,0,7,4,5,Other,Surgery,0,65-79,0.5424189252247761,High
64,Male,32.4,139,96,256,0,7,0,2,Other,Surgery,0,50-64,0.09461577021690849,Low
60,Female,30.2,131,135,229,1,2,0,3,Diabetes,Surgery,0,50-64,0.14904006262296926,Low
53,Male,29.5,117,124,218,0,2,1,3,Other,General Medicine,0,50-64,0.16098230008675102,Medium
92,Female,26.0,163,114,180,0,2,3,5,Respiratory,Cardiology,1,80+,0.6968052653774213,High
63,Female,33.1,133,101,253,1,5,0,2,Cardiac,Surgery,0,50-64,0.17097842332262023,Medium
69,Female,16.6,146,66,172,1,6,1,7,Cardiac,Surgery,0,65-79,0.3287752554300471,Medium
57,Female,22.1,126,112,172,1,5,2,4,Other,Endocrinology,0,50-64,0.2606519763512363,Medium
56,Male,30.3,116,124,176,0,6,1,2,Other,General Medicine,0,50-64,0.14402204176815572,Low
40,Female,29.1,124,122,110,0,4,0,3,Other,Surgery,0,35-49,0.0648239369518419,Low
66,Female,18.9,140,104,220,0,4,4,10,Other,Cardiology,1,65-79,0.6286702548948615,High
71,Female,30.4,146,130,164,0,2,1,5,Cardiac,General Medicine,0,65-79,0.3879567096150793,High
52,Male,29.9,124,126,188,0,3,0,9,Other,Endocrinology,0,50-64,0.10987025340323192,Low
69,Male,24.4,113,65,230,0,1,0,3,Other,Endocrinology,1,65-79,0.1623506107331474,Medium
18,Female,32.3,101,93,146,0,5,0,9,Other,Surgery,0,18-34,0.04037177503127568,Low
74,Female,29.8,117,126,275,0,7,1,5,Cardiac,General Medicine,0,65-79,0.3659757888788962,High
50,Female,22.2,117,65,185,0,0,0,6,Other,General Medicine,0,50-64,0.12081461946323599,Low
43,Female,36.9,151,146,258,0,1,1,1,Diabetes,Surgery,0,35-49,0.15275800708919424,Medium
43,Female,26.1,120,65,131,0,1,1,2,Respiratory,Cardiology,1,35-49,0.16153884517827263,Medium
35,Female,28.1,106,95,193,0,5,0,3,Diabetes,Surgery,0,35-49,0.07507143704144344,Low
49,Male,26.7,137,76,132,1,2,0,5,Respiratory,Pulmonology,0,35-49,0.11538842930516575,Low
60,Female,22.1,135,65,160,0,3,2,8,Other,General Medicine,1,50-64,0.3250512065218206,Medium
42,Female,35.6,125,84,183,1,6,1,6,Cardiac,Endocrinology,0,35-49,0.1832709510935088,Medium
57,Male,24.6,109,98,189,0,3,0,2,Other,Pulmonology,0,50-64,0.1153469915802798,Low
54,Female,20.3,104,65,274,1,1,1,1,Respiratory,General Medicine,0,50-64,0.20926085098597694,Medium
34,Female,29.5,103,107,237,0,5,1,4,Respiratory,Endocrinology,0,18-34,0.12103612470711643,Low
52,Male,29.0,98,146,174,0,7,1,1,Diabetes,Pulmonology,1,50-64,0.17605145251712492,Medium
64,Female,24.0,137,107,269,0,0,2,3,Other,Surgery,0,50-64,0.33146116896886296,Medium
64,Female,19.7,117,67,197,0,4,3,4,Respiratory,Surgery,0,50-64,0.48236116114861377,High
26,Male,34.2,90,81,185,0,4,0,6,Diabetes,Endocrinology,0,18-34,0.06655703676367365,Low
62,Female,30.3,134,124,162,0,2,0,3,Other,Cardiology,0,50-64,0.13082868445439572,Low
44,Female,20.3,136,65,256,0,1,1,3,Other,General Medicine,0,35-49,0.14635029481652306,Low
43,Male,25.8,131,90,180,0,4,1,3,Other,Cardiology,0,35-49,0.11325128951310769,Low
40,Female,31.8,90,136,170,0,6,0,2,Diabetes,Endocrinology,0,35-49,0.08808169412104161,Low
69,Male,31.7,100,132,158,0,7,1,6,Other,General Medicine,0,65-79,0.2099139230295544,Medium
35,Male,22.4,109,98,235,0,3,3,17,Other,Surgery,1,35-49,0.31305773161751355,Medium
35,Male,30.1,90,112,150,1,7,0,2,Cardiac,Pulmonology,0,35-49,0.08842622365691014,Low
82,Female,31.8,144,75,219,0,0,0,4,Other,Cardiology,0,80+,0.22774457021094252,Medium
39,Male,28.2,107,89,204,1,2,0,2,Other,General Medicine,0,35-49,0.06542078122639332,Low
54,Male,30.5,121,125,224,0,5,0,3,Other,Cardiology,0,50-64,0.08901134694136215,Low
64,Male,26.9,105,110,218,0,5,2,2,Other,Cardiology,0,50-64,0.27797071056007516,Medium
50,Male,32.5,124,112,238,0,6,1,1,Diabetes,General Medicine,0,50-64,0.15611718252082232,Medium
68,Male,23.0,119,111,226,0,4,2,4,Hypertension,General Medicine,1,65-79,0.31737863088465856,Medium
52,Male,29.2,105,121,232,1,0,0,1,Cardiac,General Medicine,0,50-64,0.16321037140440858,Medium
68,Female,25.9,138,82,217,0,4,0,3,Other,Cardiology,0,65-79,0.1422428795715969,Low
59,Female,25.0,155,112,148,0,1,0,1,Other,Surgery,1,50-64,0.11322974726114503,Low
62,Male,26.8,131,122,201,0,0,1,4,Other,Surgery,0,50-64,0.20414563937561422,Medium
51,Female,23.6,109,96,169,0,2,1,3,Other,Endocrinology,0,50-64,0.1713642965489675,Medium
47,Male,27.7,115,78,212,0,1,0,7,Other,General Medicine,0,35-49,0.10009069959081893,Low
58,Male,20.9,125,66,176,0,7,2,4,Other,Cardiology,0,50-64,0.23726965182561,Medium
55,Male,27.6,107,105,134,1,7,1,1,Cardiac,Endocrinology,0,50-64,0.21028218590592881,Medium
62,Female,24.7,146,96,208,0,7,0,6,Hypertension,Surgery,0,50-64,0.10510678469681498,Low
66,Male,21.1,133,100,217,0,7,0,1,Other,Endocrinology,0,65-79,0.11254811162693207,Low
48,Female,34.0,131,88,217,0,1,1,8,Diabetes,General Medicine,0,35-49,0.22170688493087565,Medium
45,Male,23.7,121,76,169,0,1,1,3,Respiratory,General Medicine,1,35-49,0.1666174070391465,Medium
54,Male,22.8,139,107,156,1,6,3,6,Respiratory,Pulmonology,0,50-64,0.39770271931797285,High
64,Male,28.8,147,126,198,0,7,1,6,Other,General Medicine,0,50-64,0.17999001716741655,Medium
53,Male,31.9,127,106,181,0,4,2,2,Other,General Medicine,0,50-64,0.21981350523377408,Medium
61,Female,24.7,90,119,175,1,7,1,4,Cardiac,General Medicine,0,50-64,0.27871030954297465,Medium
70,Female,28.0,132,139,240,0,3,2,6,Other,General Medicine,1,65-79,0.3753327028767063,High
76,Female,28.2,130,110,215,0,6,1,2,Diabetes,Endocrinology,1,65-79,0.31054984354408743,Medium
67,Female,32.8,135,122,123,0,2,1,7,Other,General Medicine,1,65-79,0.2500563608955068,Medium
80,Male,22.7,129,98,159,0,7,1,2,Other,Pulmonology,1,80+,0.2611743578665906,Medium
73,Female,25.3,128,84,198,0,2,2,2,Other,General Medicine,0,65-79,0.38196633768592697,High
25,Male,26.1,112,95,196,0,2,0,6,Other,General Medicine,0,18-34,0.05256979330931403,Low
46,Female,22.7,103,115,216,0,6,3,5,Other,Endocrinology,0,35-49,0.3194495781819101,Medium
59,Female,21.9,131,105,180,0,6,2,5,Other,Pulmonology,0,50-64,0.2908897783659958,Medium
81,Female,24.3,122,109,199,0,4,1,5,Hypertension,General Medicine,0,80+,0.30420572269228097,Medium
48,Male,32.3,98,95,184,0,5,0,2,Other,Surgery,0,35-49,0.07061185812886077,Low
30,Male,21.3,106,98,215,0,3,0,4,Other,Surgery,0,18-34,0.05225962512051629,Low
51,Male,21.6,126,131,165,1,6,1,1,Respiratory,Cardiology,0,50-64,0.14384099477709567,Low
58,Female,26.5,116,127,200,0,7,0,3,Other,Cardiology,1,50-64,0.10055337165261019,Low
48,Male,22.9,100,65,139,0,0,4,4,Other,General Medicine,0,35-49,0.4944120293685362,High
66,Male,18.6,123,72,168,0,1,1,4,Diabetes,Surgery,0,65-79,0.28308123073437425,Medium
49,Male,34.0,107,100,255,0,2,1,4,Cardiac,Surgery,0,35-49,0.222349546026736,Medium
57,Male,26.9,133,87,227,0,2,0,6,Other,Cardiology,0,50-64,0.11723230210275679,Low
38,Female,17.5,129,65,154,0,5,1,2,Other,Cardiology,0,35-49,0.10426485476731243,Low
47,Male,22.0,131,84,167,0,3,0,4,Other,Endocrinology,0,35-49,0.08684304329326467,Low
77,Female,33.9,126,114,186,1,6,3,2,Cardiac,General Medicine,1,65-79,0.6164422883303737,High
59,Female,23.2,121,108,230,0,3,1,2,Diabetes,Cardiology,0,50-64,0.24165017900929736,Medium
35,Female,28.2,113,113,171,0,6,0,1,Respiratory,Cardiology,0,35-49,0.06513694683062585,Low
21,Female,27.6,109,132,167,0,5,2,5,Other,General Medicine,0,18-34,0.11741023965393883,Low
69,Female,29.0,134,83,165,0,4,3,6,Other,Cardiology,0,65-79,0.47772762642467037,High
41,Female,27.8,118,84,244,0,5,1,1,Cardiac,General Medicine,1,35-49,0.17905449063675088,Medium
57,Female,22.6,105,102,195,0,5,1,3,Respiratory,Surgery,0,50-64,0.19570285674790758,Medium
39,Female,27.4,139,123,184,0,3,0,6,Other,Cardiology,0,35-49,0.07524234182606804,Low
68,Male,37.5,105,101,171,0,0,1,3,Diabetes,Cardiology,0,65-79,0.2969670480755074,Medium
60,Male,26.1,134,101,235,0,2,1,8,Other,General Medicine,1,50-64,0.21172438993529727,Medium
38,Male,29.5,107,104,160,0,0,0,6,Other,Endocrinology,0,35-49,0.08141712406326411,Low
50,Male,24.9,129,71,167,0,6,1,5,Other,Cardiology,0,50-64,0.13154232909474736,Low
40,Female,25.6,111,65,216,0,3,1,4,Other,Surgery,0,35-49,0.11674818841521334,Low
49,Male,34.0,101,136,148,0,0,2,13,Other,General Medicine,0,35-49,0.29717920035429146,Medium
51,Female,24.6,108,78,213,1,2,3,6,Respiratory,General Medicine,1,50-64,0.4307155019136749,High
56,Female,24.0,105,122,139,0,7,1,2,Other,General Medicine,0,50-64,0.15471190986682143,Medium
53,Female,24.7,153,118,196,1,4,1,3,Respiratory,General Medicine,0,50-64,0.1784063217102676,Medium
91,Female,24.4,125,78,256,0,5,3,5,Other,Cardiology,1,80+,0.6258029177249137,High
42,Male,35.1,125,95,172,0,1,1,10,Other,Cardiology,0,35-49,0.14277488878075495,Low
44,Female,20.0,112,130,234,0,0,2,10,Other,General Medicine,1,35-49,0.28075287798942833,Medium
21,Male,25.4,125,136,173,0,3,1,2,Respiratory,Endocrinology,0,18-34,0.0820561000330858,Low
48,Female,27.1,126,135,159,0,4,0,4,Other,Surgery,0,35-49,0.08344466144738708,Low
66,Female,25.6,120,162,169,0,2,1,4,Hypertension,Surgery,0,65-79,0.21774261598394043,Medium
45,Male,21.0,98,136,185,0,6,1,7,Other,General Medicine,0,35-49,0.13220303525277377,Low
66,Female,26.4,120,106,157,1,7,2,5,Respiratory,Cardiology,0,65-79,0.3351406923997796,Medium
78,Male,34.9,145,123,208,1,2,1,8,Hypertension,General Medicine,0,65-79,0.27673143579566223,Medium
69,Female,26.8,130,79,162,0,3,1,4,Cardiac,General Medicine,1,65-79,0.36477740507724665,High
67,Male,26.4,146,74,171,0,6,2,4,Hypertension,Cardiology,0,65-79,0.27480313112412647,Medium
68,Male,32.6,135,118,169,1,6,1,2,Cardiac,Endocrinology,0,65-79,0.2820807402557659,Medium
84,Male,29.9,119,139,241,0,1,4,4,Cardiac,Surgery,1,80+,0.805926013462416,High
66,Male,20.0,110,110,240,0,1,1,1,Other,Surgery,0,65-79,0.2124872343887595,Medium
76,Male,31.2,116,93,227,0,2,0,4,Cardiac,Surgery,1,65-79,0.2672372355083638,Medium
66,Female,31.9,149,129,205,1,3,1,4,Other,General Medicine,1,65-79,0.21089360156407952,Medium
61,Female,17.8,118,83,162,0,4,2,6,Hypertension,Cardiology,1,50-64,0.30450623322108056,Medium
39,Male,34.1,114,165,210,1,1,1,5,Cardiac,Cardiology,0,35-49,0.18856701741701584,Medium
36,Male,31.7,129,145,192,0,4,1,2,Diabetes,Endocrinology,0,35-49,0.12362592467355522,Low
43,Female,26.2,119,65,134,0,2,0,1,Respiratory,Surgery,0,35-49,0.08943128630551485,Low
81,Female,31.1,153,114,160,0,4,1,4,Hypertension,Surgery,0,80+,0.26502969423666123,Medium
43,Male,26.7,120,83,220,0,0,1,8,Other,General Medicine,0,35-49,0.15427740904832757,Medium
48,Male,29.3,97,85,234,0,4,0,5,Other,General Medicine,0,35-49,0.0875936229249424,Low
59,Male,32.4,121,80,202,0,0,0,6,Other,Pulmonology,0,50-64,0.1432604012250071,Low
39,Female,30.6,112,74,171,0,5,1,9,Diabetes,General Medicine,0,35-49,0.1635046759539796,Medium
22,Female,29.6,111,118,285,0,1,1,3,Cardiac,General Medicine,0,18-34,0.13905583473409583,Low
58,Male,26.2,133,79,147,0,0,0,3,Other,General Medicine,0,50-64,0.1227690387058174,Low
78,Male,31.2,129,68,207,0,4,0,1,Other,General Medicine,1,65-79,0.16132673201946826,Medium
48,Male,26.0,122,106,147,1,1,1,4,Diabetes,General Medicine,0,35-49,0.1894134169144276,Medium
31,Female,25.6,105,107,158,0,2,2,6,Other,General Medicine,0,18-34,0.17502482536665592,Medium
58,Female,33.4,94,84,256,1,3,1,3,Cardiac,Endocrinology,0,50-64,0.28489725686469713,Medium
18,Male,25.5,90,118,207,0,3,1,7,Other,Surgery,0,18-34,0.06775861425347966,Low
61,Female,34.3,124,104,204,0,1,1,2,Other,General Medicine,0,50-64,0.20467053194338194,Medium
39,Male,21.5,126,65,110,0,2,1,2,Cardiac,Cardiology,0,35-49,0.1813990769511891,Medium
53,Female,24.5,113,96,197,1,2,0,3,Respiratory,General Medicine,0,50-64,0.1279566995395605,Low
81,Female,24.5,129,88,184,1,4,0,1,Cardiac,Pulmonology,0,80+,0.30254481705599895,Medium
55,Male,39.4,122,83,228,1,6,0,4,Respiratory,Cardiology,0,50-64,0.09862093192901905,Low
55,Male,19.0,115,65,212,0,3,0,3,Other,Cardiology,0,50-64,0.10480466042685106,Low
64,Male,25.9,139,98,208,0,0,2,3,Cardiac,Pulmonology,0,50-64,0.48461908945382565,High
81,Female,24.5,154,128,258,0,6,3,5,Cardiac,General Medicine,1,80+,0.6787764476113355,High
42,Male,21.5,100,82,260,0,4,1,8,Cardiac,Cardiology,1,35-49,0.21512239429809815,Medium
64,Male,36.5,90,149,215,0,3,1,10,Diabetes,Cardiology,1,50-64,0.2929425517225443,Medium
52,Female,25.7,133,115,235,1,5,2,2,Other,Endocrinology,0,50-64,0.21965714109299642,Medium
33,Female,32.8,107,154,142,0,1,1,1,Diabetes,Surgery,0,18-34,0.12711878142548663,Low
46,Male,28.0,121,113,151,0,2,1,2,Other,Endocrinology,0,35-49,0.133376696810201,Low
33,Male,23.0,104,81,206,0,3,0,3,Other,General Medicine,0,18-34,0.05922559048405432,Low
37,Male,29.0,107,90,230,0,5,0,7,Other,Pulmonology,0,35-49,0.07013514436535623,Low
46,Female,39.1,139,86,155,0,2,2,2,Diabetes,General Medicine,0,35-49,0.2619533945511493,Medium
76,Male,27.3,103,75,150,1,0,0,2,Cardiac,Pulmonology,0,65-79,0.3024831389460413,Medium
44,Male,18.6,96,122,228,1,4,0,3,Respiratory,General Medicine,0,35-49,0.09159696281463346,Low
67,Male,27.7,121,86,202,0,5,2,7,Other,Pulmonology,1,65-79,0.3406105941121636,Medium
70,Male,31.8,151,107,178,1,2,0,1,Hypertension,Surgery,0,65-79,0.11860798654014912,Low
59,Male,23.3,102,94,246,0,6,1,6,Other,General Medicine,0,50-64,0.17863207802436334,Medium
51,Female,31.8,119,110,233,0,6,2,5,Other,Pulmonology,0,50-64,0.2396602772380497,Medium
44,Male,20.5,108,65,271,0,6,0,4,Other,Endocrinology,0,35-49,0.07352145744770217,Low
66,Female,25.0,142,77,193,0,3,2,6,Hypertension,General Medicine,0,65-79,0.3348526340412868,Medium
70,Female,24.8,136,124,238,0,5,1,2,Other,Surgery,1,65-79,0.20997089996751642,Medium
51,Female,22.3,125,151,132,0,4,1,2,Other,Endocrinology,0,50-64,0.15378726066326154,Medium
28,Male,23.8,118,103,179,0,3,2,3,Other,Endocrinology,0,18-34,0.13637626902959243,Low
59,Male,29.0,126,69,181,0,0,2,8,Hypertension,General Medicine,0,50-64,0.31435278371083003,Medium
62,Male,18.4,116,120,164,1,7,2,4,Other,Endocrinology,0,50-64,0.26111830870576286,Medium
51,Female,27.7,118,96,195,0,5,0,1,Other,General Medicine,0,50-64,0.08685223944197777,Low
46,Male,16.2,140,65,165,0,1,2,6,Respiratory,Surgery,0,35-49,0.2628557067894762,Medium
58,Female,26.9,130,138,220,0,4,2,4,Respiratory,Cardiology,0,50-64,0.3187232676434811,Medium
49,Female,25.6,105,76,199,0,7,0,16,Cardiac,General Medicine,0,35-49,0.1869006914102384,Medium
40,Male,18.1,90,95,206,1,2,1,4,Respiratory,General Medicine,0,35-49,0.14828187987486893,Low
55,Male,30.2,131,96,188,0,2,0,10,Respiratory,General Medicine,0,50-64,0.14813418284426008,Low
57,Male,34.8,114,103,207,0,4,3,5,Diabetes,General Medicine,1,50-64,0.44767802867405443,High
54,Female,26.1,120,135,157,0,2,1,7,Other,Surgery,1,50-64,0.18290253640982113,Medium
70,Female,24.3,145,160,198,0,0,2,1,Diabetes,Surgery,1,65-79,0.43107530169691083,High
41,Male,22.6,130,85,165,0,4,1,12,Other,Cardiology,0,35-49,0.1365394378171048,Low
36,Male,32.5,138,135,233,0,6,2,5,Other,Endocrinology,0,35-49,0.14660841370324149,Low
54,Male,26.8,126,85,167,0,7,0,8,Diabetes,Surgery,0,50-64,0.11703666070790786,Low
95,Male,26.2,129,99,225,0,4,3,4,Cardiac,Endocrinology,1,80+,0.76201082608358,High
37,Female,31.7,108,119,211,0,7,1,6,Diabetes,General Medicine,0,35-49,0.1349511079132583,Low
72,Male,35.7,116,104,218,0,2,3,4,Other,General Medicine,1,65-79,0.4908441769760809,High
66,Male,24.1,134,65,158,1,4,1,10,Respiratory,Cardiology,1,65-79,0.2613765558800021,Medium
24,Female,30.9,112,119,156,0,7,1,8,Diabetes,General Medicine,0,18-34,0.1014167752426647,Low
69,Female,26.9,115,65,169,0,4,0,7,Hypertension,General Medicine,0,65-79,0.15887930847305945,Medium
55,Female,32.4,119,139,230,0,5,3,6,Other,Pulmonology,0,50-64,0.39468885243573626,High
72,Male,24.6,135,109,207,0,6,1,5,Other,Cardiology,0,65-79,0.22266983829077286,Medium
41,Male,21.0,98,90,205,0,3,2,4,Other,Surgery,0,35-49,0.18283022101098595,Medium
73,Female,18.5,140,72,215,0,5,2,3,Other,Cardiology,0,65-79,0.35647361250329634,High
59,Male,25.6,147,71,255,0,7,2,6,Hypertension,General Medicine,1,50-64,0.23807996000727505,Medium
70,Male,24.3,111,69,195,0,5,4,4,Other,General Medicine,1,65-79,0.5902497723558362,High
89,Female,24.1,130,74,159,0,1,3,2,Other,Surgery,0,80+,0.6174521986171635,High
63,Female,27.6,121,86,195,0,3,2,5,Other,Surgery,1,50-64,0.3062806845527036,Medium
60,Female,20.1,126,82,214,0,0,1,7,Other,Pulmonology,0,50-64,0.2591035227385985,Medium
89,Male,36.4,114,117,258,1,6,2,6,Respiratory,General Medicine,1,80+,0.4879095932373171,High
24,Female,27.9,108,106,175,1,7,2,3,Respiratory,Cardiology,1,18-34,0.12510663323184545,Low
73,Male,32.8,136,99,170,0,1,5,15,Hypertension,Surgery,0,65-79,0.7809114796240718,High
33,Female,25.9,116,90,187,0,0,0,3,Other,Endocrinology,0,18-34,0.0716546516794413,Low
76,Female,31.8,108,119,234,0,2,1,8,Diabetes,Pulmonology,0,65-79,0.4092942626372512,High
28,Female,35.3,121,96,110,0,4,0,12,Respiratory,Cardiology,0,18-34,0.0745616777776337,Low
18,Male,29.1,137,107,131,1,3,1,7,Diabetes,General Medicine,0,18-34,0.08586467877122157,Low
62,Female,35.5,135,128,216,1,3,2,5,Diabetes,General Medicine,0,50-64,0.3650389940257931,High
31,Female,30.3,117,135,157,1,3,1,3,Cardiac,Cardiology,0,18-34,0.14848194499816925,Low
51,Male,25.7,132,184,161,0,4,0,2,Hypertension,General Medicine,0,50-64,0.08232338878850519,Low
41,Male,26.3,128,65,195,0,0,0,4,Other,Cardiology,0,35-49,0.08009543044543789,Low
32,Female,21.7,103,95,165,1,6,0,3,Diabetes,Pulmonology,0,18-34,0.07584459378676829,Low
51,Male,22.5,109,132,156,0,3,0,2,Other,General Medicine,0,50-64,0.09332946094126915,Low
50,Male,31.6,115,118,234,0,5,1,2,Cardiac,Endocrinology,0,50-64,0.21131071812092,Medium
26,Male,30.1,101,97,162,0,5,1,2,Other,Surgery,1,18-34,0.0647713588098062,Low
60,Female,24.4,122,138,149,0,2,2,7,Respiratory,Cardiology,0,50-64,0.37622777274902136,High
60,Male,36.5,113,115,188,1,7,2,4,Diabetes,General Medicine,1,50-64,0.2917375650648658,Medium
65,Male,19.3,142,81,192,0,3,1,7,Hypertension,General Medicine,0,65-79,0.21821747268888234,Medium
54,Male,28.0,106,110,148,0,4,4,4,Hypertension,General Medicine,0,50-64,0.4719266709261475,High
73,Male,25.6,126,102,199,0,0,0,3,Other,Surgery,0,65-79,0.1683589596860932,Medium
72,Female,26.4,156,77,244,0,2,2,2,Hypertension,General Medicine,0,65-79,0.3535786330135847,High
76,Female,25.8,119,126,201,0,0,1,6,Diabetes,Pulmonology,0,65-79,0.4217837179095073,High
72,Female,31.9,166,84,259,0,7,2,4,Cardiac,General Medicine,0,65-79,0.4539262139863302,High
70,Female,23.4,131,73,246,0,2,3,9,Cardiac,General Medicine,1,65-79,0.680401525284518,High
51,Male,27.4,145,78,161,0,1,2,3,Other,Surgery,1,50-64,0.22304727509327965,Medium
89,Male,31.5,139,134,189,0,1,0,2,Other,General Medicine,0,80+,0.23667895084353832,Medium
57,Male,26.3,113,97,205,0,2,0,3,Other,General Medicine,0,50-64,0.11365507246008752,Low
42,Male,21.7,124,90,125,0,7,1,1,Other,General Medicine,0,35-49,0.09672520086801177,Low
26,Male,31.6,107,104,145,0,1,0,7,Other,Surgery,0,18-34,0.05229929746968574,Low
48,Male,38.4,97,121,211,0,4,2,7,Other,Endocrinology,0,35-49,0.22341113399494536,Medium
70,Male,19.8,132,65,206,0,2,1,4,Cardiac,General Medicine,0,65-79,0.3709200587157981,High
59,Female,21.6,114,65,184,0,3,2,8,Other,General Medicine,1,50-64,0.3259334082117554,Medium
29,Female,30.9,97,102,297,0,2,0,11,Other,Surgery,0,18-34,0.0671269640008663,Low
48,Male,18.0,128,90,154,0,1,2,3,Other,Pulmonology,0,35-49,0.25000109707241824,Medium
75,Male,20.9,105,140,175,0,1,2,3,Other,Surgery,0,65-79,0.3881094254574248,High
72,Female,28.7,126,128,177,0,0,0,1,Cardiac,Cardiology,0,65-79,0.2755087118182969,Medium
48,Female,33.8,108,129,176,1,3,3,2,Other,Cardiology,0,35-49,0.3101655942234307,Medium
49,Male,33.3,125,123,233,0,0,2,5,Respiratory,Pulmonology,0,35-49,0.3049636130412276,Medium
80,Female,28.8,114,66,278,1,4,0,9,Cardiac,Cardiology,1,80+,0.3243007854560358,Medium
71,Female,34.7,133,123,170,0,6,1,4,Cardiac,Surgery,0,65-79,0.31910275903117497,Medium
38,Male,32.4,117,112,190,0,4,1,11,Other,General Medicine,0,35-49,0.12249506707792897,Low
18,Female,20.3,103,78,135,0,6,0,2,Other,Surgery,0,18-34,0.033773128145275645,Low
36,Female,26.6,121,96,211,0,7,0,7,Hypertension,General Medicine,0,35-49,0.0597232199594064,Low
65,Female,27.7,108,100,248,1,2,0,11,Other,Endocrinology,0,65-79,0.17506380163163338,Medium
40,Female,25.1,114,81,190,0,3,0,3,Other,Surgery,0,35-49,0.06986411320636815,Low
61,Female,33.4,132,65,148,0,0,0,3,Respiratory,Surgery,0,50-64,0.1534644006032252,Medium
50,Male,28.9,147,138,226,0,6,2,5,Hypertension,Surgery,0,50-64,0.18261398071313165,Medium
50,Female,31.9,101,132,157,0,6,0,2,Respiratory,Surgery,1,50-64,0.09376960193379681,Low
46,Female,32.8,126,137,217,0,0,0,2,Cardiac,General Medicine,0,35-49,0.1560500074709901,Medium
52,Male,29.0,106,122,201,0,4,0,4,Hypertension,Endocrinology,0,50-64,0.09102411685006488,Low
55,Male,25.8,100,118,198,0,2,1,2,Other,General Medicine,0,50-64,0.1706905936739558,Medium
45,Male,20.5,132,93,130,0,7,0,2,Other,General Medicine,0,35-49,0.06543400571583785,Low
32,Female,30.1,118,99,176,1,7,1,2,Respiratory,General Medicine,0,18-34,0.09233889699263867,Low
27,Male,37.5,102,172,150,0,0,0,3,Diabetes,Cardiology,0,18-34,0.07119476037694474,Low
66,Female,30.3,134,118,190,0,7,1,3,Other,Surgery,0,65-79,0.1772277693702782,Medium
31,Male,25.2,96,92,121,0,3,2,10,Respiratory,Surgery,0,18-34,0.19302749777206318,Medium
32,Male,28.4,103,72,227,0,4,1,2,Other,Cardiology,0,18-34,0.08476678378623193,Low
74,Female,17.8,153,70,275,1,4,1,1,Hypertension,Pulmonology,0,65-79,0.24466017171908144,Medium
64,Male,24.6,108,95,268,0,0,0,4,Cardiac,Surgery,0,50-64,0.2290204183742284,Medium
18,Male,37.7,116,138,159,1,2,0,7,Respiratory,General Medicine,0,18-34,0.04870636469891691,Low
27,Female,27.5,144,129,203,0,4,1,11,Other,Endocrinology,1,18-34,0.10011700379614193,Low
32,Female,16.0,124,86,153,0,4,1,1,Hypertension,Surgery,0,18-34,0.08286737083548831,Low
47,Female,29.0,109,159,179,0,2,0,3,Diabetes,Cardiology,0,35-49,0.12318420335162343,Low
78,Male,33.7,128,134,215,0,6,2,7,Other,Cardiology,0,65-79,0.373045422863255,High
68,Female,26.9,136,119,156,1,5,1,3,Cardiac,Endocrinology,0,65-79,0.3214254460782536,Medium
64,Male,29.9,143,108,156,0,2,4,11,Hypertension,Cardiology,0,50-64,0.5954742287728487,High
63,Female,24.9,140,134,210,0,4,0,5,Other,General Medicine,0,50-64,0.13526777449162494,Low
60,Female,31.4,146,149,279,0,5,0,8,Diabetes,Surgery,0,50-64,0.1536792168965924,Medium
74,Female,26.2,120,123,200,0,3,1,3,Other,General Medicine,1,65-79,0.27010838971084605,Medium
41,Male,26.2,103,67,212,0,0,1,1,Other,Endocrinology,0,35-49,0.1277702112203406,Low
75,Male,32.3,111,145,225,1,4,1,3,Cardiac,Endocrinology,1,65-79,0.3613250277458516,High
72,Male,28.2,109,120,150,0,7,3,3,Cardiac,General Medicine,0,65-79,0.5828230156768758,High
57,Male,33.2,131,140,198,0,1,1,11,Diabetes,General Medicine,0,50-64,0.2720466820364141,Medium
25,Female,23.0,112,69,234,0,2,0,6,Other,General Medicine,0,18-34,0.0577491039181937,Low
68,Female,29.8,91,82,200,0,2,0,5,Other,Endocrinology,0,65-79,0.17172324535396882,Medium
82,Male,29.0,127,104,227,1,7,3,2,Other,Cardiology,0,80+,0.478514436996394,High
63,Male,26.8,129,73,213,0,4,2,12,Other,Pulmonology,1,50-64,0.35527347813324706,High
73,Female,21.6,133,151,216,1,2,2,4,Diabetes,Pulmonology,1,65-79,0.4849846750594018,High
95,Female,25.1,136,129,173,1,6,4,6,Respiratory,Endocrinology,1,80+,0.7894621587870907,High
68,Male,31.0,129,91,227,0,0,0,3,Other,General Medicine,0,65-79,0.15567494151309963,Medium
43,Male,29.9,153,75,219,0,5,0,9,Hypertension,General Medicine,0,35-49,0.07216780025329411,Low
71,Female,27.9,130,101,213,0,6,2,2,Cardiac,Surgery,0,65-79,0.4407444365199137,High
35,Male,34.9,117,110,195,0,5,0,5,Hypertension,Endocrinology,0,35-49,0.05423544663821106,Low
49,Male,19.7,132,109,199,1,4,0,11,Cardiac,Pulmonology,0,35-49,0.17731473832157274,Medium
35,Male,26.1,126,103,206,0,3,1,2,Respiratory,Surgery,0,35-49,0.10758582923011285,Low
50,Female,16.0,133,109,194,0,7,0,11,Hypertension,General Medicine,1,50-64,0.09996406479518949,Low
48,Male,32.7,134,120,163,0,0,0,3,Respiratory,Endocrinology,0,35-49,0.1130911885150383,Low
66,Female,23.5,109,135,264,0,1,1,5,Respiratory,General Medicine,1,65-79,0.30368049038606015,Medium
50,Female,28.4,102,130,228,0,4,0,4,Other,Cardiology,0,50-64,0.0958087559345557,Low
22,Female,27.6,116,112,152,1,2,0,2,Other,Surgery,0,18-34,0.040744504177144945,Low
28,Male,29.2,105,104,153,0,6,0,5,Hypertension,Surgery,0,18-34,0.040663578969559216,Low
91,Male,24.2,120,96,225,1,7,2,10,Cardiac,Endocrinology,1,80+,0.6253904687767188,High
71,Female,31.2,122,122,188,0,6,0,1,Diabetes,Surgery,0,65-79,0.16673789084437793,Medium
67,Female,26.8,145,70,183,1,7,0,2,Cardiac,General Medicine,0,65-79,0.18795522406217235,Medium
68,Male,25.2,128,87,183,0,4,1,3,Other,Endocrinology,0,65-79,0.21483046256897356,Medium
18,Male,28.3,90,103,140,0,5,1,1,Other,General Medicine,0,18-34,0.05617729407247759,Low
52,Female,33.1,123,97,171,0,0,2,8,Other,Cardiology,0,50-64,0.29312527976457786,Medium
52,Female,29.8,108,84,230,0,0,3,11,Respiratory,Surgery,1,50-64,0.4819218445942775,High
43,Male,35.7,122,110,245,0,7,0,3,Other,Surgery,0,35-49,0.05573131074225188,Low
70,Female,18.5,164,110,187,0,2,1,2,Hypertension,Cardiology,1,65-79,0.23433763656964082,Medium
57,Female,26.1,133,114,208,1,0,2,4,Respiratory,Cardiology,1,50-64,0.34011162153129193,Medium
80,Male,22.4,123,65,158,1,4,0,4,Other,General Medicine,0,80+,0.18122537727372867,Medium
56,Male,27.8,129,97,156,0,1,3,6,Other,General Medicine,0,50-64,0.4069330789819461,High
42,Female,22.7,115,88,146,0,3,0,1,Other,Endocrinology,0,35-49,0.07722223922849997,Low
56,Male,22.1,90,108,142,1,7,0,10,Respiratory,General Medicine,0,50-64,0.1294027541217136,Low
33,Male,23.8,90,85,180,0,5,0,3,Diabetes,Endocrinology,0,18-34,0.07492257201194646,Low
95,Male,27.2,121,102,172,0,2,1,1,Diabetes,Surgery,0,80+,0.4350512384202065,High
31,Male,31.9,104,114,146,0,5,1,3,Other,Surgery,0,18-34,0.07519412616635618,Low
40,Male,27.1,102,141,144,0,7,0,2,Other,Surgery,0,35-49,0.05347597129525627,Low
41,Male,21.8,150,138,127,0,7,0,5,Cardiac,Endocrinology,0,35-49,0.10722267386316452,Low
88,Male,28.3,105,85,223,0,2,5,5,Other,Surgery,1,80+,0.8167392556323455,High
51,Male,27.5,130,75,183,0,7,0,2,Respiratory,General Medicine,1,50-64,0.09040754822299085,Low
58,Female,20.1,117,65,204,0,1,3,5,Other,General Medicine,0,50-64,0.44844681299626094,High
42,Female,25.7,139,154,201,0,3,0,2,Diabetes,Cardiology,0,35-49,0.09942426330720758,Low
69,Female,24.0,151,111,214,0,0,1,4,Respiratory,General Medicine,1,65-79,0.3116542256053765,Medium
39,Female,18.8,100,97,237,1,7,2,1,Other,Endocrinology,0,35-49,0.15657466938479375,Medium
45,Male,26.0,125,84,188,0,4,0,1,Other,Cardiology,0,35-49,0.07003127129386769,Low
69,Male,31.2,96,115,199,0,1,1,4,Other,Surgery,1,65-79,0.23476397091433376,Medium
58,Male,29.2,128,98,186,0,0,1,6,Other,Cardiology,0,50-64,0.20284836983184418,Medium
83,Male,23.1,121,74,149,0,6,2,5,Other,Endocrinology,1,80+,0.4144533183496488,High
61,Female,28.8,115,112,130,0,0,2,6,Cardiac,Surgery,1,50-64,0.46846630614618173,High
68,Male,28.5,90,89,211,0,6,2,4,Diabetes,Endocrinology,0,65-79,0.38446991824723237,High
67,Male,29.1,144,101,201,0,5,3,6,Hypertension,Surgery,0,65-79,0.4009027493613929,High
55,Female,19.0,125,89,173,0,0,0,5,Other,Endocrinology,0,50-64,0.1363456261851241,Low
61,Male,28.0,125,65,150,1,4,2,2,Other,Cardiology,0,50-64,0.2509220784959779,Medium
34,Male,26.1,123,80,172,0,7,1,4,Other,Surgery,0,18-34,0.0769419049968958,Low
68,Male,26.9,132,139,149,0,1,7,5,Cardiac,Surgery,1,65-79,0.9302570849397088,High
65,Male,30.5,100,104,234,0,6,1,8,Diabetes,General Medicine,1,65-79,0.2661376114620734,Medium
89,Female,25.5,127,125,226,0,5,0,7,Other,Surgery,0,80+,0.23806439396217982,Medium
58,Male,28.5,110,108,180,0,4,0,4,Other,General Medicine,0,50-64,0.10943954613891556,Low
41,Female,28.7,127,141,204,0,4,2,11,Other,General Medicine,0,35-49,0.22262055268920816,Medium
44,Male,27.6,120,109,161,0,4,0,2,Cardiac,General Medicine,0,35-49,0.12071337507907137,Low
68,Female,22.4,107,91,123,0,0,2,3,Other,Endocrinology,0,65-79,0.38895771667222523,High
49,Female,25.3,90,99,162,0,3,0,2,Other,General Medicine,0,35-49,0.09612836649584901,Low
56,Female,25.1,135,85,110,0,4,3,8,Other,General Medicine,0,50-64,0.4079488117381977,High
29,Female,30.5,116,95,172,0,7,1,2,Other,Cardiology,0,18-34,0.07250156933606865,Low
42,Female,19.4,111,137,204,0,1,2,15,Other,General Medicine,0,35-49,0.2891728890208148,Medium
43,Female,21.2,120,65,222,0,6,0,6,Other,General Medicine,0,35-49,0.07878886585636279,Low
35,Male,29.7,115,89,216,1,5,3,3,Other,General Medicine,1,35-49,0.21516839972742008,Medium
49,Male,27.5,113,110,168,0,4,0,2,Other,Pulmonology,1,35-49,0.08827659537846232,Low
52,Male,26.9,116,65,114,0,6,1,4,Other,Cardiology,0,50-64,0.13523050555660304,Low
64,Female,34.1,131,153,179,0,3,1,2,Cardiac,Cardiology,1,50-64,0.30933900672017806,Medium
33,Female,28.6,114,95,208,1,3,0,3,Other,General Medicine,0,18-34,0.05860556031213675,Low
40,Male,28.1,122,101,197,1,1,0,1,Cardiac,General Medicine,0,35-49,0.11408578473031862,Low
53,Male,23.8,134,71,224,0,2,2,9,Other,General Medicine,0,50-64,0.27985123718592375,Medium
55,Male,34.2,103,79,219,1,1,2,5,Other,Endocrinology,0,50-64,0.26741383335356816,Medium
41,Female,22.4,100,103,143,0,0,2,2,Hypertension,General Medicine,0,35-49,0.2121825308668256,Medium
55,Female,18.0,116,88,116,1,4,2,7,Other,Surgery,0,50-64,0.26141576945670714,Medium
55,Female,29.3,121,165,171,0,0,2,3,Diabetes,Surgery,1,50-64,0.34314757706589716,High
58,Female,24.2,104,116,182,0,5,2,3,Diabetes,Surgery,1,50-64,0.3211054539204344,Medium
52,Male,31.0,147,65,172,0,3,1,1,Other,Endocrinology,1,50-64,0.13826607579725506,Low
56,Female,24.5,110,105,170,0,2,1,1,Other,Cardiology,1,50-64,0.17859887882632736,Medium
65,Female,29.3,144,121,186,1,5,3,2,Other,General Medicine,1,65-79,0.3997814425455628,High
75,Female,26.0,137,83,208,0,0,0,4,Cardiac,General Medicine,1,65-79,0.31406932529569326,Medium
63,Male,19.3,127,65,239,0,6,1,1,Other,General Medicine,0,50-64,0.17235863173798666,Medium
74,Female,31.6,128,114,219,0,1,5,10,Other,Cardiology,1,65-79,0.7991843843621139,High
55,Female,21.0,142,109,227,0,5,2,2,Hypertension,Surgery,0,50-64,0.2202527832344087,Medium
85,Male,30.2,167,136,229,0,2,1,1,Hypertension,Endocrinology,0,80+,0.2910158918842611,Medium
34,Female,24.8,112,65,172,0,5,2,3,Other,Surgery,0,18-34,0.14418118770141758,Low
54,Female,35.0,119,86,150,0,0,0,2,Other,Pulmonology,1,50-64,0.12177658701263107,Low
68,Male,29.3,134,65,215,0,6,1,7,Other,Surgery,0,65-79,0.19726384255572313,Medium
31,Male,25.1,138,106,184,0,3,0,6,Other,Endocrinology,0,18-34,0.05841796119172352,Low
18,Male,32.1,90,133,171,0,7,0,4,Other,Cardiology,0,18-34,0.03236477839178113,Low
69,Female,27.6,117,77,175,0,6,1,7,Respiratory,Pulmonology,0,65-79,0.2917476253692661,Medium
74,Female,28.7,141,112,223,0,7,1,3,Hypertension,General Medicine,0,65-79,0.2190204827162311,Medium
85,Male,22.7,122,90,199,0,3,0,4,Cardiac,General Medicine,1,80+,0.3371780387385422,Medium
95,Female,27.5,121,184,217,0,0,2,2,Other,Surgery,1,80+,0.5439939098767199,High
74,Female,23.8,128,131,215,0,3,0,5,Other,Surgery,0,65-79,0.1746274513835511,Medium
48,Female,17.2,102,130,172,0,5,0,7,Other,General Medicine,0,35-49,0.10084738111828441,Low
53,Male,24.8,112,65,237,1,5,1,2,Other,Cardiology,1,50-64,0.13399799820953157,Low
72,Male,22.6,120,101,201,1,5,0,2,Other,Surgery,0,65-79,0.1285312544857677,Low
40,Male,37.8,112,104,195,0,5,0,2,Other,General Medicine,0,35-49,0.05890845581496192,Low
47,Female,22.5,140,103,188,1,3,0,3,Other,Surgery,0,35-49,0.07879773477365942,Low
44,Female,22.0,116,106,139,0,7,1,4,Other,Pulmonology,0,35-49,0.1281519130176594,Low
55,Male,22.0,139,117,211,0,4,1,9,Other,General Medicine,0,50-64,0.18144275655484302,Medium
39,Female,28.4,90,145,208,0,5,0,3,Other,Cardiology,0,35-49,0.06790335094893002,Low
48,Male,32.0,126,118,110,1,5,3,7,Respiratory,General Medicine,0,35-49,0.3487540644082213,High
75,Male,29.0,150,110,236,0,1,1,8,Hypertension,General Medicine,1,65-79,0.2844165021302674,Medium
77,Female,30.1,116,110,186,0,0,3,4,Diabetes,General Medicine,1,65-79,0.6523520772021907,High
65,Male,25.1,120,98,248,0,2,2,8,Cardiac,General Medicine,0,65-79,0.4930982857009064,High
73,Male,27.4,130,117,239,0,6,1,3,Other,General Medicine,0,65-79,0.2203988707533238,Medium
72,Male,26.8,124,80,188,0,2,2,2,Other,General Medicine,0,65-79,0.35476821475286857,High
85,Male,32.3,123,96,238,0,5,1,3,Cardiac,Surgery,0,80+,0.4029771634156564,High
66,Male,25.9,152,65,194,0,1,3,3,Hypertension,General Medicine,0,65-79,0.4384543485964715,High
32,Female,22.1,120,80,182,0,4,1,1,Hypertension,General Medicine,0,18-34,0.08734464004255048,Low
72,Female,29.8,113,111,221,0,4,4,7,Other,Surgery,1,65-79,0.6294550150551835,High
46,Female,29.7,120,116,159,0,2,1,10,Other,General Medicine,1,35-49,0.1706165383517613,Medium
54,Female,32.4,107,129,222,0,0,0,10,Respiratory,General Medicine,1,50-64,0.17165893422168077,Medium
44,Male,28.7,125,96,204,0,0,0,2,Diabetes,General Medicine,0,35-49,0.11121500306496208,Low
37,Male,35.1,123,158,253,0,0,0,2,Other,Surgery,0,35-49,0.06297761751891952,Low
68,Female,30.5,142,107,227,0,3,0,2,Other,Endocrinology,0,65-79,0.14531255312710278,Low
44,Male,27.2,106,98,190,0,7,0,12,Other,General Medicine,0,35-49,0.08311389825962326,Low
86,Female,31.4,127,125,193,0,5,0,5,Cardiac,Cardiology,0,80+,0.333031553472446,Medium
90,Male,36.9,134,120,226,0,4,2,2,Other,General Medicine,1,80+,0.44287623942419124,High
47,Female,29.1,120,143,192,0,0,0,4,Diabetes,General Medicine,1,35-49,0.13704502703891608,Low
61,Male,24.3,117,123,217,0,4,5,7,Other,Endocrinology,1,50-64,0.6872228378972637,High
61,Male,19.8,131,104,194,1,1,1,4,Hypertension,General Medicine,1,50-64,0.1942644710533075,Medium
21,Female,26.2,127,149,193,0,5,2,5,Diabetes,Cardiology,0,18-34,0.15027169246698135,Low
63,Female,32.2,128,88,256,0,1,0,1,Cardiac,Surgery,1,50-64,0.20435306626216143,Medium
76,Male,26.9,126,116,267,1,0,2,4,Cardiac,Endocrinology,0,65-79,0.5534541551737467,High
73,Female,31.7,136,106,211,0,3,0,1,Cardiac,Surgery,0,65-79,0.2366712175436404,Medium
54,Female,29.2,123,102,172,0,7,2,4,Hypertension,General Medicine,0,50-64,0.21966076087197456,Medium
45,Male,23.6,133,111,172,0,1,1,13,Respiratory,Cardiology,0,35-49,0.2048004515289682,Medium
42,Male,24.8,119,91,184,0,3,1,2,Other,Cardiology,0,35-49,0.11435362144185116,Low
48,Female,28.2,131,97,223,1,5,1,4,Hypertension,General Medicine,0,35-49,0.12544417108743658,Low
55,Female,24.5,124,90,222,0,2,1,2,Other,Endocrinology,0,50-64,0.18074256952366938,Medium
32,Male,32.6,120,65,129,0,4,3,5,Diabetes,Cardiology,1,18-34,0.2771246122935158,Medium
49,Female,20.5,101,68,192,1,7,0,1,Cardiac,General Medicine,1,35-49,0.12815033559153607,Low
43,Female,21.3,97,85,164,1,4,1,2,Other,General Medicine,0,35-49,0.12259894456381613,Low
24,Female,22.0,98,112,213,0,2,2,5,Cardiac,General Medicine,0,18-34,0.2375890028696133,Medium
55,Female,32.7,140,75,221,0,6,0,1,Other,Endocrinology,0,50-64,0.08884609640885109,Low
76,Male,21.4,125,97,211,0,3,2,4,Other,General Medicine,0,65-79,0.3916787565363909,High
59,Female,29.3,123,98,217,0,7,1,7,Other,Endocrinology,0,50-64,0.1812691842869481,Medium
58,Female,22.7,136,90,249,0,0,2,7,Cardiac,General Medicine,0,50-64,0.47702563856081964,High
51,Female,29.2,121,107,166,0,5,1,4,Other,General Medicine,0,50-64,0.1487925661013967,Low
56,Female,36.6,113,119,229,0,7,0,2,Other,General Medicine,0,50-64,0.09053305639115414,Low
41,Male,26.6,127,110,224,0,7,1,5,Cardiac,General Medicine,0,35-49,0.16953283787275109,Medium
70,Male,22.4,112,91,194,0,6,3,9,Other,Pulmonology,1,65-79,0.5034342631296158,High
61,Male,22.4,124,114,174,0,4,1,3,Other,Cardiology,0,50-64,0.18136048671407803,Medium
86,Male,27.1,104,106,222,0,2,2,3,Other,Endocrinology,0,80+,0.4699937700472561,High
18,Female,30.7,94,130,145,0,4,1,13,Other,Endocrinology,0,18-34,0.08689414349566647,Low
32,Female,25.8,102,65,175,0,0,0,1,Other,Pulmonology,0,18-34,0.07120995886752013,Low
34,Female,26.1,93,81,203,0,7,3,4,Diabetes,Endocrinology,0,18-34,0.29503744868144366,Medium
38,Female,24.7,113,100,173,0,7,2,8,Other,Pulmonology,0,35-49,0.18994676553203585,Medium
67,Female,26.3,108,133,261,1,3,2,3,Respiratory,Endocrinology,1,65-79,0.38511771977133796,High
66,Male,31.9,114,101,241,0,3,2,2,Other,Cardiology,1,65-79,0.30074710402358007,Medium
56,Male,33.6,121,123,162,1,2,1,1,Other,General Medicine,1,50-64,0.15365373624046857,Medium
46,Female,29.6,144,72,250,0,7,0,6,Other,General Medicine,0,35-49,0.0763463128092365,Low
47,Male,26.5,90,92,159,1,7,0,3,Respiratory,Endocrinology,0,35-49,0.08505907799600074,Low
47,Female,27.7,130,94,169,1,3,1,6,Other,Surgery,0,35-49,0.13531822085719256,Low
38,Female,24.9,101,145,246,0,6,1,6,Diabetes,Surgery,0,35-49,0.14010375989017682,Low
65,Female,24.6,147,109,196,0,3,1,3,Cardiac,General Medicine,0,65-79,0.33115771382056475,Medium
90,Female,31.0,114,88,197,1,4,1,12,Other,Endocrinology,0,80+,0.40446416202698504,High
72,Male,26.9,137,133,153,0,4,1,9,Other,General Medicine,1,65-79,0.2609962754689644,Medium
83,Female,36.1,117,128,176,1,6,1,7,Diabetes,General Medicine,0,80+,0.36677344593661193,High
55,Female,30.1,121,92,112,0,0,1,5,Other,Cardiology,0,50-64,0.1977228647838999,Medium
34,Male,24.1,95,97,164,0,7,0,1,Other,Cardiology,0,18-34,0.047861109497193695,Low
49,Male,31.6,136,117,183,1,7,0,1,Diabetes,Endocrinology,0,35-49,0.08680602543843541,Low
49,Male,36.1,115,156,183,0,1,2,2,Diabetes,Cardiology,0,35-49,0.2797920582594919,Medium
39,Female,26.5,107,77,194,1,7,2,4,Respiratory,General Medicine,0,35-49,0.18872094230934078,Medium
65,Male,27.6,137,72,189,0,1,1,3,Other,Surgery,0,65-79,0.202770409967581,Medium
50,Male,30.5,90,86,226,0,6,0,1,Other,Pulmonology,0,50-64,0.0823587592402479,Low
43,Male,33.4,113,95,110,0,4,3,9,Cardiac,Cardiology,1,35-49,0.4366808119312128,High
64,Female,30.8,100,128,175,0,6,1,7,Cardiac,Pulmonology,0,50-64,0.34363289251648527,High
37,Male,37.1,110,118,198,1,0,2,2,Respiratory,Cardiology,0,35-49,0.19640657131827816,Medium
60,Female,21.7,104,98,151,0,4,0,6,Other,Surgery,0,50-64,0.12558699694245914,Low
66,Female,28.4,133,88,240,1,4,1,2,Cardiac,General Medicine,1,65-79,0.30921144625296837,Medium
70,Female,17.7,139,65,185,1,5,1,8,Cardiac,General Medicine,0,65-79,0.37227297967124384,High
76,Female,28.5,105,123,217,0,4,2,2,Cardiac,General Medicine,0,65-79,0.5290565433239387,High
85,Female,26.8,157,103,177,0,6,1,3,Cardiac,Cardiology,0,80+,0.4230339209860205,High
53,Male,32.9,110,142,229,0,2,1,12,Diabetes,General Medicine,0,50-64,0.25258843636424644,Medium
58,Male,35.4,114,153,177,0,1,0,6,Diabetes,General Medicine,0,50-64,0.16504983765267947,Medium
49,Female,27.0,111,65,199,1,0,2,2,Hypertension,Endocrinology,1,35-49,0.23815840644587224,Medium
58,Male,25.5,138,104,205,0,0,3,6,Other,Cardiology,0,50-64,0.4285386749247046,High
62,Male,26.0,139,65,181,0,1,0,1,Other,Surgery,0,50-64,0.11464256594009097,Low
79,Female,32.0,125,88,183,0,0,2,5,Cardiac,Cardiology,1,65-79,0.5983876731860733,High
79,Male,28.3,117,65,171,0,7,2,4,Cardiac,Endocrinology,1,65-79,0.5059650021302123,High
46,Male,25.8,120,89,161,0,5,1,5,Diabetes,Cardiology,0,35-49,0.16376728143764238,Medium
40,Male,36.2,110,79,153,0,6,1,3,Hypertension,Surgery,0,35-49,0.08447958576626621,Low
72,Male,22.0,144,112,181,0,2,3,6,Hypertension,General Medicine,0,65-79,0.5006963461685799,High
33,Female,26.1,96,102,174,1,3,1,2,Other,Endocrinology,0,18-34,0.09810620913050071,Low
49,Female,28.0,119,120,158,0,7,0,6,Other,Pulmonology,0,35-49,0.09233308626857925,Low
90,Female,20.1,129,110,202,0,7,3,4,Other,Surgery,0,80+,0.5792213480664173,High
64,Male,29.5,114,110,204,1,6,3,6,Diabetes,General Medicine,0,50-64,0.4759706470674365,High
44,Male,27.4,98,65,229,0,6,2,5,Other,Endocrinology,0,35-49,0.1885440036030067,Medium
56,Male,26.7,116,65,167,0,2,2,4,Other,Endocrinology,1,50-64,0.2724310457687356,Medium
51,Female,30.2,120,136,126,0,2,0,1,Other,Endocrinology,0,50-64,0.09832368122839713,Low
69,Male,25.5,122,109,176,0,7,1,6,Diabetes,Cardiology,0,65-79,0.263664464932573,Medium
36,Male,26.6,123,65,185,0,1,2,13,Hypertension,General Medicine,1,35-49,0.20884382979540134,Medium
34,Female,26.6,106,122,151,0,5,1,3,Other,Endocrinology,0,18-34,0.09848927330838533,Low
64,Female,35.3,118,109,206,0,2,2,2,Other,Cardiology,0,50-64,0.31083365681730907,Medium
32,Male,28.4,120,122,176,0,6,0,1,Other,Surgery,0,18-34,0.04232716053872051,Low
43,Male,32.3,123,124,144,0,6,2,8,Other,General Medicine,0,35-49,0.18630174856566653,Medium
92,Female,28.7,126,121,210,0,6,1,6,Cardiac,Surgery,0,80+,0.487315768571135,High
49,Female,26.5,123,108,185,0,5,1,4,Other,Surgery,0,35-49,0.13326442153207166,Low
43,Male,24.2,125,66,193,0,1,0,3,Other,Endocrinology,0,35-49,0.08246908394346465,Low
36,Male,25.5,116,96,267,0,7,1,4,Cardiac,Surgery,0,35-49,0.13899068596177772,Low
45,Female,25.5,121,119,131,0,5,1,5,Cardiac,Endocrinology,1,35-49,0.21846062204376412,Medium
42,Female,29.6,97,125,161,0,1,0,6,Other,Cardiology,0,35-49,0.09227641563108416,Low
44,Female,25.7,115,133,196,0,3,0,4,Other,Surgery,0,35-49,0.08007892838530149,Low
69,Female,22.0,127,65,244,0,5,1,13,Other,General Medicine,0,65-79,0.2808429128847451,Medium
49,Male,24.2,131,79,196,0,0,1,5,Other,Cardiology,1,35-49,0.1629818307670564,Medium
32,Male,20.4,104,66,173,0,2,2,6,Other,General Medicine,0,18-34,0.17056531815646478,Medium
40,Male,33.6,120,102,199,0,0,0,3,Diabetes,Pulmonology,0,35-49,0.10839650366366171,Low
60,Male,24.5,128,78,216,1,7,3,5,Cardiac,Surgery,0,50-64,0.4747387927377069,High
71,Female,33.2,119,97,156,0,0,0,7,Other,Endocrinology,0,65-79,0.19854972316509642,Medium
40,Male,25.8,130,120,186,0,5,1,2,Other,Surgery,0,35-49,0.09305297689210519,Low
65,Male,25.4,117,100,173,0,7,2,5,Other,Pulmonology,0,65-79,0.2996612164943188,Medium
68,Female,29.5,123,120,166,0,4,3,8,Cardiac,Cardiology,1,65-79,0.6313647131623786,High
76,Female,20.3,142,86,148,0,4,1,2,Other,Endocrinology,1,65-79,0.26806972181739946,Medium
50,Female,36.1,130,119,225,0,7,2,12,Other,Pulmonology,0,50-64,0.25566915439293497,Medium
49,Female,24.2,109,124,203,0,4,0,2,Other,General Medicine,0,35-49,0.09109366266408642,Low
62,Female,40.4,123,158,200,0,3,1,9,Diabetes,General Medicine,1,50-64,0.28309786202827114,Medium
31,Female,27.5,123,73,136,0,3,0,6,Other,Endocrinology,0,18-34,0.0631796309552993,Low
60,Female,25.3,132,118,191,0,1,4,4,Other,General Medicine,0,50-64,0.5787123624953819,High
69,Male,34.1,136,108,178,1,2,1,7,Cardiac,Cardiology,1,65-79,0.34905696626340454,High
42,Male,29.1,127,115,218,0,6,0,1,Other,General Medicine,0,35-49,0.05963415995407455,Low
78,Female,33.1,123,131,177,0,0,3,5,Cardiac,General Medicine,1,65-79,0.7167367627685368,High
31,Female,21.3,107,75,155,0,4,2,6,Other,Pulmonology,0,18-34,0.17512294292786026,Medium
76,Male,27.4,119,97,169,0,2,0,5,Diabetes,General Medicine,1,65-79,0.24076559684350338,Medium
47,Female,26.8,110,142,212,0,4,0,1,Diabetes,Pulmonology,0,35-49,0.11874851816296607,Low
29,Female,27.0,111,120,261,1,7,0,1,Respiratory,General Medicine,0,18-34,0.052086627379891344,Low
39,Male,32.0,121,95,232,0,3,0,6,Diabetes,Cardiology,0,35-49,0.09300922613012093,Low
39,Male,29.8,97,88,207,1,6,1,4,Cardiac,Endocrinology,1,35-49,0.16107765626718556,Medium
69,Male,27.3,124,116,159,0,3,1,3,Cardiac,Surgery,0,65-79,0.32300101029405964,Medium
39,Male,31.3,111,99,184,0,7,0,1,Other,General Medicine,0,35-49,0.052879216102500584,Low
61,Male,23.2,92,91,181,0,2,2,3,Other,Endocrinology,1,50-64,0.3079154421723517,Medium
37,Male,20.0,144,65,187,1,0,1,6,Hypertension,General Medicine,1,35-49,0.1152520501749321,Low
66,Female,28.4,137,91,206,0,1,0,2,Cardiac,Endocrinology,0,65-79,0.24197761846558513,Medium
58,Male,33.7,136,127,197,0,5,2,10,Other,Endocrinology,1,50-64,0.27966628392139553,Medium
85,Female,22.5,137,79,278,0,4,5,16,Cardiac,Surgery,1,80+,0.9074726719193077,High
56,Male,18.6,119,102,126,1,5,2,5,Respiratory,General Medicine,1,50-64,0.28779651955663466,Medium
78,Female,38.0,116,85,194,0,7,0,1,Cardiac,General Medicine,0,65-79,0.2427411249401451,Medium
72,Male,30.6,143,130,240,0,0,1,3,Hypertension,Cardiology,0,65-79,0.24602973671370518,Medium
82,Male,30.8,134,136,179,0,0,0,3,Other,Pulmonology,1,80+,0.22946267809315063,Medium
62,Female,26.4,108,105,217,0,7,0,5,Cardiac,Surgery,0,50-64,0.18353466544425684,Medium
47,Male,29.3,121,65,222,0,2,1,3,Other,Surgery,0,35-49,0.1277503998120606,Low
45,Male,36.4,137,131,168,0,2,0,9,Other,Endocrinology,0,35-49,0.09100513896400834,Low
41,Male,22.6,99,128,169,0,2,1,8,Other,Cardiology,0,35-49,0.13984606704295924,Low
70,Female,33.2,139,91,179,0,2,0,3,Cardiac,Cardiology,0,65-79,0.24837549023319408,Medium
39,Male,18.5,123,112,158,0,6,0,5,Other,General Medicine,0,35-49,0.06454375651069386,Low
26,Male,36.1,92,161,168,0,7,0,5,Diabetes,Surgery,1,18-34,0.051843350779599354,Low
46,Male,36.8,106,77,121,1,0,1,2,Diabetes,Surgery,0,35-49,0.16133685816056156,Medium
48,Female,24.6,124,92,212,0,4,2,3,Other,Cardiology,0,35-49,0.2184364949549584,Medium
38,Male,21.3,92,103,191,0,0,1,5,Other,General Medicine,0,35-49,0.13440789383871402,Low
80,Female,26.8,134,109,206,0,5,1,4,Cardiac,General Medicine,0,80+,0.4189961033821796,High
29,Male,20.1,133,122,121,0,5,0,2,Other,Surgery,0,18-34,0.042765629616136946,Low
33,Female,28.3,92,84,162,0,3,1,5,Other,Surgery,0,18-34,0.10093595773682046,Low
18,Female,32.5,118,95,130,0,2,1,5,Other,General Medicine,0,18-34,0.07251174262177723,Low
69,Male,26.5,118,116,221,1,0,1,4,Respiratory,Surgery,0,65-79,0.2725896180759854,Medium
87,Male,25.9,146,65,206,0,6,3,4,Cardiac,Surgery,0,80+,0.6716143614557444,High
32,Female,31.9,107,143,244,0,7,0,12,Other,Pulmonology,0,18-34,0.06901480886222965,Low
46,Female,33.4,117,138,112,0,5,2,19,Diabetes,Surgery,0,35-49,0.3293574651812122,Medium
74,Male,29.0,124,90,202,1,7,3,7,Respiratory,Pulmonology,0,65-79,0.5330732122948966,High
65,Male,34.5,121,103,193,1,5,1,3,Diabetes,Pulmonology,0,65-79,0.24243263710543106,Medium
48,Female,27.3,111,113,170,0,6,0,4,Other,General Medicine,0,35-49,0.08410212531744383,Low
48,Female,34.7,114,154,118,0,5,0,5,Other,General Medicine,0,35-49,0.08668956277852903,Low
18,Female,32.0,96,101,151,0,6,4,3,Other,Endocrinology,0,18-34,0.24375131644380188,Medium
95,Male,33.9,169,110,162,0,3,3,4,Other,General Medicine,0,80+,0.6262603487021621,High
62,Female,26.4,134,66,239,0,7,7,4,Other,Endocrinology,1,50-64,0.846599858667906,High
67,Male,22.7,130,135,184,0,3,0,1,Other,Surgery,0,65-79,0.12444908672188577,Low
60,Male,29.7,132,80,201,1,1,0,8,Respiratory,Cardiology,1,50-64,0.15590046719369016,Medium
82,Male,32.2,136,101,220,0,1,1,4,Cardiac,Surgery,1,80+,0.4291931744315323,High
38,Male,32.7,122,117,261,1,5,0,3,Cardiac,Surgery,0,35-49,0.08815132127976552,Low
58,Female,25.9,140,114,166,1,1,2,15,Respiratory,Pulmonology,0,50-64,0.42963936824942534,High
52,Male,20.2,114,123,203,0,0,1,9,Respiratory,General Medicine,1,50-64,0.23972434164970388,Medium
45,Female,19.1,124,99,157,0,5,0,13,Hypertension,Cardiology,0,35-49,0.09785555649153958,Low
91,Female,26.9,139,131,162,1,0,3,2,Cardiac,Surgery,1,80+,0.7486958619764658,High
46,Female,27.0,134,76,176,0,4,2,7,Cardiac,General Medicine,0,35-49,0.34302874357037605,High
66,Male,30.1,141,112,219,1,4,1,4,Respiratory,Cardiology,1,65-79,0.22460380047918305,Medium
81,Male,25.5,152,103,141,0,0,3,5,Hypertension,General Medicine,0,80+,0.5726263194120832,High
67,Male,31.0,128,95,198,0,3,1,4,Cardiac,Pulmonology,1,65-79,0.34654863029780175,High
63,Male,33.9,148,96,244,1,3,2,8,Hypertension,General Medicine,1,50-64,0.28821626541221507,Medium
43,Male,27.4,123,108,111,0,2,0,2,Other,Surgery,1,35-49,0.06949323741122589,Low
71,Female,33.1,136,109,210,0,2,1,1,Other,General Medicine,0,65-79,0.2402021059043574,Medium
60,Female,28.1,118,110,221,0,3,0,8,Other,General Medicine,0,50-64,0.14171954722116692,Low
64,Female,26.5,120,130,224,0,1,0,1,Cardiac,Cardiology,0,50-64,0.2278721324136644,Medium
54,Male,31.3,121,93,196,0,2,1,1,Other,Cardiology,0,50-64,0.1519593361831648,Medium
46,Male,26.5,128,65,162,0,6,1,3,Other,General Medicine,0,35-49,0.11419588563491753,Low
74,Female,18.9,93,96,210,0,1,1,9,Other,General Medicine,1,65-79,0.34077070123962383,Medium
61,Female,19.9,124,85,202,0,7,1,5,Other,Endocrinology,0,50-64,0.18839375014238888,Medium
78,Male,31.5,147,65,209,0,4,1,4,Diabetes,Surgery,0,65-79,0.3055894644959942,Medium
66,Female,20.6,121,103,196,0,6,2,3,Other,Surgery,1,65-79,0.29209964554565226,Medium
53,Female,29.4,116,92,121,0,0,1,2,Other,General Medicine,0,50-64,0.180544739882638,Medium
71,Female,21.6,101,109,213,0,7,2,4,Other,Endocrinology,0,65-79,0.34586064459902194,High
45,Female,22.5,90,66,220,0,1,2,4,Other,Surgery,1,35-49,0.23050617924184963,Medium
84,Female,27.3,115,123,176,1,7,2,4,Other,Surgery,0,80+,0.3862344638366378,High
59,Female,21.7,130,123,112,0,3,2,6,Other,Surgery,0,50-64,0.2920622627710119,Medium
55,Female,24.5,128,127,248,0,0,1,4,Other,General Medicine,0,50-64,0.2019070792619157,Medium
62,Female,26.0,130,96,148,1,6,1,4,Other,General Medicine,0,50-64,0.17882684635811436,Medium
82,Male,27.8,151,101,229,0,5,1,2,Other,General Medicine,0,80+,0.2651055570087733,Medium
47,Male,19.4,130,92,148,1,1,0,3,Cardiac,Pulmonology,0,35-49,0.15676362439783895,Medium
88,Male,30.2,117,169,178,0,7,1,1,Diabetes,Pulmonology,1,80+,0.3699795911802717,High
43,Male,25.3,136,100,176,0,5,1,14,Hypertension,Cardiology,0,35-49,0.13623413258810013,Low
40,Male,24.7,143,126,166,1,2,0,2,Hypertension,General Medicine,0,35-49,0.06245204503604155,Low
55,Male,29.5,118,112,203,0,3,0,11,Hypertension,General Medicine,1,50-64,0.11873058737779281,Low
37,Male,31.3,108,65,129,0,7,0,6,Diabetes,Pulmonology,0,35-49,0.08222552207631663,Low
57,Female,19.8,125,65,191,0,1,2,3,Diabetes,General Medicine,0,50-64,0.3723858603627774,High
63,Female,30.7,119,90,170,0,0,2,5,Other,Cardiology,0,50-64,0.34744801564678507,High
65,Male,23.8,115,69,170,0,2,2,3,Other,Endocrinology,0,65-79,0.32454119421406896,Medium
36,Female,25.4,143,124,110,0,2,1,4,Hypertension,General Medicine,0,35-49,0.10895922721147078,Low
84,Male,24.4,108,71,249,0,6,0,5,Other,Cardiology,0,80+,0.1970406360700193,Medium
65,Female,29.3,129,136,223,1,4,1,3,Respiratory,Cardiology,0,65-79,0.23370543610410605,Medium
61,Female,28.3,115,78,251,1,1,1,4,Cardiac,Cardiology,1,50-64,0.32108226756608776,Medium
53,Male,30.3,138,125,220,0,6,2,3,Other,General Medicine,1,50-64,0.20895080324462054,Medium
79,Male,28.5,138,76,194,0,3,0,7,Other,Cardiology,0,65-79,0.19456760419344518,Medium
54,Female,27.9,141,103,189,0,3,0,1,Cardiac,Pulmonology,0,50-64,0.17552608685648657,Medium
48,Male,27.2,93,92,172,0,5,1,4,Respiratory,General Medicine,0,35-49,0.16018912259791712,Medium
40,Female,26.2,113,73,165,0,6,1,8,Other,Surgery,0,35-49,0.11339231615305248,Low
38,Female,21.4,127,145,207,0,0,3,2,Diabetes,Surgery,0,35-49,0.35464667811618616,High
63,Female,30.4,152,96,232,0,3,1,7,Diabetes,Endocrinology,0,50-64,0.2816482931495238,Medium
45,Male,27.7,109,137,157,0,0,1,2,Other,Surgery,0,35-49,0.131966945400362,Low
83,Male,34.8,134,118,212,0,6,2,7,Other,Endocrinology,0,80+,0.4113070985165745,High
64,Male,25.3,119,145,177,1,1,2,2,Cardiac,Surgery,1,50-64,0.42180888110778164,High
43,Male,29.9,126,105,167,0,1,0,2,Other,Surgery,0,35-49,0.07157920354917158,Low
44,Male,27.2,130,92,153,0,6,3,4,Other,Cardiology,0,35-49,0.263451632319682,Medium
66,Female,32.7,107,156,159,1,5,1,5,Diabetes,Cardiology,0,65-79,0.26269231195867954,Medium
67,Male,34.3,123,145,138,0,5,0,4,Other,Cardiology,0,65-79,0.12477017527546418,Low
55,Female,31.5,126,113,164,0,0,1,3,Other,Cardiology,0,50-64,0.18773852595261548,Medium
66,Male,29.1,112,93,176,0,7,1,6,Cardiac,General Medicine,0,65-79,0.30204597798009847,Medium
37,Male,26.0,127,117,199,1,0,0,4,Hypertension,Cardiology,0,35-49,0.06594746252357722,Low
53,Male,25.9,125,78,112,1,3,1,3,Respiratory,Surgery,0,50-64,0.16393503775462895,Medium
31,Female,31.1,129,77,169,0,7,0,6,Other,Cardiology,0,18-34,0.050308042230019695,Low
72,Male,28.0,111,89,184,0,1,1,3,Cardiac,Cardiology,0,65-79,0.38095146768056765,High
49,Female,34.6,124,157,176,0,3,0,7,Cardiac,Cardiology,0,35-49,0.16467735223489977,Medium
78,Male,27.4,136,102,253,0,3,0,10,Cardiac,General Medicine,0,65-79,0.3214547642127867,Medium
44,Female,26.6,125,101,198,0,6,1,6,Other,Endocrinology,0,35-49,0.12872206245652343,Low
35,Male,18.7,114,87,170,0,0,2,4,Diabetes,Surgery,0,35-49,0.2265031176168283,Medium
62,Male,23.1,104,114,216,1,0,2,3,Other,Cardiology,1,50-64,0.3130621494298874,Medium
49,Female,26.6,136,141,147,0,0,3,12,Diabetes,Surgery,0,35-49,0.4892561427889111,High
70,Female,34.7,137,113,230,0,7,0,2,Other,General Medicine,1,65-79,0.1271751747548597,Low
76,Female,28.0,123,120,195,0,5,2,5,Other,General Medicine,1,65-79,0.38934411294496607,High
50,Female,27.6,138,65,240,0,3,3,9,Other,General Medicine,0,50-64,0.3815081960112613,High
81,Female,21.4,141,137,235,0,7,2,7,Hypertension,Pulmonology,1,80+,0.425846811364954,High
87,Male,31.4,128,147,183,0,3,1,3,Diabetes,Cardiology,0,80+,0.39131072247430243,High
49,Female,28.6,124,105,232,0,0,1,4,Diabetes,Surgery,0,35-49,0.20821803302116626,Medium
49,Male,35.6,114,99,234,0,0,0,8,Diabetes,General Medicine,0,35-49,0.14382862163422164,Low
41,Male,19.4,144,113,159,0,7,1,4,Other,General Medicine,0,35-49,0.10090264126936105,Low
35,Female,23.5,110,142,200,0,1,1,3,Diabetes,General Medicine,0,35-49,0.15701400743742316,Medium
45,Female,16.3,145,67,139,0,3,2,8,Cardiac,General Medicine,0,35-49,0.36219681179522417,High
62,Male,20.9,109,86,162,0,4,1,6,Cardiac,General Medicine,1,50-64,0.31668109231914,Medium
57,Female,30.2,143,96,184,0,1,1,5,Diabetes,Endocrinology,1,50-64,0.25652021819741,Medium
80,Male,21.3,144,106,210,0,0,3,3,Other,General Medicine,1,80+,0.5737113185930498,High
55,Male,22.6,107,128,196,0,7,2,2,Other,General Medicine,0,50-64,0.22004270822994923,Medium
70,Male,34.8,149,122,289,0,6,1,1,Cardiac,Surgery,0,65-79,0.2748439106184717,Medium
50,Female,24.6,114,127,207,0,1,3,5,Other,General Medicine,0,50-64,0.3897314803760648,High
61,Female,35.9,127,115,221,0,5,1,3,Diabetes,General Medicine,1,50-64,0.23039496160163522,Medium
44,Female,35.0,122,115,152,0,4,0,7,Other,Surgery,0,35-49,0.0781642974590146,Low
38,Female,21.4,124,91,180,0,7,0,4,Other,Endocrinology,0,35-49,0.06310700343020814,Low
18,Female,29.1,90,81,172,0,3,1,8,Other,Surgery,0,18-34,0.07333857423620208,Low
45,Female,28.5,132,145,154,0,0,0,3,Other,Cardiology,0,35-49,0.09299616871144137,Low
31,Female,26.5,109,115,145,1,5,1,4,Respiratory,Cardiology,0,18-34,0.10402913390313438,Low
87,Female,26.3,140,65,231,0,3,1,6,Other,Pulmonology,1,80+,0.3796753619961888,High
60,Female,31.7,109,65,185,0,6,0,1,Diabetes,General Medicine,0,50-64,0.13744830970774116,Low
39,Male,27.7,90,103,191,0,0,0,1,Other,Cardiology,0,35-49,0.07350960009517002,Low
74,Male,28.1,125,141,173,1,4,2,8,Diabetes,General Medicine,1,65-79,0.450186881076573,High
93,Female,30.8,135,83,287,0,3,2,2,Cardiac,Cardiology,0,80+,0.6409252559239339,High
54,Female,27.8,133,94,214,1,6,0,3,Respiratory,Cardiology,0,50-64,0.10549347885284373,Low
43,Female,26.1,90,111,152,0,7,2,6,Other,Cardiology,0,35-49,0.19228726408438993,Medium
69,Male,25.1,112,76,186,1,6,2,1,Other,Surgery,0,65-79,0.2669936019662487,Medium
85,Female,30.9,141,109,231,0,0,2,4,Cardiac,General Medicine,0,80+,0.6349874784135665,High
61,Male,18.9,102,131,123,0,2,1,5,Cardiac,Cardiology,0,50-64,0.32536421753979927,Medium
56,Female,26.3,139,112,230,0,6,2,2,Other,Endocrinology,0,50-64,0.23932485382755436,Medium
49,Female,25.3,114,96,171,1,7,0,1,Other,General Medicine,0,35-49,0.07312691394522339,Low
64,Female,29.3,136,108,169,0,7,1,7,Other,General Medicine,0,50-64,0.19839188179049905,Medium
62,Female,29.6,126,96,149,1,7,1,11,Other,General Medicine,0,50-64,0.20003471560541994,Medium
54,Female,30.3,123,106,158,0,3,0,3,Other,General Medicine,0,50-64,0.10533583067127099,Low
45,Male,29.5,104,129,183,1,1,1,2,Other,Endocrinology,0,35-49,0.13140688720700794,Low
75,Female,24.8,133,84,187,1,3,1,6,Respiratory,Endocrinology,0,65-79,0.3259458552436594,Medium
41,Male,34.0,150,91,201,0,3,0,2,Hypertension,Cardiology,0,35-49,0.059872680641265386,Low
56,Female,28.4,116,110,153,1,7,1,4,Cardiac,Surgery,0,50-64,0.22493774672106184,Medium
69,Female,36.3,136,116,204,0,3,1,5,Other,Endocrinology,0,65-79,0.2413819328124489,Medium
43,Female,24.8,137,101,131,1,6,1,4,Other,General Medicine,0,35-49,0.11140594326191992,Low
69,Female,34.2,115,108,227,0,3,2,4,Cardiac,Cardiology,1,65-79,0.48790008213803376,High
72,Male,19.6,134,103,166,0,1,1,3,Other,General Medicine,0,65-79,0.26250242412441854,Medium
60,Male,30.8,127,137,194,0,6,1,3,Respiratory,General Medicine,0,50-64,0.191259550271956,Medium
61,Male,20.8,130,65,176,0,4,3,5,Respiratory,General Medicine,0,50-64,0.4614124717384482,High
41,Female,27.7,93,119,228,0,1,2,3,Diabetes,Cardiology,1,35-49,0.2706026570436563,Medium
57,Female,23.8,103,67,217,0,3,1,2,Respiratory,General Medicine,0,50-64,0.21866122176512057,Medium
28,Female,24.0,116,107,190,1,2,0,7,Respiratory,Surgery,0,18-34,0.06837786665321462,Low
48,Male,29.5,120,139,162,0,7,0,2,Other,Pulmonology,0,35-49,0.07461031577483668,Low
54,Female,24.9,162,120,212,0,0,0,11,Hypertension,Pulmonology,0,50-64,0.14587265874144797,Low
48,Female,28.3,154,104,125,0,0,1,13,Hypertension,General Medicine,0,35-49,0.1914075542295552,Medium
75,Female,36.7,134,137,189,0,7,3,4,Diabetes,General Medicine,1,65-79,0.5483956024917641,High
72,Male,28.3,120,88,200,0,4,0,1,Other,General Medicine,0,65-79,0.14291611982548216,Low
58,Female,23.4,125,101,216,1,5,0,3,Respiratory,Pulmonology,0,50-64,0.13660910600770712,Low
81,Male,28.6,133,101,209,1,2,2,6,Other,Surgery,0,80+,0.4061068947348239,High
28,Female,31.1,127,101,158,0,3,0,1,Diabetes,Endocrinology,0,18-34,0.06742743046860425,Low
43,Female,16.0,153,65,131,0,4,1,8,Hypertension,Surgery,0,35-49,0.1264762252504574,Low
62,Male,24.9,129,128,159,1,7,0,3,Respiratory,General Medicine,0,50-64,0.11973525352687013,Low
59,Female,21.6,124,87,184,1,0,0,3,Respiratory,General Medicine,1,50-64,0.1603553289474149,Medium
31,Male,24.9,106,70,175,0,6,1,7,Hypertension,Surgery,0,18-34,0.07845880199913202,Low
76,Female,17.2,171,85,196,0,4,0,1,Diabetes,Surgery,0,65-79,0.20275239057530078,Medium
53,Female,33.5,120,80,167,0,1,2,4,Other,Endocrinology,0,50-64,0.27319011822071393,Medium
49,Male,35.9,114,159,204,0,4,3,4,Diabetes,Surgery,1,35-49,0.36569181359147307,High
57,Male,32.9,133,122,199,0,7,1,17,Other,General Medicine,0,50-64,0.19609781067984855,Medium
82,Female,26.1,121,102,144,1,7,2,4,Respiratory,General Medicine,1,80+,0.44197556772414454,High
51,Male,31.0,116,85,180,0,0,1,3,Other,Surgery,0,50-64,0.1524274100825324,Medium
36,Female,27.5,104,114,212,0,2,2,2,Other,Cardiology,0,35-49,0.17614542444597173,Medium
38,Female,20.2,124,94,131,0,0,1,8,Other,Endocrinology,0,35-49,0.1514800705868359,Medium
73,Male,34.2,125,144,249,0,7,0,7,Other,Pulmonology,0,65-79,0.1571044945127748,Medium
53,Male,28.0,134,141,273,0,5,0,4,Other,Endocrinology,0,50-64,0.09179227888010538,Low
69,Female,23.8,123,90,209,0,7,0,2,Other,Cardiology,0,65-79,0.12990933881411554,Low
36,Female,16.9,114,80,152,1,6,1,1,Other,Endocrinology,0,35-49,0.09296498494095046,Low
40,Female,27.8,133,139,187,1,6,1,6,Other,Surgery,0,35-49,0.10052829206495835,Low
53,Female,19.1,122,110,214,0,1,2,4,Cardiac,Endocrinology,0,50-64,0.4219907041026623,High
31,Female,21.6,129,65,159,0,0,0,5,Respiratory,General Medicine,0,18-34,0.08584382315053173,Low
18,Female,26.3,116,65,199,0,3,1,5,Other,General Medicine,0,18-34,0.07185392652129967,Low
70,Female,26.0,149,71,218,1,3,1,3,Other,General Medicine,0,65-79,0.22995604147673862,Medium
70,Female,24.8,121,104,195,0,2,1,4,Other,General Medicine,0,65-79,0.26262273291919297,Medium
54,Male,30.3,110,113,123,1,3,2,3,Cardiac,General Medicine,0,50-64,0.35271303253751146,High
49,Female,25.0,137,114,177,0,0,0,4,Other,Cardiology,0,35-49,0.10669635262491024,Low
73,Female,23.9,132,91,199,0,7,1,3,Cardiac,General Medicine,0,65-79,0.3465626121293991,High
79,Female,29.7,122,85,251,0,0,1,2,Cardiac,General Medicine,0,65-79,0.4545502154380871,High
70,Male,26.4,129,134,242,0,0,1,1,Other,General Medicine,0,65-79,0.24578817456790708,Medium
81,Female,31.0,140,78,208,0,7,1,3,Diabetes,General Medicine,0,80+,0.32775296637535706,Medium
47,Female,26.9,121,127,241,0,3,1,6,Cardiac,General Medicine,1,35-49,0.24804849952210936,Medium
63,Male,24.3,121,152,217,0,1,3,5,Other,General Medicine,1,50-64,0.45992348525238436,High
38,Male,29.3,138,87,158,0,1,0,1,Other,General Medicine,0,35-49,0.06488543733690443,Low
20,Male,24.2,90,122,166,0,7,0,4,Respiratory,General Medicine,0,18-34,0.04439775743784345,Low
43,Male,18.6,113,83,154,0,4,0,3,Other,General Medicine,0,35-49,0.07485415663381471,Low
60,Female,24.3,90,74,186,0,2,2,6,Other,Pulmonology,0,50-64,0.3517438721950721,High
65,Female,35.0,130,127,166,1,2,0,5,Other,General Medicine,0,65-79,0.14135789103546592,Low
58,Male,26.1,136,78,181,0,5,0,3,Other,Pulmonology,0,50-64,0.10712940300315509,Low
57,Male,21.2,128,157,210,1,0,1,2,Diabetes,General Medicine,0,50-64,0.2359659680940421,Medium
39,Male,25.6,131,71,151,0,6,1,5,Diabetes,Surgery,0,35-49,0.12343887583458985,Low
18,Male,36.0,106,97,131,0,5,0,1,Other,Surgery,0,18-34,0.029142623018687083,Low
38,Male,36.5,97,148,176,0,5,1,3,Other,Pulmonology,0,35-49,0.10393227366033457,Low
72,Male,20.6,154,87,167,0,3,1,4,Hypertension,General Medicine,0,65-79,0.2345284109816633,Medium
73,Male,25.7,137,89,203,1,1,0,2,Cardiac,General Medicine,1,65-79,0.2540021822171112,Medium
38,Male,26.5,101,97,110,0,3,0,7,Hypertension,Endocrinology,0,35-49,0.07146669568926389,Low
75,Male,30.5,150,107,220,1,6,1,4,Cardiac,Endocrinology,0,65-79,0.33563966462696604,Medium
49,Female,31.7,130,107,211,0,6,0,3,Other,Cardiology,0,35-49,0.07912722623072753,Low
72,Male,30.2,143,112,207,1,6,1,6,Cardiac,Pulmonology,0,65-79,0.34568514862400906,High
49,Male,30.5,106,182,158,0,4,2,3,Diabetes,General Medicine,0,35-49,0.270676400768594,Medium
79,Male,29.5,107,130,236,0,1,0,4,Other,Surgery,0,65-79,0.19309131640534566,Medium
67,Female,41.7,107,90,241,0,5,1,2,Diabetes,Surgery,0,65-79,0.24026652682625732,Medium
66,Female,29.9,90,74,169,0,2,4,7,Other,Cardiology,0,65-79,0.6305488843127081,High
75,Female,35.4,125,113,219,0,2,2,6,Cardiac,Surgery,0,65-79,0.5357349674060453,High
52,Female,23.1,100,83,220,0,7,0,2,Other,General Medicine,0,50-64,0.08798041960448669,Low
66,Female,28.3,102,87,185,1,3,2,4,Respiratory,Surgery,1,65-79,0.35882103192055714,High
70,Male,31.7,152,135,209,0,5,2,2,Hypertension,Cardiology,1,65-79,0.28512965238585825,Medium
49,Male,30.8,110,110,185,0,4,0,3,Other,Surgery,0,35-49,0.07726327539800552,Low
69,Female,30.4,126,125,269,0,0,0,1,Cardiac,General Medicine,0,65-79,0.2616450241715694,Medium
62,Female,25.8,128,148,194,0,5,1,6,Other,Surgery,0,50-64,0.1920426461968798,Medium
61,Female,23.6,140,110,202,0,4,2,23,Other,General Medicine,1,50-64,0.4185839889081745,High
50,Female,32.6,121,109,146,0,2,1,2,Other,General Medicine,0,50-64,0.15304069247477822,Medium
64,Male,28.0,107,74,241,1,3,1,1,Respiratory,Cardiology,1,50-64,0.21714149432656568,Medium
67,Male,27.0,113,90,161,1,1,3,10,Cardiac,General Medicine,0,65-79,0.6472856008726529,High
46,Male,19.7,113,65,131,0,7,0,1,Other,Surgery,0,35-49,0.062022200834000854,Low
73,Male,23.5,134,65,213,0,2,0,2,Cardiac,Cardiology,0,65-79,0.2542895705744413,Medium
38,Male,26.5,111,116,145,0,7,1,1,Other,General Medicine,0,35-49,0.0868720662389248,Low
40,Female,30.6,134,126,183,0,3,1,5,Respiratory,Surgery,0,35-49,0.13760219230278295,Low
62,Female,33.5,120,102,167,0,4,5,6,Other,Endocrinology,1,50-64,0.6925059012220798,High
40,Female,24.5,100,96,130,0,2,0,3,Other,Cardiology,0,35-49,0.0788590390400384,Low
48,Female,23.9,121,70,174,0,6,1,5,Other,General Medicine,0,35-49,0.1388318787697852,Low
44,Female,19.5,90,116,158,0,2,0,2,Other,Pulmonology,1,35-49,0.09720660644571359,Low
80,Female,25.6,121,84,224,0,6,1,5,Other,Cardiology,0,80+,0.28415455729524575,Medium
43,Male,26.1,146,65,183,1,7,1,5,Respiratory,General Medicine,0,35-49,0.1204304465063663,Low
40,Male,28.3,113,104,201,0,6,0,4,Other,General Medicine,0,35-49,0.06236251094061983,Low
41,Male,18.5,116,99,183,0,4,2,3,Other,Cardiology,0,35-49,0.17970099230863684,Medium
85,Male,25.8,127,65,234,0,1,0,3,Other,Surgery,0,80+,0.21375870331921984,Medium
65,Male,28.4,115,134,207,0,1,1,9,Other,General Medicine,0,65-79,0.2536372836893942,Medium
63,Female,16.5,102,65,226,0,3,2,6,Other,General Medicine,0,50-64,0.34952202043394254,High
83,Male,28.3,133,98,135,1,3,1,4,Other,General Medicine,0,80+,0.29293884981642554,Medium
59,Female,27.7,123,92,146,1,7,1,7,Other,Pulmonology,0,50-64,0.18316075689880587,Medium
28,Male,26.0,90,138,161,0,1,0,6,Other,Endocrinology,0,18-34,0.062336614827422226,Low
58,Female,25.6,120,70,202,1,6,0,6,Cardiac,Surgery,1,50-64,0.16712893339904578,Medium
54,Female,31.3,132,87,166,0,0,0,8,Other,Endocrinology,0,50-64,0.13396700826388974,Low
94,Female,21.7,150,108,249,0,6,2,2,Hypertension,General Medicine,0,80+,0.47165308002589634,High
61,Male,22.2,120,88,243,0,5,1,8,Cardiac,General Medicine,0,50-64,0.30928165028612936,Medium
50,Male,21.0,125,76,170,0,3,1,2,Other,General Medicine,1,50-64,0.14336476216344168,Low
47,Male,28.3,90,144,291,0,4,3,4,Cardiac,Surgery,0,35-49,0.4337518754463642,High
49,Female,27.1,138,117,187,1,5,1,3,Cardiac,Endocrinology,0,35-49,0.21452149599929915,Medium
23,Female,25.4,125,102,159,0,3,0,4,Other,Cardiology,0,18-34,0.047312209103587875,Low
48,Female,23.5,143,83,115,0,3,1,3,Other,Surgery,0,35-49,0.135020820648702,Low
46,Male,26.7,116,122,212,1,1,2,5,Hypertension,General Medicine,0,35-49,0.2135056700993805,Medium
24,Female,26.8,113,68,199,1,7,0,6,Cardiac,Cardiology,0,18-34,0.07129646667659702,Low
55,Male,21.7,140,87,217,0,4,1,7,Cardiac,Surgery,1,50-64,0.25554203749300525,Medium
59,Female,30.4,127,86,167,0,6,1,4,Other,Surgery,0,50-64,0.15968926291333102,Medium
42,Female,27.0,126,114,190,0,6,0,5,Hypertension,General Medicine,0,35-49,0.06904521506815695,Low
61,Female,19.4,101,110,147,0,0,2,6,Other,Pulmonology,1,50-64,0.38309867216734955,High
59,Male,25.2,130,99,208,0,5,1,3,Other,General Medicine,0,50-64,0.1659411846813021,Medium
47,Female,33.6,110,91,211,0,4,2,9,Diabetes,Surgery,0,35-49,0.28677855355068227,Medium
65,Male,29.0,132,124,220,0,4,1,4,Diabetes,General Medicine,0,65-79,0.2556051843064042,Medium
18,Female,25.1,111,67,146,0,6,2,4,Other,Cardiology,0,18-34,0.09992727185832369,Low
87,Male,26.1,160,104,163,0,2,4,10,Hypertension,Surgery,0,80+,0.722174674990422,High
59,Male,25.8,107,114,123,0,4,1,7,Other,Surgery,0,50-64,0.18024043346113466,Medium
78,Female,22.6,125,65,242,0,3,2,1,Other,General Medicine,1,65-79,0.403139815404409,High
80,Male,25.5,130,68,265,0,3,2,7,Other,Endocrinology,1,80+,0.43637755102819215,High
18,Female,34.7,112,116,147,0,7,0,2,Other,Cardiology,0,18-34,0.031728150859705796,Low
69,Female,33.9,122,123,234,0,7,1,2,Cardiac,Cardiology,0,65-79,0.30360133801165184,Medium
57,Male,30.0,113,131,199,1,1,1,2,Respiratory,General Medicine,0,50-64,0.20455755285458382,Medium
48,Female,20.8,115,94,128,0,4,0,3,Diabetes,Surgery,0,35-49,0.11229330854945983,Low
55,Male,32.5,151,72,232,0,1,0,8,Hypertension,Cardiology,0,50-64,0.11086727896636536,Low
52,Female,29.3,109,93,167,0,3,0,1,Other,Endocrinology,0,50-64,0.09823289774103877,Low
35,Male,24.5,113,128,179,1,2,1,2,Respiratory,General Medicine,0,35-49,0.11799026975702585,Low
74,Female,26.8,141,94,261,0,0,4,4,Hypertension,Surgery,1,65-79,0.6487362413944622,High
56,Male,22.8,138,109,184,0,1,1,5,Other,Pulmonology,0,50-64,0.20074726780918906,Medium
88,Female,31.2,136,141,222,1,1,2,3,Other,Endocrinology,1,80+,0.4883855948624387,High
58,Male,23.1,127,113,186,0,4,1,5,Diabetes,Cardiology,0,50-64,0.22659153344826746,Medium
22,Male,33.3,105,93,231,0,7,1,2,Diabetes,Endocrinology,1,18-34,0.07713768632167732,Low
95,Female,32.2,132,124,239,1,0,3,7,Other,Surgery,1,80+,0.6796814465493113,High
44,Male,21.6,124,85,232,0,5,2,5,Other,General Medicine,0,35-49,0.19339718185379692,Medium
38,Female,31.2,116,153,149,0,6,0,4,Diabetes,Endocrinology,0,35-49,0.08553025007344323,Low
53,Female,21.5,115,130,211,0,1,1,7,Other,General Medicine,0,50-64,0.20399068656366717,Medium
24,Female,32.6,90,114,220,0,0,0,8,Other,General Medicine,0,18-34,0.06367049972558698,Low
95,Male,27.0,117,134,259,0,4,3,10,Cardiac,Surgery,0,80+,0.7783051352160167,High
75,Female,34.4,152,111,200,0,4,0,4,Cardiac,Cardiology,0,65-79,0.2599469133608757,Medium
49,Male,33.2,109,89,173,0,0,2,4,Other,Endocrinology,1,35-49,0.24715549997890007,Medium
91,Female,30.5,120,112,194,0,1,0,2,Cardiac,General Medicine,0,80+,0.396692760341771,High
37,Female,27.6,119,117,142,1,2,0,2,Cardiac,Surgery,0,35-49,0.10450647320894567,Low
58,Female,33.1,107,97,134,0,2,3,4,Hypertension,General Medicine,0,50-64,0.4040506936359098,High
53,Male,23.1,132,145,184,0,0,0,4,Cardiac,Cardiology,0,50-64,0.18394361236803422,Medium
58,Female,31.3,114,111,161,0,3,0,6,Other,General Medicine,0,50-64,0.12663147979818612,Low
43,Female,22.3,119,65,172,1,0,0,4,Cardiac,Cardiology,0,35-49,0.14939663364857741,Low
71,Male,32.1,121,95,196,1,1,0,8,Cardiac,General Medicine,0,65-79,0.27337875322169375,Medium
39,Male,24.5,102,90,179,0,3,1,7,Hypertension,General Medicine,0,35-49,0.11921499612911655,Low
70,Male,33.4,127,110,176,0,5,0,2,Cardiac,Cardiology,0,65-79,0.20755372049133614,Medium
72,Male,22.6,102,111,250,0,1,1,2,Other,Pulmonology,1,65-79,0.27896281503240383,Medium
48,Male,37.9,121,85,174,0,4,2,10,Other,Endocrinology,0,35-49,0.2316573398847635,Medium
40,Female,20.0,113,65,181,0,0,0,5,Cardiac,General Medicine,0,35-49,0.1540407937337286,Medium
73,Female,22.6,156,75,182,0,1,2,3,Hypertension,Cardiology,1,65-79,0.37667262444008887,High
18,Female,19.1,131,132,234,0,1,0,2,Other,Pulmonology,0,18-34,0.04835858321060878,Low
53,Male,19.6,129,102,136,0,0,1,9,Other,Pulmonology,0,50-64,0.2168662157054789,Medium
42,Female,26.2,126,105,227,1,4,0,6,Respiratory,General Medicine,0,35-49,0.0938686159370473,Low
75,Male,28.5,115,105,186,0,5,1,4,Cardiac,General Medicine,1,65-79,0.36803003684765917,High
48,Female,31.3,99,100,147,0,4,1,6,Other,Surgery,0,35-49,0.14238445989994364,Low
44,Male,34.7,107,118,194,0,0,2,14,Cardiac,Surgery,1,35-49,0.37975567372323743,High
30,Male,26.2,130,95,185,0,4,2,6,Other,General Medicine,0,18-34,0.14274930560530108,Low
27,Female,27.3,107,90,235,0,6,1,3,Other,Pulmonology,0,18-34,0.08296470160907278,Low
73,Male,28.5,160,119,196,0,3,2,2,Hypertension,Cardiology,1,65-79,0.323530299002132,Medium
48,Male,20.8,130,103,246,0,2,2,6,Cardiac,Surgery,1,35-49,0.34326974436055824,High
62,Male,25.8,120,87,236,0,4,0,5,Cardiac,Surgery,0,50-64,0.189483517499283,Medium
57,Male,27.3,110,133,209,0,3,1,4,Other,Cardiology,0,50-64,0.17502879141498182,Medium
73,Female,30.8,112,85,241,0,0,1,3,Other,General Medicine,0,65-79,0.28867848940123025,Medium
48,Male,32.0,110,106,150,0,0,1,3,Diabetes,General Medicine,0,35-49,0.19815079952678988,Medium
50,Female,32.6,123,100,173,0,2,2,3,Other,Cardiology,0,50-64,0.23719355083796778,Medium
74,Female,32.3,142,108,200,1,6,3,3,Hypertension,Surgery,1,65-79,0.42222648845226957,High
31,Male,25.0,128,138,190,1,6,0,7,Cardiac,Surgery,0,18-34,0.08018467529317527,Low
71,Male,32.4,127,100,216,0,1,0,4,Other,General Medicine,0,65-79,0.164379286516702,Medium
77,Female,29.4,127,131,214,0,5,1,2,Diabetes,Surgery,0,65-79,0.3059222576681042,Medium
67,Male,16.4,141,65,165,0,6,1,3,Cardiac,Cardiology,0,65-79,0.30085242282965463,Medium
56,Male,28.6,104,100,217,0,1,0,1,Other,General Medicine,0,50-64,0.10985230197614505,Low
67,Female,26.1,124,153,194,1,6,1,2,Cardiac,General Medicine,0,65-79,0.3024713536581047,Medium
64,Male,38.1,126,124,228,0,6,1,3,Other,Surgery,0,50-64,0.15993870554415546,Medium
73,Male,22.7,118,73,214,0,4,2,3,Cardiac,Surgery,0,65-79,0.4739637735246915,High
66,Female,31.4,100,103,234,1,1,0,8,Cardiac,Surgery,0,65-79,0.25248631681913114,Medium
79,Male,29.7,142,92,123,0,0,2,6,Other,Cardiology,1,65-79,0.43709981249572716,High
48,Female,17.6,138,65,138,0,1,2,5,Diabetes,General Medicine,0,35-49,0.32414431987903075,Medium
46,Female,27.1,107,104,178,0,0,0,3,Other,Cardiology,0,35-49,0.09869994662448044,Low
38,Female,28.0,100,99,161,0,7,1,5,Other,Cardiology,0,35-49,0.10256304902936711,Low
78,Male,23.2,119,105,245,1,3,1,3,Respiratory,Surgery,0,65-79,0.29493798175306396,Medium
64,Female,24.8,145,138,182,0,1,1,4,Other,Surgery,0,50-64,0.21894555867939272,Medium
24,Male,23.0,100,130,169,0,6,1,5,Other,General Medicine,1,18-34,0.0717528351999557,Low
57,Male,26.1,106,118,205,1,7,2,5,Other,Endocrinology,1,50-64,0.23478138811254481,Medium
43,Female,37.8,96,119,225,1,5,2,2,Other,Surgery,0,35-49,0.16252664687141025,Medium
47,Female,26.5,134,105,170,0,4,0,1,Other,Pulmonology,0,35-49,0.08622881197697332,Low
76,Female,23.1,134,125,241,1,2,3,6,Cardiac,Pulmonology,1,65-79,0.7052586127777503,High
70,Female,32.9,122,109,110,0,6,0,1,Diabetes,Cardiology,0,65-79,0.16940975522302576,Medium
56,Female,22.3,113,100,286,0,3,1,1,Other,Endocrinology,0,50-64,0.17886380187806122,Medium
38,Female,31.8,95,117,235,0,4,0,5,Diabetes,General Medicine,0,35-49,0.09647324778437572,Low
63,Male,22.3,126,121,243,0,3,0,4,Cardiac,Endocrinology,0,50-64,0.21530367322315977,Medium
83,Female,28.4,132,147,173,0,6,0,2,Diabetes,Surgery,0,80+,0.2261955425920253,Medium
48,Male,23.1,90,133,198,0,4,2,5,Cardiac,General Medicine,0,35-49,0.3448260621503134,High
95,Female,30.6,147,86,236,1,6,5,7,Other,General Medicine,1,80+,0.834070406830464,High
29,Male,24.4,98,114,140,0,3,0,3,Other,Cardiology,0,18-34,0.05219968628482839,Low
81,Male,36.1,141,153,176,1,0,0,2,Hypertension,General Medicine,0,80+,0.18442085660593732,Medium
38,Female,26.7,123,138,161,0,2,3,8,Respiratory,Cardiology,1,35-49,0.3567885014595565,High
46,Female,19.7,156,78,201,0,1,3,8,Other,Surgery,1,35-49,0.3539950042339888,High
38,Female,21.0,98,130,217,0,4,0,4,Other,General Medicine,0,35-49,0.073958864064911,Low
78,Female,32.5,132,102,158,0,2,3,7,Other,Surgery,1,65-79,0.5530327496768861,High
76,Male,29.1,141,78,260,0,0,0,3,Hypertension,General Medicine,0,65-79,0.17991535938022912,Medium
36,Female,25.1,123,108,238,1,4,0,8,Respiratory,Surgery,0,35-49,0.07896171285395667,Low
54,Female,35.1,122,107,199,0,4,0,1,Hypertension,Endocrinology,1,50-64,0.09103346389909155,Low
54,Male,31.1,120,94,258,0,1,3,2,Cardiac,General Medicine,1,50-64,0.5087485160069907,High
56,Male,23.3,111,122,220,0,2,0,3,Cardiac,Cardiology,1,50-64,0.18287444061132524,Medium
67,Female,29.5,134,120,213,1,5,1,3,Cardiac,General Medicine,1,65-79,0.31069605525372845,Medium
78,Female,30.0,124,119,197,1,4,0,4,Other,Pulmonology,0,65-79,0.19221618290874365,Medium
51,Male,27.2,118,103,218,0,0,2,7,Other,Pulmonology,0,50-64,0.29269979281520114,Medium
37,Female,24.9,101,65,154,0,1,1,2,Other,Surgery,0,35-49,0.11287549047440573,Low
79,Male,23.3,139,99,203,1,4,3,6,Other,Endocrinology,0,65-79,0.5307760530985479,High
72,Male,31.2,137,118,159,1,5,1,3,Respiratory,General Medicine,0,65-79,0.245215951477183,Medium
53,Female,27.1,153,113,171,1,6,1,8,Cardiac,Surgery,0,50-64,0.23035355249295356,Medium
84,Female,31.8,120,136,239,1,3,0,7,Respiratory,Surgery,1,80+,0.2534421168553342,Medium
72,Female,26.8,102,111,163,0,1,1,3,Cardiac,General Medicine,0,65-79,0.4106264800136978,High
62,Male,27.3,122,110,207,1,2,0,7,Other,Endocrinology,1,50-64,0.13560493445293384,Low
73,Male,24.8,130,81,181,0,1,2,1,Other,General Medicine,1,65-79,0.3660183760605983,High
79,Male,26.4,115,111,277,0,1,0,1,Cardiac,General Medicine,0,65-79,0.30070679707178966,Medium
54,Male,21.3,126,95,202,0,7,0,1,Other,General Medicine,0,50-64,0.08178252217674199,Low
40,Male,31.4,121,83,135,0,1,2,9,Diabetes,Surgery,0,35-49,0.2555936174376476,Medium
62,Female,23.6,149,85,198,0,5,3,7,Hypertension,General Medicine,0,50-64,0.4182932112852585,High
66,Female,32.6,121,118,199,0,1,0,4,Other,General Medicine,0,65-79,0.15741932641515916,Medium
57,Female,25.3,129,93,191,1,2,0,2,Other,Pulmonology,1,50-64,0.11997766374443276,Low
43,Female,23.8,105,86,110,0,0,0,3,Cardiac,General Medicine,0,35-49,0.1565191805059021,Medium
39,Female,24.6,123,104,206,0,5,0,4,Other,Cardiology,0,35-49,0.06774091545941241,Low
57,Female,16.6,126,77,176,0,2,2,3,Other,General Medicine,0,50-64,0.2956545475742953,Medium
70,Female,26.3,126,96,252,0,1,2,5,Cardiac,Cardiology,0,65-79,0.5319633882197494,High
47,Male,26.5,102,87,234,1,0,0,3,Cardiac,Surgery,0,35-49,0.14276223956269493,Low
74,Female,31.5,129,131,194,0,2,2,5,Cardiac,General Medicine,1,65-79,0.5464406551777622,High
70,Female,33.1,106,139,224,0,2,0,6,Diabetes,General Medicine,0,65-79,0.22932899132082532,Medium
45,Male,20.5,120,95,169,0,6,0,2,Respiratory,General Medicine,0,35-49,0.08450251081557289,Low
55,Female,28.3,131,77,168,0,3,2,3,Respiratory,Cardiology,0,50-64,0.2993808729828943,Medium
62,Male,28.0,124,140,181,0,5,0,2,Other,General Medicine,0,50-64,0.10958616945448883,Low
61,Female,34.8,123,90,260,0,4,2,4,Other,Pulmonology,0,50-64,0.3047324546619827,Medium
66,Female,30.0,116,85,187,1,6,0,9,Respiratory,General Medicine,0,65-79,0.16884150637102502,Medium
64,Female,31.6,130,78,222,0,1,1,3,Cardiac,Surgery,0,50-64,0.3227813356065648,Medium
95,Female,17.2,128,117,169,0,1,2,9,Cardiac,General Medicine,1,80+,0.7361713081497253,High
67,Male,25.5,112,112,194,0,0,0,1,Cardiac,General Medicine,0,65-79,0.24212607346189394,Medium
53,Female,30.3,115,99,217,0,5,0,2,Respiratory,Surgery,0,50-64,0.10458985402851555,Low
35,Female,16.0,122,113,193,1,0,2,6,Respiratory,Cardiology,0,35-49,0.23622548471960433,Medium
60,Male,30.0,124,89,144,1,7,0,6,Cardiac,General Medicine,1,50-64,0.16453499893366172,Medium
39,Male,37.4,144,155,192,0,4,0,5,Cardiac,Cardiology,0,35-49,0.10519573035081715,Low
65,Male,28.1,129,89,170,0,7,0,1,Hypertension,Pulmonology,0,65-79,0.1073217880338852,Low
80,Male,38.0,135,181,204,1,6,1,7,Cardiac,General Medicine,1,80+,0.3830064166992565,High
61,Female,29.7,122,106,277,1,7,5,6,Cardiac,Pulmonology,1,50-64,0.779408613484335,High
69,Female,34.6,147,141,233,1,3,2,2,Hypertension,Cardiology,0,65-79,0.3032059646889001,Medium
37,Female,26.7,120,92,168,1,1,1,2,Hypertension,General Medicine,0,35-49,0.10777629240633642,Low
61,Female,27.7,145,74,195,0,4,2,4,Diabetes,General Medicine,0,50-64,0.35798634626718834,High
27,Male,26.1,123,100,243,0,0,1,3,Other,Surgery,0,18-34,0.08429281100621329,Low
63,Female,29.0,128,84,179,0,7,1,7,Cardiac,General Medicine,0,50-64,0.302768055331423,Medium
48,Male,32.3,124,114,124,0,7,1,2,Other,Endocrinology,0,35-49,0.11180923745468735,Low
85,Female,32.4,109,118,235,0,1,1,2,Other,Endocrinology,0,80+,0.3507110596156425,High
52,Female,24.8,118,103,191,0,2,0,4,Other,Pulmonology,0,50-64,0.11843350229247375,Low
41,Male,38.0,113,177,161,0,4,0,8,Diabetes,General Medicine,0,35-49,0.09944361175439052,Low
50,Female,32.1,118,101,172,1,0,3,6,Diabetes,Surgery,1,50-64,0.4385211965777665,High
54,Female,28.2,115,110,223,0,3,2,4,Respiratory,Surgery,0,50-64,0.29231480798108816,Medium
51,Female,19.9,139,65,162,1,6,1,5,Diabetes,Surgery,1,50-64,0.1730806618058914,Medium
73,Male,27.5,125,133,164,1,4,2,5,Cardiac,Surgery,1,65-79,0.46724952277841303,High
42,Female,19.2,112,80,175,0,2,1,5,Diabetes,General Medicine,0,35-49,0.18868135468795055,Medium
56,Female,27.8,112,79,158,0,4,2,6,Other,Surgery,0,50-64,0.26312513746364163,Medium
33,Male,35.6,131,108,204,0,2,1,3,Cardiac,General Medicine,0,18-34,0.15419182846400029,Medium
46,Male,22.0,138,76,267,0,4,1,2,Other,General Medicine,0,35-49,0.12286542369747448,Low
53,Male,24.0,134,66,235,0,6,0,2,Other,General Medicine,0,50-64,0.08313303576980437,Low
33,Male,18.7,122,116,207,0,4,0,2,Diabetes,General Medicine,0,18-34,0.07454210440918647,Low
63,Female,27.6,128,91,246,1,3,3,3,Cardiac,General Medicine,1,50-64,0.5666265778113244,High
50,Male,20.3,113,65,209,0,5,1,6,Other,Surgery,0,50-64,0.13834624960645903,Low
53,Female,21.6,130,86,244,0,4,0,8,Other,General Medicine,0,50-64,0.11581204249029439,Low
44,Female,20.1,120,86,240,0,0,0,3,Other,Endocrinology,0,35-49,0.09839307146999271,Low
60,Female,25.4,111,65,224,0,7,2,12,Other,General Medicine,0,50-64,0.3138687054122815,Medium
63,Male,29.4,104,158,207,1,1,3,5,Diabetes,General Medicine,1,50-64,0.5245136996810355,High
53,Female,20.6,114,116,175,0,2,0,2,Hypertension,Surgery,1,50-64,0.09809604571396024,Low
42,Female,29.2,106,104,189,1,0,0,2,Cardiac,Surgery,1,35-49,0.12994238565133506,Low
36,Male,32.8,126,90,221,0,5,0,5,Diabetes,Cardiology,0,35-49,0.07607535596544122,Low
57,Female,28.4,139,102,206,1,2,1,4,Other,Pulmonology,0,50-64,0.1934456807142114,Medium
55,Female,27.4,135,146,226,0,2,0,2,Other,Pulmonology,0,50-64,0.11862692630620052,Low
26,Male,31.3,124,118,162,0,2,0,4,Diabetes,General Medicine,0,18-34,0.06625694766700992,Low
63,Male,29.5,113,139,212,1,7,0,5,Hypertension,General Medicine,0,50-64,0.1025190945222157,Low
79,Female,28.4,119,98,188,0,4,2,3,Cardiac,Cardiology,1,65-79,0.5467696307373139,High
68,Female,33.5,140,70,177,0,1,1,4,Other,General Medicine,0,65-79,0.2454359409317928,Medium
51,Male,26.8,118,145,185,1,6,1,5,Diabetes,Surgery,0,50-64,0.16207218343514082,Medium
36,Male,28.7,96,122,183,1,2,2,3,Other,Endocrinology,0,35-49,0.16577475450818469,Medium
51,Male,35.6,128,108,157,1,7,3,8,Other,General Medicine,0,50-64,0.3030082608224732,Medium
38,Male,28.9,119,77,189,0,2,2,9,Other,General Medicine,0,35-49,0.19992069882895538,Medium
90,Female,24.3,138,74,260,0,4,3,3,Other,Surgery,1,80+,0.5969797882616157,High
35,Female,26.8,131,118,190,0,0,0,5,Other,General Medicine,0,35-49,0.07716098818675213,Low
55,Female,26.5,101,86,218,0,6,0,5,Other,Endocrinology,0,50-64,0.10651721456806701,Low
54,Female,20.8,146,130,178,0,0,1,5,Hypertension,Cardiology,0,50-64,0.1892907052132058,Medium
66,Male,31.1,133,70,169,0,5,0,1,Cardiac,Endocrinology,0,65-79,0.1895460646324754,Medium
64,Female,21.3,148,150,218,0,1,2,2,Hypertension,Surgery,1,50-64,0.30479190027566977,Medium
39,Female,26.2,137,97,177,0,7,0,1,Cardiac,Cardiology,0,35-49,0.09553502413297395,Low
64,Male,21.2,110,99,190,1,0,0,1,Respiratory,Pulmonology,0,50-64,0.17491287306326941,Medium
34,Male,31.3,116,108,178,0,2,0,11,Other,Surgery,0,18-34,0.06871205840364253,Low
44,Male,24.5,150,79,179,0,1,1,8,Other,General Medicine,0,35-49,0.14792805770801518,Low
87,Female,29.6,160,88,185,1,0,2,5,Other,General Medicine,1,80+,0.49476059538858613,High
68,Female,21.0,132,89,175,0,0,2,6,Other,Endocrinology,0,65-79,0.4036924900734448,High
59,Male,25.1,96,101,263,0,3,1,6,Other,Cardiology,0,50-64,0.1968056840196396,Medium
46,Male,32.0,114,115,146,0,1,1,4,Other,Cardiology,0,35-49,0.14018141534644762,Low
39,Female,25.5,119,97,223,0,7,0,10,Diabetes,Surgery,0,35-49,0.09186450156724799,Low
50,Male,20.7,110,92,218,1,5,1,1,Respiratory,Cardiology,1,50-64,0.14901434687175047,Low
60,Female,26.4,129,88,215,1,3,1,4,Other,Endocrinology,1,50-64,0.19340331434650831,Medium
35,Male,26.1,132,75,142,1,1,0,2,Other,General Medicine,0,35-49,0.059643445395065546,Low
52,Male,30.0,132,117,196,0,0,0,6,Hypertension,Endocrinology,0,50-64,0.10884710798166546,Low
79,Male,23.7,129,81,218,0,7,0,4,Hypertension,Surgery,0,65-79,0.14620895236171222,Low
60,Male,35.9,126,98,182,0,1,0,5,Respiratory,General Medicine,0,50-64,0.15131772302575117,Medium
61,Male,26.2,130,117,189,1,5,0,4,Hypertension,General Medicine,1,50-64,0.10211379777565172,Low
72,Female,26.8,141,116,219,0,4,3,2,Other,General Medicine,1,65-79,0.4786764481823053,High
44,Male,32.9,98,93,174,0,3,3,8,Respiratory,Endocrinology,1,35-49,0.37320794215744163,High
41,Female,31.5,129,92,169,0,1,0,1,Diabetes,General Medicine,0,35-49,0.10169030384542734,Low
93,Female,16.0,150,115,234,0,0,3,4,Cardiac,General Medicine,1,80+,0.8005454422838264,High
21,Female,26.1,108,74,185,0,3,1,3,Hypertension,General Medicine,0,18-34,0.07126357181640189,Low
77,Male,25.6,148,105,224,0,6,1,9,Other,Cardiology,0,65-79,0.26597448254983247,Medium
58,Male,25.0,145,133,246,0,2,3,4,Hypertension,Surgery,1,50-64,0.3654705274310017,High
59,Male,29.5,129,109,219,0,7,1,6,Diabetes,Pulmonology,0,50-64,0.22319085938710145,Medium
74,Male,32.4,133,73,200,1,5,0,1,Other,General Medicine,0,65-79,0.13291777467385554,Low
60,Female,23.8,110,103,180,1,7,2,1,Respiratory,Pulmonology,0,50-64,0.30025617484127254,Medium
52,Female,30.9,114,120,191,0,4,2,2,Other,Endocrinology,0,50-64,0.23648349520535292,Medium
63,Female,33.2,131,88,172,0,2,2,3,Diabetes,Cardiology,0,50-64,0.3794236176017996,High
56,Male,30.2,143,92,241,0,5,1,6,Other,Endocrinology,0,50-64,0.16161810752045913,Medium
72,Male,23.3,129,85,169,0,6,1,9,Hypertension,Endocrinology,0,65-79,0.2411331668146989,Medium
79,Male,35.0,147,134,193,0,0,0,7,Hypertension,General Medicine,0,65-79,0.20537389798324057,Medium
50,Male,31.3,122,82,154,0,4,1,4,Hypertension,Pulmonology,0,50-64,0.14155870721673902,Low
33,Female,24.5,122,118,152,0,0,0,2,Other,General Medicine,0,18-34,0.06899893292560211,Low
40,Male,30.1,105,128,125,0,2,1,2,Respiratory,Endocrinology,0,35-49,0.1391238415008933,Low
78,Female,21.2,141,65,179,1,5,0,6,Cardiac,Endocrinology,0,65-79,0.29057971547407996,Medium
48,Male,25.4,104,65,158,0,7,3,5,Diabetes,Cardiology,0,35-49,0.3607161773848336,High
45,Male,33.8,107,83,118,0,4,0,1,Hypertension,Endocrinology,0,35-49,0.06742813033140722,Low
45,Female,23.8,94,93,169,1,7,0,4,Cardiac,Endocrinology,0,35-49,0.1255965612302041,Low
58,Female,25.1,128,126,186,0,7,0,1,Hypertension,Cardiology,1,50-64,0.09038857717114966,Low
70,Male,22.8,144,122,175,1,5,2,4,Hypertension,Pulmonology,0,65-79,0.31746950018894976,Medium
47,Female,33.2,116,80,184,0,3,0,5,Diabetes,Surgery,0,35-49,0.11303562804424895,Low
62,Male,25.4,129,92,206,0,0,1,2,Cardiac,General Medicine,0,50-64,0.32173476946824686,Medium
30,Female,25.2,95,115,241,1,5,0,5,Cardiac,Pulmonology,0,18-34,0.10062772674136489,Low
45,Female,26.8,128,91,150,1,6,1,5,Other,Cardiology,0,35-49,0.11831286717765464,Low
27,Male,24.3,90,80,208,0,7,1,6,Other,General Medicine,0,18-34,0.07660317519602132,Low
45,Male,17.8,115,103,172,0,5,2,8,Other,Cardiology,0,35-49,0.21375906418921922,Medium
59,Female,30.2,131,83,170,0,6,3,6,Diabetes,General Medicine,1,50-64,0.46610642630535537,High
68,Female,24.8,131,106,190,0,2,0,2,Cardiac,General Medicine,1,65-79,0.2469478554105385,Medium
42,Female,24.8,115,105,160,0,5,2,6,Cardiac,Cardiology,0,35-49,0.3061893892830911,Medium
46,Female,27.5,130,110,115,0,5,1,4,Other,General Medicine,0,35-49,0.1307185842781488,Low
53,Female,34.1,118,136,157,0,0,2,5,Other,Endocrinology,0,50-64,0.2896825767043243,Medium
36,Male,22.8,138,78,147,0,3,1,3,Other,Pulmonology,0,35-49,0.10765623143928137,Low
58,Male,27.8,115,99,162,0,3,4,4,Other,Surgery,0,50-64,0.5011829535123917,High
61,Female,19.6,111,65,197,0,1,0,1,Other,Endocrinology,0,50-64,0.13967109635128244,Low
52,Male,33.2,120,121,234,0,6,0,6,Cardiac,General Medicine,0,50-64,0.14719779264452426,Low
61,Female,22.2,142,115,166,1,3,3,3,Other,Cardiology,1,50-64,0.4055361265071903,High
76,Male,22.1,115,128,224,0,0,3,8,Other,Surgery,1,65-79,0.5692150892542726,High
29,Female,26.3,109,97,139,0,1,1,2,Other,General Medicine,0,18-34,0.09765722737821086,Low
31,Female,19.5,112,84,175,0,4,1,5,Cardiac,Surgery,0,18-34,0.15602264941126393,Medium
63,Male,33.6,126,118,166,0,4,0,3,Diabetes,Cardiology,1,50-64,0.15038003450048248,Low
28,Female,27.6,122,171,157,1,5,1,8,Diabetes,General Medicine,0,18-34,0.11753343885582462,Low
33,Male,32.6,107,105,196,1,5,1,3,Cardiac,Cardiology,0,18-34,0.134057742463854,Low
75,Female,22.9,135,81,230,0,1,2,7,Hypertension,Surgery,0,65-79,0.4095016821939368,High
87,Male,29.9,132,82,210,0,5,2,4,Other,Cardiology,1,80+,0.42765152077698054,High
46,Male,21.7,102,95,182,0,0,2,9,Other,Surgery,0,35-49,0.25283624748011496,Medium
25,Female,28.9,92,92,201,0,6,0,3,Other,General Medicine,0,18-34,0.0446108833539815,Low
50,Female,38.2,132,101,222,1,5,0,7,Other,Surgery,0,50-64,0.08148433614356831,Low
38,Male,18.2,111,98,115,0,3,0,1,Other,Endocrinology,1,35-49,0.06590531184882645,Low
67,Female,24.1,123,77,208,0,0,2,11,Other,General Medicine,1,65-79,0.42676757758761785,High
69,Male,41.5,139,117,268,0,7,1,2,Diabetes,Cardiology,1,65-79,0.22413315373934678,Medium
77,Male,29.3,102,149,169,0,6,2,8,Cardiac,Cardiology,1,65-79,0.5299526762521102,High
55,Male,22.6,121,96,200,0,3,3,8,Cardiac,Cardiology,1,50-64,0.5406418164898049,High
80,Male,21.1,128,78,211,0,6,2,2,Other,Cardiology,0,80+,0.36726227975251224,High
69,Female,31.7,138,95,176,0,5,0,2,Other,Surgery,1,65-79,0.1258116341291583,Low
59,Male,22.9,115,90,164,1,6,2,4,Other,Pulmonology,0,50-64,0.26030176125627535,Medium
53,Male,35.6,134,149,206,0,6,0,8,Diabetes,Surgery,1,50-64,0.11410452543527203,Low
49,Male,30.5,111,84,150,0,3,5,8,Diabetes,General Medicine,1,35-49,0.6862188317185146,High
30,Female,32.8,102,87,174,0,4,0,3,Other,Pulmonology,0,18-34,0.057996077616953766,Low
47,Male,35.4,103,108,221,0,1,1,3,Diabetes,Endocrinology,0,35-49,0.18804057159674048,Medium
73,Female,19.4,107,133,207,0,7,0,5,Other,Surgery,0,65-79,0.15264709596114118,Medium
44,Male,27.3,110,101,160,1,1,0,3,Respiratory,Pulmonology,0,35-49,0.10408667655572827,Low
66,Female,19.1,134,123,177,0,6,4,2,Hypertension,Surgery,1,65-79,0.5248809780240955,High
64,Male,23.7,127,105,179,1,2,1,5,Hypertension,Pulmonology,0,50-64,0.21540717472858595,Medium
74,Female,23.8,122,100,178,0,7,3,3,Cardiac,Cardiology,1,65-79,0.6134213072261179,High
59,Male,27.6,131,134,155,0,1,2,3,Diabetes,Pulmonology,0,50-64,0.37446237326428966,High
65,Male,29.5,114,119,110,0,6,2,7,Cardiac,General Medicine,0,65-79,0.4350086000587458,High
20,Male,31.3,106,81,154,0,7,1,4,Other,General Medicine,0,18-34,0.05673190660705695,Low
69,Male,27.2,114,93,269,1,5,3,4,Diabetes,Cardiology,1,65-79,0.508099619391049,High
53,Male,29.5,116,97,169,0,1,0,2,Cardiac,Surgery,1,50-64,0.1574043024528174,Medium
63,Female,21.5,131,95,208,0,1,0,5,Cardiac,Surgery,0,50-64,0.23236859176510247,Medium
61,Female,26.9,112,133,170,1,4,1,1,Other,Cardiology,0,50-64,0.17672098520180934,Medium
66,Male,19.1,134,97,200,0,5,0,6,Cardiac,General Medicine,0,65-79,0.22169777164479162,Medium
67,Female,26.7,135,92,241,0,5,0,10,Cardiac,Cardiology,1,65-79,0.2517854616476691,Medium
57,Female,32.6,117,109,179,0,6,3,4,Diabetes,Surgery,1,50-64,0.41990710744405924,High
64,Male,23.6,122,136,178,0,4,2,5,Other,Endocrinology,0,50-64,0.3111004225792618,Medium
71,Female,23.0,150,99,167,0,5,0,2,Hypertension,Surgery,1,65-79,0.12991672774317992,Low
58,Female,31.9,124,146,160,0,1,1,8,Other,General Medicine,0,50-64,0.22132054894559894,Medium
76,Female,30.9,112,196,204,0,7,0,4,Diabetes,Endocrinology,0,65-79,0.21402793814150647,Medium
55,Male,25.1,105,110,172,0,5,1,9,Other,General Medicine,0,50-64,0.17848306638430855,Medium
49,Male,30.6,103,127,215,0,6,1,4,Cardiac,General Medicine,1,35-49,0.20964108263562525,Medium
47,Male,31.3,107,65,151,0,1,0,2,Diabetes,Endocrinology,0,35-49,0.11691805875312902,Low
60,Female,24.3,108,110,182,1,3,3,2,Respiratory,General Medicine,0,50-64,0.4566543981335401,High
59,Male,31.1,114,86,156,1,1,1,3,Cardiac,General Medicine,1,50-64,0.28525370894646146,Medium
59,Male,21.3,143,65,184,0,6,1,3,Hypertension,Surgery,0,50-64,0.1419422438854045,Low
18,Male,37.8,120,165,199,0,1,3,5,Diabetes,General Medicine,0,18-34,0.22903678852091944,Medium
56,Female,27.2,119,120,229,0,0,3,4,Cardiac,Endocrinology,0,50-64,0.5786624755460344,High
40,Female,26.2,121,89,201,0,1,1,10,Other,Surgery,0,35-49,0.1447830578561967,Low
80,Male,20.5,126,113,201,0,6,0,1,Other,General Medicine,0,80+,0.16594522583456434,Medium
45,Male,43.8,119,96,187,0,5,1,8,Other,Cardiology,0,35-49,0.1209307082723475,Low
75,Female,28.6,117,148,198,0,2,1,5,Other,Surgery,0,65-79,0.2785729770078894,Medium
64,Female,35.9,140,117,220,0,0,0,2,Hypertension,General Medicine,0,50-64,0.13710724343720077,Low
69,Male,28.2,123,93,214,0,5,1,5,Other,Cardiology,0,65-79,0.21487643759422353,Medium
80,Male,17.8,152,145,261,0,2,1,4,Cardiac,Pulmonology,1,80+,0.45938799725686025,High
62,Male,20.4,117,65,180,0,3,1,2,Cardiac,Surgery,1,50-64,0.2828896169436644,Medium
40,Male,26.2,118,101,183,0,4,1,2,Diabetes,Surgery,0,35-49,0.1297564727929962,Low
55,Female,29.5,115,123,210,1,1,0,1,Cardiac,Endocrinology,1,50-64,0.18055741340823855,Medium
80,Male,22.4,136,79,141,0,2,2,2,Cardiac,Cardiology,1,80+,0.5495870640863423,High
33,Female,35.0,112,128,170,1,1,0,5,Cardiac,Pulmonology,0,18-34,0.11937627846881546,Low
45,Female,18.7,90,65,207,1,2,1,5,Other,Pulmonology,1,35-49,0.1634494096081939,Medium
59,Female,21.6,133,72,227,1,1,0,1,Other,Endocrinology,0,50-64,0.12268076906409207,Low
38,Male,29.9,102,110,164,0,5,1,4,Other,Pulmonology,0,35-49,0.10871529039383174,Low
48,Female,28.6,106,138,177,0,4,2,6,Other,Cardiology,0,35-49,0.23463576030120287,Medium
62,Male,24.3,139,84,154,0,0,1,1,Cardiac,General Medicine,1,50-64,0.31290983597653066,Medium
47,Female,22.6,100,128,122,0,6,0,8,Other,General Medicine,0,35-49,0.09411662772780956,Low
82,Female,28.2,120,65,235,0,2,3,5,Other,General Medicine,1,80+,0.5974044042211509,High
44,Male,35.0,140,98,165,0,0,1,2,Other,Surgery,0,35-49,0.11927604177813414,Low
44,Male,32.8,122,121,138,1,1,0,20,Cardiac,Pulmonology,0,35-49,0.2065983147960014,Medium
56,Female,21.8,136,98,159,0,3,0,4,Other,Surgery,0,50-64,0.10810827253563793,Low
23,Female,30.8,124,135,262,0,2,1,6,Cardiac,General Medicine,0,18-34,0.14448807805656275,Low
87,Female,24.0,121,77,248,0,1,1,1,Other,Cardiology,0,80+,0.3552734135794611,High
35,Male,28.7,120,65,184,0,6,0,3,Diabetes,Surgery,0,35-49,0.0648369834224856,Low
43,Female,27.7,126,114,183,1,1,1,2,Cardiac,Pulmonology,0,35-49,0.22454198339608422,Medium
55,Male,20.8,111,85,215,0,6,0,3,Other,Cardiology,0,50-64,0.09246941061344355,Low
31,Female,28.9,153,122,179,1,6,0,3,Hypertension,Cardiology,0,18-34,0.04329492450448783,Low
66,Male,26.5,136,139,130,0,7,6,9,Hypertension,Surgery,1,65-79,0.767918100388248,High
64,Female,31.3,101,74,118,1,3,0,4,Other,General Medicine,0,50-64,0.13480109792661427,Low
62,Female,23.3,139,119,168,0,3,0,7,Cardiac,General Medicine,0,50-64,0.23234748965757282,Medium
21,Female,27.2,133,65,157,0,5,2,3,Other,General Medicine,0,18-34,0.10763646017709093,Low
77,Female,26.8,138,170,206,0,3,2,7,Respiratory,Endocrinology,1,65-79,0.48658609933595065,High
54,Female,26.3,134,80,164,0,0,0,1,Other,Surgery,0,50-64,0.10538811152194487,Low
59,Female,23.7,109,74,201,0,3,1,6,Other,Pulmonology,0,50-64,0.22373915143511297,Medium
57,Male,25.8,104,127,185,0,4,3,3,Respiratory,Cardiology,1,50-64,0.41883147473511245,High
84,Male,23.5,124,119,211,1,0,3,5,Other,Surgery,0,80+,0.5863400818938693,High
27,Male,32.1,101,78,204,0,3,1,2,Other,General Medicine,0,18-34,0.07755017281360937,Low
83,Female,33.4,148,128,210,1,0,2,1,Hypertension,General Medicine,0,80+,0.4262309202754459,High
59,Female,28.8,135,109,146,0,3,1,3,Other,Cardiology,0,50-64,0.18440752517267503,Medium
29,Female,25.2,125,75,195,1,2,1,3,Diabetes,Cardiology,0,18-34,0.117825183276043,Low
77,Female,25.8,160,98,214,1,1,0,4,Cardiac,Cardiology,1,65-79,0.29520591815974984,Medium
38,Male,35.7,124,65,172,0,4,0,1,Other,General Medicine,0,35-49,0.056059152621397317,Low
58,Male,17.5,116,101,126,0,0,1,2,Other,Pulmonology,0,50-64,0.21256543366148695,Medium
49,Female,25.6,107,80,147,0,3,1,13,Respiratory,Cardiology,0,35-49,0.22607930992078168,Medium
74,Female,34.5,118,134,242,0,4,1,3,Other,Pulmonology,1,65-79,0.2689318073899908,Medium
27,Female,30.3,103,91,170,0,0,2,3,Other,Cardiology,0,18-34,0.15415838177298405,Medium
57,Male,22.6,115,83,186,0,1,0,3,Other,Surgery,0,50-64,0.11125423113445845,Low
73,Male,27.2,128,93,190,1,6,0,1,Cardiac,Pulmonology,0,65-79,0.2219561208448242,Medium
45,Female,22.8,125,71,205,0,1,1,2,Other,Cardiology,0,35-49,0.14389441662598743,Low
25,Female,23.6,107,86,181,1,6,1,12,Other,General Medicine,0,18-34,0.08935534308007666,Low
55,Male,33.6,134,149,154,0,2,3,3,Diabetes,General Medicine,0,50-64,0.4378603631405244,High
42,Male,18.3,101,106,161,0,7,3,3,Other,General Medicine,0,35-49,0.2590654170540561,Medium
77,Male,27.0,140,65,207,0,2,2,11,Other,General Medicine,0,65-79,0.44448394962832194,High
46,Male,31.9,120,94,200,0,4,3,5,Other,Pulmonology,1,35-49,0.31830963662816486,Medium
62,Male,30.1,117,148,211,0,5,0,4,Diabetes,General Medicine,0,50-64,0.15184988021494725,Medium
42,Male,32.4,126,83,226,0,2,3,5,Other,Endocrinology,0,35-49,0.29741702444938894,Medium
43,Female,19.4,104,65,228,0,1,1,10,Other,Surgery,0,35-49,0.16360500572407033,Medium
23,Male,37.1,113,94,207,0,4,2,5,Other,Pulmonology,0,18-34,0.12134079741307348,Low
50,Male,29.9,120,98,210,0,6,2,3,Other,Cardiology,0,50-64,0.19538466713967942,Medium
62,Male,26.7,108,76,184,0,6,1,4,Diabetes,Surgery,1,50-64,0.2148417475476927,Medium
72,Male,27.3,150,96,188,1,0,2,2,Hypertension,General Medicine,1,65-79,0.3436475211953425,High
43,Male,24.5,116,95,197,0,4,0,8,Other,General Medicine,1,35-49,0.08286974860388281,Low
68,Male,28.9,114,101,177,0,0,2,3,Cardiac,Endocrinology,0,65-79,0.5016159716781672,High
84,Male,16.0,168,100,249,1,2,1,1,Hypertension,Surgery,0,80+,0.26898302703145865,Medium
44,Male,20.5,136,115,180,1,6,0,5,Other,Surgery,0,35-49,0.06335959091428915,Low
51,Male,22.7,100,89,164,0,7,0,1,Other,Endocrinology,0,50-64,0.07819878643614048,Low
55,Male,31.8,128,113,170,1,4,2,2,Respiratory,General Medicine,0,50-64,0.25877549323399424,Medium
65,Female,20.1,108,84,291,0,4,1,4,Cardiac,General Medicine,0,65-79,0.34508075986950976,High
52,Male,26.4,131,88,189,0,5,0,6,Other,General Medicine,0,50-64,0.09288903969508112,Low
61,Female,28.7,123,119,219,0,1,0,9,Other,Pulmonology,0,50-64,0.17030746964296606,Medium
72,Male,24.0,159,103,122,1,2,3,4,Respiratory,Surgery,1,65-79,0.5085993671521615,High
44,Female,37.4,98,147,160,0,0,0,2,Diabetes,General Medicine,0,35-49,0.11926045317294397,Low
59,Female,23.2,112,74,179,0,5,2,2,Other,General Medicine,0,50-64,0.2702873500789452,Medium
43,Male,22.3,131,113,154,1,6,0,3,Hypertension,General Medicine,0,35-49,0.06000700531057312,Low
56,Female,24.4,153,135,155,0,1,0,4,Other,Endocrinology,1,50-64,0.12425749251197998,Low
45,Male,30.6,107,104,117,0,3,0,7,Diabetes,Cardiology,0,35-49,0.11347131266083367,Low
47,Female,36.5,147,102,171,1,7,0,4,Other,Cardiology,0,35-49,0.06685634602777944,Low
94,Male,36.9,122,150,179,0,5,3,12,Diabetes,Cardiology,1,80+,0.7259415361228864,High
82,Female,20.4,125,89,200,0,4,2,6,Cardiac,Endocrinology,0,80+,0.604986971924157,High
79,Male,30.1,118,120,169,0,3,0,5,Cardiac,General Medicine,0,65-79,0.2988782576488296,Medium
80,Male,26.5,101,133,160,0,0,2,8,Other,General Medicine,1,80+,0.48340550418870254,High
85,Female,29.4,122,98,178,1,5,3,4,Respiratory,Cardiology,0,80+,0.6094112452150023,High
56,Male,28.2,141,140,156,0,3,1,9,Hypertension,Surgery,0,50-64,0.16755113703062846,Medium
51,Female,36.9,131,117,231,0,1,1,2,Other,General Medicine,0,50-64,0.1589842501606884,Medium
40,Female,20.7,134,111,159,1,0,2,2,Other,General Medicine,0,35-49,0.20130485948673463,Medium
56,Female,24.6,123,137,202,0,1,1,4,Cardiac,General Medicine,0,50-64,0.3088938321201152,Medium
43,Male,29.5,120,102,210,0,7,1,5,Other,General Medicine,0,35-49,0.10707669912367683,Low
28,Female,23.5,103,69,165,1,3,1,5,Respiratory,Cardiology,0,18-34,0.10900248189222769,Low
86,Female,29.5,131,108,177,0,7,0,6,Diabetes,General Medicine,0,80+,0.2684447665885042,Medium
59,Female,31.0,90,118,197,0,7,2,3,Diabetes,General Medicine,1,50-64,0.3220995422912111,Medium
38,Female,22.9,111,110,221,0,3,0,5,Other,General Medicine,0,35-49,0.07700179011905012,Low
44,Female,33.9,123,104,194,0,6,1,10,Diabetes,General Medicine,0,35-49,0.17766377860738639,Medium
46,Male,30.0,115,102,122,1,6,0,3,Respiratory,Endocrinology,0,35-49,0.08224480558732254,Low
18,Female,30.1,115,119,169,0,5,0,6,Other,General Medicine,0,18-34,0.040261538077968846,Low
39,Female,26.9,99,107,202,0,4,2,2,Other,Endocrinology,0,35-49,0.18141501947424052,Medium
41,Male,27.9,109,85,199,1,0,1,8,Respiratory,General Medicine,0,35-49,0.16873467814312623,Medium
44,Male,22.2,140,98,121,0,3,1,4,Diabetes,Surgery,0,35-49,0.15470228907156625,Medium
46,Female,18.4,120,79,133,0,5,1,3,Cardiac,Surgery,0,35-49,0.20324798111918352,Medium
65,Male,17.2,148,117,163,0,5,1,8,Hypertension,Cardiology,0,65-79,0.20545820671629286,Medium
55,Male,33.4,121,129,143,0,1,0,5,Other,Cardiology,0,50-64,0.11136393960032359,Low
54,Female,35.0,112,87,224,0,3,3,4,Diabetes,General Medicine,0,50-64,0.45153686508931934,High
51,Male,24.0,125,83,264,0,7,1,9,Other,General Medicine,0,50-64,0.1476356537307861,Low
56,Male,30.5,119,97,215,0,2,2,5,Other,Surgery,0,50-64,0.25583792504275793,Medium
93,Female,33.9,140,134,228,0,7,3,4,Other,Surgery,1,80+,0.5799461451430065,High
77,Male,27.7,132,110,151,0,4,2,3,Other,Surgery,0,65-79,0.3509505654924975,High
72,Male,26.7,126,119,152,0,2,0,4,Cardiac,General Medicine,0,65-79,0.2628824170512963,Medium
52,Male,26.0,140,93,174,1,6,1,3,Other,Pulmonology,0,50-64,0.13464252036707403,Low
52,Female,18.4,106,97,215,0,7,1,3,Other,Pulmonology,0,50-64,0.15736911965283168,Medium
28,Male,23.7,90,111,195,0,5,0,7,Diabetes,Cardiology,1,18-34,0.07095730782520014,Low
66,Male,27.7,133,140,110,0,6,1,2,Cardiac,General Medicine,0,65-79,0.2843092970920469,Medium
18,Male,31.2,109,90,199,1,2,0,12,Diabetes,Cardiology,1,18-34,0.06271188285918229,Low
82,Female,27.9,117,118,251,0,1,3,4,Other,Pulmonology,1,80+,0.6235100850767425,High
56,Male,26.7,154,109,219,1,5,1,3,Hypertension,Surgery,0,50-64,0.1268887555316393,Low
37,Male,31.8,124,82,134,0,0,0,3,Other,Cardiology,0,35-49,0.06846554867206198,Low
75,Male,19.2,149,65,175,0,5,0,5,Hypertension,Pulmonology,0,65-79,0.16697038450356447,Medium
55,Female,29.6,140,166,208,0,0,1,4,Hypertension,Endocrinology,0,50-64,0.18958646081780203,Medium
41,Female,22.2,110,82,187,1,7,2,2,Cardiac,General Medicine,0,35-49,0.25589444411360013,Medium
57,Male,31.5,144,92,197,0,3,0,4,Other,General Medicine,0,50-64,0.10498430518753811,Low
38,Male,29.8,130,135,197,0,0,1,6,Other,Endocrinology,0,35-49,0.12866781134056346,Low
48,Male,23.7,90,108,173,1,1,1,3,Respiratory,General Medicine,0,35-49,0.17802601731546847,Medium
65,Male,28.2,111,112,187,1,6,1,5,Hypertension,General Medicine,0,65-79,0.17861675855291234,Medium
73,Female,28.4,121,65,186,1,0,1,1,Cardiac,General Medicine,0,65-79,0.39248240668186635,High
28,Male,29.2,112,119,219,0,3,0,1,Other,General Medicine,0,18-34,0.04725242217658519,Low
58,Female,31.6,96,92,264,1,1,1,3,Cardiac,Cardiology,0,50-64,0.2988924952861896,Medium
69,Male,34.5,111,143,223,0,4,2,2,Diabetes,General Medicine,0,65-79,0.3842098768244915,High
79,Male,32.4,129,121,230,1,0,2,4,Other,General Medicine,1,65-79,0.4184327335407153,High
72,Male,25.5,110,88,173,0,4,1,4,Other,Surgery,0,65-79,0.22667139947774476,Medium
59,Male,34.8,126,135,211,0,3,2,5,Other,Cardiology,0,50-64,0.2709517045910009,Medium
45,Female,25.5,129,65,202,0,3,0,1,Other,Pulmonology,0,35-49,0.08595389235661775,Low
18,Male,19.6,108,88,217,0,1,0,1,Hypertension,Cardiology,0,18-34,0.038449390887181766,Low
71,Female,25.1,129,143,229,1,7,1,7,Respiratory,General Medicine,0,65-79,0.2698050201979857,Medium
63,Male,23.0,108,118,201,0,3,2,5,Other,General Medicine,0,50-64,0.3164092404121094,Medium
53,Female,31.0,127,129,210,1,4,1,7,Respiratory,Endocrinology,0,50-64,0.19840476510896082,Medium
85,Female,27.8,141,122,251,0,4,0,8,Hypertension,General Medicine,0,80+,0.23107070158926635,Medium
54,Male,35.2,132,74,177,1,3,2,3,Other,General Medicine,0,50-64,0.22318789544035614,Medium
38,Male,33.4,138,135,243,0,2,1,10,Cardiac,Surgery,0,35-49,0.19241184583570686,Medium
71,Female,19.1,121,73,211,0,7,2,2,Other,Surgery,0,65-79,0.3077710671955834,Medium
36,Female,24.4,127,123,127,0,1,0,2,Other,Endocrinology,0,35-49,0.07207982581606248,Low
65,Female,23.9,116,84,189,0,5,1,12,Other,Surgery,0,65-79,0.23795407327274046,Medium
37,Female,22.7,116,80,231,0,0,1,4,Other,General Medicine,0,35-49,0.13279308901590134,Low
52,Female,31.0,90,126,223,0,5,0,1,Other,Cardiology,0,50-64,0.0897779590478486,Low
49,Female,23.9,112,89,257,0,2,1,2,Cardiac,Endocrinology,0,35-49,0.25327028328573387,Medium
46,Male,35.9,143,97,232,0,6,0,4,Diabetes,Cardiology,0,35-49,0.08944985013731133,Low
37,Female,34.1,124,150,207,0,4,0,2,Diabetes,Pulmonology,0,35-49,0.0893019470201613,Low
21,Male,18.9,113,96,172,1,7,0,1,Cardiac,Cardiology,0,18-34,0.05549529579741784,Low
61,Female,32.4,116,138,177,0,0,1,5,Cardiac,Surgery,0,50-64,0.3308586401781744,Medium
46,Male,33.7,131,168,195,0,4,0,6,Diabetes,General Medicine,0,35-49,0.10754361459552352,Low
71,Female,30.7,115,124,181,0,2,2,5,Diabetes,Surgery,0,65-79,0.44336427186669936,High
89,Male,36.0,117,151,188,0,0,2,6,Cardiac,Surgery,1,80+,0.6379700560814786,High
56,Female,32.9,125,130,242,0,3,1,6,Cardiac,General Medicine,0,50-64,0.29187622845863265,Medium
18,Male,24.8,122,84,195,0,6,0,1,Other,Surgery,0,18-34,0.028994769349185236,Low
53,Male,29.4,110,94,113,1,3,2,4,Respiratory,Endocrinology,1,50-64,0.27620499985028807,Medium
79,Female,25.7,158,169,162,0,5,1,2,Hypertension,General Medicine,0,65-79,0.2561876754468668,Medium
79,Female,21.7,138,69,258,0,3,0,6,Cardiac,Surgery,0,65-79,0.30836943794658794,Medium
69,Male,28.3,115,114,223,0,3,1,2,Other,General Medicine,0,65-79,0.22180468337984655,Medium
55,Male,26.5,124,133,208,1,3,2,3,Other,Cardiology,0,50-64,0.2370288382589816,Medium
42,Female,21.6,143,128,148,0,1,3,4,Hypertension,Endocrinology,0,35-49,0.3158894955714548,Medium
56,Male,29.6,110,117,188,0,7,1,2,Other,Endocrinology,0,50-64,0.14148338277650319,Low
59,Male,24.8,126,98,211,0,0,2,7,Respiratory,General Medicine,0,50-64,0.3736130328834853,High
70,Male,23.5,129,74,119,0,3,1,5,Other,Cardiology,1,65-79,0.23735759196828676,Medium
77,Female,19.0,140,88,260,0,5,2,3,Cardiac,Surgery,0,65-79,0.5111932629417949,High
49,Male,33.8,127,71,185,0,7,1,5,Diabetes,Pulmonology,0,35-49,0.1690099729331983,Medium
49,Female,32.8,116,119,257,0,1,1,3,Diabetes,Endocrinology,1,35-49,0.21073573302949777,Medium
34,Female,34.9,128,142,123,0,3,0,5,Diabetes,Surgery,0,18-34,0.07902198341876486,Low
71,Male,22.5,110,103,191,0,7,2,3,Cardiac,General Medicine,0,65-79,0.44986652035822006,High
58,Female,31.5,105,112,135,0,1,2,6,Other,General Medicine,0,50-64,0.3192424466205329,Medium
57,Male,30.7,150,106,176,0,0,0,1,Diabetes,General Medicine,1,50-64,0.14474477342596473,Low
76,Male,26.0,133,89,203,0,7,1,5,Cardiac,General Medicine,1,65-79,0.3571393391968794,High
73,Female,29.2,138,121,235,0,2,0,1,Cardiac,Cardiology,1,65-79,0.25998325132697947,Medium
68,Male,34.6,114,105,134,0,7,0,8,Other,Cardiology,0,65-79,0.13083228423707605,Low
58,Male,25.7,140,131,180,1,1,0,1,Cardiac,Cardiology,0,50-64,0.1740085497488081,Medium
18,Male,32.4,90,101,180,0,1,0,7,Other,General Medicine,0,18-34,0.04637332116409781,Low
49,Female,31.5,105,82,203,0,4,2,4,Diabetes,Pulmonology,0,35-49,0.30628814224229234,Medium
39,Female,26.5,108,97,167,1,0,1,2,Cardiac,Surgery,0,35-49,0.1911239230530581,Medium
45,Female,22.8,132,107,222,0,7,4,8,Cardiac,General Medicine,0,35-49,0.5786114779123782,High
78,Male,32.6,138,128,223,0,7,3,5,Other,General Medicine,1,65-79,0.4814425977184907,High
44,Female,23.4,95,80,131,0,2,0,1,Other,Endocrinology,0,35-49,0.08661025094715466,Low
65,Female,24.8,139,98,240,0,0,0,5,Other,Surgery,0,65-79,0.15462288120299897,Medium
76,Female,31.1,117,132,240,0,0,2,5,Other,General Medicine,0,65-79,0.4442813930383355,High
76,Male,32.6,130,65,168,0,4,0,3,Cardiac,Cardiology,0,65-79,0.24985972569010506,Medium
44,Male,34.9,129,163,176,0,0,0,6,Other,Surgery,0,35-49,0.08346316140725413,Low
44,Male,31.2,120,97,209,0,1,1,7,Diabetes,Surgery,0,35-49,0.17702392473962267,Medium
40,Female,24.0,93,113,208,1,7,0,3,Respiratory,Pulmonology,0,35-49,0.08212096847782593,Low
56,Female,25.6,93,123,179,0,7,1,1,Other,Surgery,0,50-64,0.1419058303871561,Low
46,Female,33.4,134,77,195,0,2,1,1,Other,Pulmonology,0,35-49,0.14173693687540842,Low
48,Female,24.4,108,92,148,0,7,0,2,Cardiac,Endocrinology,0,35-49,0.13234973675073797,Low
50,Female,27.8,119,109,203,0,2,1,3,Other,General Medicine,0,50-64,0.1610693099061542,Medium
39,Male,28.2,106,132,239,0,1,0,3,Other,Cardiology,0,35-49,0.07308867022711361,Low
74,Male,16.3,118,107,229,0,4,0,5,Other,Cardiology,0,65-79,0.1725384902776989,Medium
37,Male,20.2,102,65,227,1,4,2,7,Respiratory,Endocrinology,0,35-49,0.21034159492357038,Medium
57,Female,33.3,107,154,138,1,5,0,3,Diabetes,General Medicine,0,50-64,0.1335153821197127,Low
54,Male,32.6,120,127,125,0,5,3,10,Diabetes,Cardiology,0,50-64,0.44549811172525494,High
58,Male,25.6,103,84,211,0,4,1,6,Other,Cardiology,0,50-64,0.18249246500445232,Medium
72,Female,28.2,125,119,215,1,3,2,6,Cardiac,Surgery,1,65-79,0.498986183695885,High
60,Female,30.9,148,128,227,0,3,3,9,Hypertension,Surgery,0,50-64,0.4128697618804625,High
76,Male,20.9,124,94,173,1,2,0,2,Respiratory,Cardiology,0,65-79,0.20030633266161887,Medium
47,Female,22.8,122,99,210,0,5,2,4,Other,Cardiology,0,35-49,0.21281315508877552,Medium
53,Female,32.8,121,126,199,0,5,0,6,Diabetes,General Medicine,0,50-64,0.13430664000540055,Low
68,Male,25.0,132,114,150,0,6,0,1,Other,Cardiology,0,65-79,0.11751460791421253,Low
38,Male,23.0,102,65,150,0,1,2,6,Other,Cardiology,0,35-49,0.19865569786747156,Medium
18,Male,32.5,113,104,163,0,7,2,7,Diabetes,Endocrinology,1,18-34,0.12682404447739384,Low
18,Male,21.0,114,82,232,1,4,0,8,Other,General Medicine,0,18-34,0.04078071963470975,Low
53,Female,35.3,112,80,159,0,1,0,9,Respiratory,Cardiology,0,50-64,0.15052210395473717,Low
47,Male,26.1,103,165,227,0,0,0,9,Other,General Medicine,0,35-49,0.1135945458341642,Low
68,Female,25.1,124,110,170,1,6,2,5,Respiratory,General Medicine,1,65-79,0.363802656256887,High
66,Male,21.0,136,99,155,1,4,2,5,Cardiac,General Medicine,1,65-79,0.44141854030443656,High
18,Female,24.8,107,127,194,0,0,2,3,Other,Surgery,0,18-34,0.11968078982643307,Low
51,Male,25.9,127,89,196,0,5,2,8,Diabetes,Surgery,1,50-64,0.2814828931779524,Medium
41,Male,24.8,98,106,232,0,2,1,7,Diabetes,Surgery,1,35-49,0.16769971542868942,Medium
67,Female,25.1,109,134,140,0,6,1,4,Respiratory,Endocrinology,0,65-79,0.2567878609777325,Medium
51,Male,25.1,112,103,151,0,4,1,14,Other,General Medicine,0,50-64,0.18743571377828583,Medium
50,Male,17.8,122,90,137,0,1,3,8,Cardiac,Surgery,1,50-64,0.5163252454417948,High
59,Male,25.7,134,90,201,0,0,1,7,Other,General Medicine,0,50-64,0.2172759235737425,Medium
59,Female,30.2,124,91,190,0,5,0,4,Other,Surgery,0,50-64,0.10496381109691434,Low
93,Female,24.1,136,91,174,1,1,0,5,Cardiac,Surgery,0,80+,0.39980341452909046,High
67,Male,23.7,122,87,162,0,5,2,6,Other,Pulmonology,1,65-79,0.33820213522558407,Medium
63,Female,27.3,154,89,194,0,2,1,2,Other,Pulmonology,0,50-64,0.21849502496903908,Medium
57,Male,21.8,107,117,196,0,2,0,2,Cardiac,General Medicine,0,50-64,0.18756320550113956,Medium
39,Female,20.1,126,88,215,0,4,1,3,Other,Surgery,0,35-49,0.1077243811279558,Low
34,Male,25.5,96,67,198,1,6,0,7,Other,Cardiology,0,18-34,0.055214255257345024,Low
39,Female,30.5,119,102,150,0,3,1,4,Diabetes,Surgery,0,35-49,0.14531697238604863,Low
48,Male,23.0,103,126,224,0,7,1,5,Diabetes,Cardiology,0,35-49,0.16567481944105888,Medium
42,Male,23.8,110,72,210,0,6,1,15,Hypertension,Surgery,0,35-49,0.12826735802907216,Low
40,Male,25.9,99,114,229,0,1,0,4,Other,Surgery,1,35-49,0.07385453700563685,Low
57,Male,18.9,118,104,203,0,0,0,3,Other,General Medicine,0,50-64,0.12695642173573649,Low
18,Female,29.3,95,122,217,0,5,0,3,Other,General Medicine,0,18-34,0.03838664456149997,Low
38,Male,28.7,102,100,187,0,2,0,3,Hypertension,Endocrinology,0,35-49,0.06666741398178562,Low
55,Female,33.3,142,108,225,0,1,3,5,Diabetes,Surgery,1,50-64,0.4606914996615762,High
25,Female,16.0,121,69,195,0,5,1,2,Other,General Medicine,0,18-34,0.07695887301903262,Low
67,Female,17.6,132,66,182,0,4,4,10,Cardiac,General Medicine,0,65-79,0.7623950158596903,High
48,Female,30.6,116,65,206,0,2,0,1,Respiratory,Surgery,0,35-49,0.100574164618427,Low
29,Male,25.8,137,106,164,0,0,1,12,Other,General Medicine,0,18-34,0.11803390131230941,Low
65,Female,24.3,111,134,139,0,5,3,8,Diabetes,Surgery,0,65-79,0.5301610184988971,High
58,Female,28.3,138,114,162,0,5,3,3,Other,Cardiology,0,50-64,0.36939124749074115,High
36,Male,32.1,115,118,185,0,5,0,1,Other,Surgery,0,35-49,0.04876953835789145,Low
77,Male,44.5,124,154,184,0,6,0,3,Diabetes,General Medicine,1,65-79,0.1901497692759154,Medium
55,Male,31.9,123,141,184,0,4,1,2,Diabetes,Surgery,0,50-64,0.1822411726104656,Medium
33,Female,22.7,123,140,110,0,1,0,4,Other,Pulmonology,0,18-34,0.07547594884981242,Low
73,Female,21.9,124,139,181,0,4,2,5,Hypertension,Endocrinology,0,65-79,0.37867587361560034,High
61,Male,21.8,128,85,174,0,7,0,4,Cardiac,Cardiology,0,50-64,0.17107867725229828,Medium
66,Female,25.4,105,130,188,0,4,2,8,Cardiac,Endocrinology,0,65-79,0.5066518443587652,High
58,Female,35.8,137,132,183,0,3,0,3,Diabetes,Cardiology,1,50-64,0.14561976359456874,Low
70,Female,29.2,160,67,231,0,0,0,7,Hypertension,General Medicine,1,65-79,0.17903573506535672,Medium
62,Female,32.4,139,76,211,0,5,0,1,Other,General Medicine,0,50-64,0.10999424548820438,Low
35,Male,19.3,108,125,138,0,4,1,7,Hypertension,Endocrinology,1,35-49,0.10663850126800026,Low
68,Female,24.7,141,122,194,0,5,3,10,Hypertension,Surgery,0,65-79,0.46378991087959465,High
54,Male,20.5,122,95,175,0,4,0,2,Other,Cardiology,0,50-64,0.09418009063488296,Low
30,Female,33.0,139,100,196,0,0,1,13,Other,Cardiology,0,18-34,0.12682365058249373,Low
77,Male,22.8,137,79,219,0,4,1,3,Other,Cardiology,0,65-79,0.2559337023491856,Medium
69,Male,29.9,153,122,189,0,2,4,3,Other,General Medicine,0,65-79,0.5905285099077185,High
62,Female,29.4,126,83,214,0,7,2,4,Other,Endocrinology,1,50-64,0.2734974006086993,Medium
56,Male,30.7,99,145,198,0,5,1,4,Diabetes,General Medicine,1,50-64,0.2079491576658848,Medium
29,Male,32.5,98,102,139,0,1,0,10,Other,General Medicine,0,18-34,0.06691386736808637,Low
45,Male,36.1,91,95,183,0,3,1,1,Other,Cardiology,1,35-49,0.11808364021526338,Low
79,Male,30.7,110,124,269,0,3,4,3,Diabetes,Cardiology,1,65-79,0.724374254341365,High
58,Female,27.5,124,67,157,0,5,0,4,Cardiac,General Medicine,0,50-64,0.18269565991472855,Medium
76,Male,19.3,121,101,258,0,4,0,2,Cardiac,Surgery,0,65-79,0.25033841433981346,Medium
77,Female,27.8,114,81,182,0,7,0,4,Other,Cardiology,1,65-79,0.1642979008253852,Medium
55,Male,27.6,108,93,135,0,0,0,2,Other,General Medicine,1,50-64,0.11369189044721498,Low
67,Male,24.0,146,90,171,0,3,1,8,Hypertension,Endocrinology,0,65-79,0.23019121728216843,Medium
38,Female,24.9,115,94,195,0,3,1,2,Other,Pulmonology,0,35-49,0.12179209085846719,Low
66,Female,33.3,158,126,205,0,5,0,5,Hypertension,General Medicine,0,65-79,0.12598170020504854,Low
35,Male,24.0,115,93,234,1,0,0,1,Cardiac,General Medicine,0,35-49,0.10762437472643523,Low
61,Male,23.6,133,97,221,1,1,1,1,Cardiac,Surgery,1,50-64,0.27276470739476,Medium
46,Male,31.6,124,127,181,0,0,2,8,Other,Cardiology,0,35-49,0.244944565901075,Medium
18,Female,23.1,125,75,144,0,2,0,4,Other,Endocrinology,0,18-34,0.044754840348350595,Low
62,Female,33.1,111,103,220,0,4,2,4,Cardiac,Surgery,1,50-64,0.41319115324941336,High
46,Female,28.6,94,172,156,0,3,0,7,Other,Cardiology,1,35-49,0.09813983884902691,Low
60,Male,30.0,121,106,212,1,6,1,4,Cardiac,Endocrinology,0,50-64,0.2545512393705894,Medium
66,Female,33.3,110,103,208,0,4,0,1,Cardiac,General Medicine,0,65-79,0.21261498044286964,Medium
52,Male,23.1,133,99,181,0,3,1,6,Other,Endocrinology,0,50-64,0.16505504005314675,Medium
53,Female,38.2,112,65,230,0,5,0,4,Other,Surgery,0,50-64,0.08751579044108374,Low
41,Female,22.0,129,78,162,1,3,0,4,Cardiac,Cardiology,0,35-49,0.12502038808722424,Low
69,Male,21.8,143,105,202,0,5,0,2,Hypertension,Surgery,0,65-79,0.11666947059901261,Low
67,Female,27.6,106,119,183,1,0,2,8,Cardiac,General Medicine,1,65-79,0.5391007838741199,High
41,Female,16.0,91,101,200,0,6,1,2,Diabetes,Surgery,0,35-49,0.14315140716608196,Low
48,Female,23.8,119,114,177,0,1,2,2,Other,Surgery,1,35-49,0.228376939946584,Medium
31,Female,26.7,121,86,235,0,4,3,2,Other,General Medicine,0,18-34,0.2235660497577995,Medium
54,Male,36.7,112,125,188,0,2,1,3,Other,Surgery,0,50-64,0.1493692023612577,Low
37,Female,29.2,127,82,152,1,0,0,5,Cardiac,General Medicine,0,35-49,0.12879520775259398,Low
27,Female,21.5,142,135,156,0,1,0,12,Hypertension,Surgery,1,18-34,0.06405338671338838,Low
46,Female,22.4,144,84,193,1,5,1,5,Respiratory,Cardiology,0,35-49,0.15201938178502475,Medium
29,Female,27.4,93,85,174,0,6,0,1,Other,Pulmonology,0,18-34,0.050974979408767114,Low
54,Male,31.7,126,130,252,0,5,0,4,Hypertension,Endocrinology,0,50-64,0.0889559223952964,Low
56,Female,34.1,124,129,173,0,5,0,3,Diabetes,Surgery,0,50-64,0.1237078576680952,Low
95,Male,23.5,147,83,170,0,5,1,10,Cardiac,Surgery,0,80+,0.5254066335188907,High
43,Male,25.5,97,130,150,0,7,1,8,Respiratory,General Medicine,0,35-49,0.14528789412933765,Low
44,Male,30.8,124,110,199,0,4,2,7,Other,General Medicine,0,35-49,0.2020743715817411,Medium
37,Female,30.7,106,77,203,0,4,1,9,Other,Endocrinology,0,35-49,0.125969034125443,Low
54,Female,27.5,110,94,220,1,3,1,3,Hypertension,Cardiology,0,50-64,0.15543002927441515,Medium
23,Male,23.3,104,110,227,0,7,0,1,Other,Cardiology,0,18-34,0.03523799969757624,Low
41,Male,32.4,115,140,213,0,4,1,5,Other,General Medicine,0,35-49,0.11470156542638961,Low
55,Male,19.0,102,71,223,0,2,0,8,Respiratory,General Medicine,0,50-64,0.1534620409789396,Medium
63,Male,27.9,99,77,213,0,6,2,3,Cardiac,Endocrinology,0,50-64,0.4039173002236292,High
39,Female,24.2,109,121,175,0,0,1,5,Other,Pulmonology,0,35-49,0.15326167369238355,Medium
49,Female,34.9,117,65,207,0,6,2,3,Other,Cardiology,1,35-49,0.19971527273223794,Medium
18,Female,28.5,106,139,186,0,3,0,6,Other,General Medicine,0,18-34,0.04503251667257441,Low
40,Female,28.9,108,103,173,0,2,2,2,Diabetes,General Medicine,0,35-49,0.24817840060276725,Medium
61,Female,20.9,127,95,206,0,5,2,2,Other,Surgery,0,50-64,0.264595473467703,Medium
45,Female,27.7,112,116,205,1,1,0,7,Other,Cardiology,0,35-49,0.09676075509672687,Low
78,Male,35.1,145,95,222,0,5,1,5,Diabetes,General Medicine,0,65-79,0.3173619458641359,Medium
60,Female,30.9,110,80,200,0,0,1,5,Other,Endocrinology,0,50-64,0.22997693433608432,Medium
42,Female,20.6,103,73,126,0,6,1,3,Cardiac,General Medicine,0,35-49,0.1924918144451697,Medium
47,Male,28.3,117,119,221,1,6,0,8,Respiratory,General Medicine,0,35-49,0.09623769216245413,Low
46,Female,19.9,116,96,175,0,4,1,6,Other,Pulmonology,0,35-49,0.16071204937314237,Medium
45,Male,22.4,120,65,136,0,0,1,6,Other,Cardiology,0,35-49,0.1538146873018778,Medium
81,Female,30.6,129,135,179,0,1,3,3,Cardiac,General Medicine,0,80+,0.7147177105856599,High
59,Female,23.1,112,103,190,0,6,0,5,Respiratory,Cardiology,0,50-64,0.13833545785272708,Low
95,Male,25.8,148,75,213,0,6,4,4,Other,General Medicine,1,80+,0.7280344169036475,High
49,Male,26.2,136,78,203,0,4,1,4,Other,Cardiology,0,35-49,0.13405063535376946,Low
79,Female,31.5,107,111,184,0,2,1,6,Other,General Medicine,0,65-79,0.32464337575937885,Medium
37,Male,26.4,93,116,158,0,0,0,2,Other,Surgery,0,35-49,0.06753338752395693,Low
36,Female,36.3,122,91,182,0,3,1,1,Other,General Medicine,0,35-49,0.0987673371914239,Low
56,Male,28.0,114,107,186,0,1,1,6,Respiratory,General Medicine,0,50-64,0.22882054887177056,Medium
37,Male,26.4,90,119,180,1,6,0,7,Other,General Medicine,1,35-49,0.061586957713696364,Low
49,Female,24.1,109,105,233,0,7,1,7,Cardiac,Endocrinology,0,35-49,0.23760379785362118,Medium
23,Female,24.8,90,93,155,0,7,0,4,Cardiac,General Medicine,0,18-34,0.07335512263943136,Low
76,Male,32.2,139,169,222,1,0,2,6,Diabetes,Cardiology,0,65-79,0.4830777499307864,High
53,Male,33.8,108,102,194,0,7,2,3,Other,General Medicine,0,50-64,0.2041672296292564,Medium
94,Male,29.1,144,126,222,1,4,1,7,Other,General Medicine,0,80+,0.3696494375976149,High
45,Female,29.9,114,127,189,0,6,1,4,Diabetes,Endocrinology,0,35-49,0.16483301144820003,Medium
58,Male,38.2,119,102,116,1,7,0,3,Other,Endocrinology,0,50-64,0.08528204026171607,Low
45,Female,30.8,127,134,226,1,1,3,4,Cardiac,Pulmonology,1,35-49,0.4838070715020578,High
53,Male,23.6,109,111,135,0,5,2,4,Respiratory,General Medicine,1,50-64,0.2732169649877204,Medium
44,Male,35.9,109,150,209,0,5,0,5,Other,Pulmonology,0,35-49,0.0779050733248139,Low
38,Female,33.5,114,106,192,0,0,0,5,Other,General Medicine,0,35-49,0.08245509945872766,Low
71,Male,28.6,112,111,256,0,1,2,4,Cardiac,Cardiology,0,65-79,0.5134225233007871,High
58,Male,26.2,112,116,196,0,0,0,3,Other,Pulmonology,1,50-64,0.13568127795065088,Low
54,Male,27.6,129,74,194,0,6,2,5,Other,Surgery,0,50-64,0.21209973092814943,Medium
84,Male,31.5,130,115,215,0,0,2,2,Other,Surgery,1,80+,0.4329823469689213,High
83,Female,38.6,141,114,174,0,5,2,5,Cardiac,Endocrinology,0,80+,0.5654807206637907,High
71,Male,21.0,135,121,221,0,4,4,4,Cardiac,Cardiology,0,65-79,0.7304162935877268,High
70,Male,27.8,127,100,157,0,3,1,4,Other,General Medicine,0,65-79,0.23326294193102792,Medium
54,Female,25.4,150,111,182,0,2,0,4,Other,General Medicine,0,50-64,0.11174084314381838,Low
48,Female,28.0,140,91,174,0,1,2,7,Other,Endocrinology,1,35-49,0.26239444989636257,Medium
66,Female,29.7,157,124,240,0,1,2,7,Other,Endocrinology,0,65-79,0.36899003732388713,High
48,Male,26.8,114,107,169,0,3,2,3,Other,Cardiology,0,35-49,0.21217897006968295,Medium
66,Male,27.4,143,120,185,0,0,0,2,Hypertension,Cardiology,1,65-79,0.13638066192771112,Low
70,Male,26.2,140,83,153,0,0,1,2,Hypertension,Surgery,0,65-79,0.22172244923270013,Medium
46,Female,25.6,120,91,229,0,5,1,8,Hypertension,General Medicine,0,35-49,0.1413533699364156,Low
86,Female,30.9,124,84,248,0,4,2,1,Other,General Medicine,0,80+,0.4384954492514912,High
68,Male,18.7,106,123,173,0,0,3,5,Cardiac,Endocrinology,1,65-79,0.6610355891109508,High
61,Male,23.3,101,78,198,0,4,1,6,Cardiac,General Medicine,0,50-64,0.3103021789578255,Medium
70,Female,28.7,140,85,223,0,4,2,4,Other,General Medicine,0,65-79,0.346164038574272,High
18,Male,21.8,120,84,197,0,5,1,8,Hypertension,General Medicine,0,18-34,0.06418515601512055,Low
52,Female,22.3,130,87,241,0,1,0,1,Other,Pulmonology,0,50-64,0.11423633293939547,Low
53,Male,25.3,94,89,138,0,1,1,1,Respiratory,General Medicine,0,50-64,0.19665434958225844,Medium
63,Male,27.2,135,65,210,0,2,0,5,Other,General Medicine,0,50-64,0.13430965773287032,Low
47,Female,34.1,126,106,195,0,2,1,3,Respiratory,Surgery,0,35-49,0.16057771747286245,Medium
49,Female,30.0,109,97,206,0,0,1,8,Other,Cardiology,1,35-49,0.18770888475713848,Medium
71,Female,26.0,139,122,240,1,6,1,2,Other,Endocrinology,0,65-79,0.21256889033448537,Medium
37,Male,27.7,110,116,195,0,1,0,10,Other,Pulmonology,0,35-49,0.0901837108827808,Low
72,Female,25.0,143,91,110,1,4,0,4,Cardiac,Surgery,0,65-79,0.2318991789032417,Medium
52,Female,29.2,131,98,223,0,4,0,3,Other,General Medicine,0,50-64,0.09579901330794452,Low
78,Male,24.4,138,92,214,0,3,1,7,Other,Endocrinology,0,65-79,0.2984690923179688,Medium
64,Male,23.9,141,99,233,0,1,2,11,Hypertension,Surgery,1,50-64,0.33955484086643045,Medium
47,Male,18.4,112,70,149,1,0,0,5,Respiratory,Endocrinology,0,35-49,0.12051240922153286,Low
50,Female,25.0,143,65,192,1,2,1,4,Hypertension,Cardiology,0,50-64,0.1453355935405879,Low
55,Male,34.4,98,115,170,0,2,0,6,Other,General Medicine,0,50-64,0.11409819456687377,Low
45,Male,25.3,114,117,183,0,0,1,4,Other,General Medicine,0,35-49,0.14950053809166755,Low
58,Male,26.7,128,76,237,1,3,0,6,Respiratory,Cardiology,0,50-64,0.13331712789618713,Low
54,Male,29.2,132,101,210,1,2,2,2,Cardiac,Cardiology,0,50-64,0.3477899671200169,High
52,Female,26.8,141,65,191,1,4,1,2,Hypertension,General Medicine,0,50-64,0.1358646032339389,Low
66,Female,16.0,142,66,126,0,0,0,3,Diabetes,Endocrinology,0,65-79,0.21722795424051733,Medium
57,Male,25.9,126,86,227,0,7,0,5,Respiratory,Endocrinology,0,50-64,0.11729514646134133,Low
60,Female,28.1,129,77,163,1,2,0,2,Cardiac,General Medicine,0,50-64,0.19448515203402097,Medium
54,Male,26.3,93,118,160,0,3,1,2,Hypertension,Surgery,0,50-64,0.1435145213229615,Low
49,Female,28.5,114,143,152,0,1,0,5,Diabetes,General Medicine,0,35-49,0.14291169681777552,Low
41,Male,28.1,119,69,195,0,4,1,1,Other,Surgery,0,35-49,0.09666435071019427,Low
36,Female,28.3,135,118,128,0,0,0,4,Cardiac,Surgery,0,35-49,0.11911037025988531,Low
78,Male,27.9,136,120,180,0,5,1,4,Cardiac,Endocrinology,1,65-79,0.38603968502009445,High
85,Female,31.7,136,68,172,0,0,5,10,Diabetes,Pulmonology,1,80+,0.8944149545939493,High
77,Male,22.9,155,89,246,0,7,4,4,Hypertension,Endocrinology,0,65-79,0.5966580563316584,High
72,Male,30.5,116,158,198,0,5,0,5,Diabetes,Cardiology,0,65-79,0.19424874233072575,Medium
50,Male,31.6,130,69,193,1,1,2,3,Diabetes,General Medicine,0,50-64,0.2825923416394232,Medium
66,Male,24.3,113,79,195,0,6,0,2,Diabetes,Surgery,0,65-79,0.1460492102935334,Low
53,Male,22.9,93,65,212,0,6,0,3,Other,General Medicine,0,50-64,0.09011427248328877,Low
61,Female,28.2,118,122,205,0,2,0,5,Other,Cardiology,0,50-64,0.1382048800708504,Low
46,Female,29.3,90,94,164,0,1,0,7,Respiratory,Cardiology,0,35-49,0.12734782641132059,Low
73,Female,26.6,103,108,233,1,5,1,5,Other,Endocrinology,1,65-79,0.25393436871664904,Medium
54,Female,39.1,129,134,117,0,2,1,4,Other,General Medicine,1,50-64,0.1703952647092724,Medium
63,Male,21.8,116,107,178,0,1,2,5,Cardiac,General Medicine,1,50-64,0.47390116445167146,High
66,Female,25.0,134,113,200,0,6,0,1,Cardiac,General Medicine,0,65-79,0.19967754053687536,Medium
22,Female,22.0,104,92,207,0,6,1,2,Other,Cardiology,0,18-34,0.06653608076245637,Low
40,Female,31.7,114,100,181,0,1,0,3,Other,Endocrinology,0,35-49,0.08071364353217474,Low
43,Male,23.6,103,100,258,0,1,0,4,Cardiac,General Medicine,0,35-49,0.14551373525554584,Low
76,Female,27.6,134,129,176,0,4,3,2,Cardiac,Endocrinology,1,65-79,0.6523877928376917,High
37,Female,32.7,128,111,166,0,5,1,7,Other,Cardiology,0,35-49,0.1080710631672298,Low
26,Male,35.3,113,121,204,0,1,0,6,Other,General Medicine,0,18-34,0.054011596836395864,Low
22,Female,32.5,90,105,253,0,7,0,3,Diabetes,General Medicine,1,18-34,0.052594284558941974,Low
74,Female,29.4,158,74,192,0,1,4,7,Cardiac,Cardiology,1,65-79,0.786645922600574,High
61,Female,19.8,119,69,190,0,2,2,5,Other,Cardiology,0,50-64,0.32667118678690554,Medium
47,Female,24.8,93,79,187,1,7,0,7,Diabetes,General Medicine,0,35-49,0.11094415568067993,Low
52,Male,24.5,146,140,175,0,1,0,10,Hypertension,Endocrinology,0,50-64,0.11682435449864062,Low
58,Female,28.3,111,117,127,1,7,0,3,Other,General Medicine,0,50-64,0.09665301955293772,Low
60,Male,26.5,111,65,219,0,3,0,3,Other,Endocrinology,0,50-64,0.11899507789537024,Low
18,Female,25.7,104,105,221,0,4,2,4,Other,Cardiology,0,18-34,0.1101778941183658,Low
52,Female,26.5,163,120,174,1,5,0,3,Other,Cardiology,0,50-64,0.08369836960602561,Low
59,Female,27.8,132,102,268,0,3,2,2,Other,Endocrinology,0,50-64,0.2830681580002947,Medium
55,Male,25.8,136,65,159,0,7,0,3,Other,Surgery,1,50-64,0.07857189625862464,Low
26,Male,28.7,108,125,290,0,6,2,2,Other,Surgery,0,18-34,0.10258632533851508,Low
64,Male,34.3,103,144,236,1,1,4,6,Other,General Medicine,0,50-64,0.5865285618494678,High
63,Female,26.9,116,110,253,0,1,2,1,Cardiac,Endocrinology,1,50-64,0.46461745146523475,High
40,Male,23.2,96,125,215,0,1,0,2,Other,Surgery,0,35-49,0.07134440577397777,Low
62,Male,31.3,111,88,131,1,3,1,3,Other,General Medicine,1,50-64,0.18185764553861317,Medium
49,Male,43.7,105,140,157,0,2,2,3,Diabetes,Surgery,0,35-49,0.2575109621789725,Medium
30,Male,27.3,125,140,217,0,0,0,4,Other,Surgery,0,18-34,0.05670555456413865,Low
61,Male,27.1,113,74,110,0,2,0,2,Other,General Medicine,1,50-64,0.12121693484692475,Low
26,Female,30.9,113,134,216,0,5,0,4,Diabetes,General Medicine,0,18-34,0.06439203052553645,Low
53,Female,33.4,133,142,155,0,5,2,3,Other,Endocrinology,0,50-64,0.231607676235596,Medium
55,Male,25.3,107,118,182,0,2,3,5,Other,Surgery,0,50-64,0.3739647585885759,High
35,Female,25.6,134,115,168,0,1,0,4,Other,Surgery,0,35-49,0.06665949571093946,Low
59,Male,40.6,124,144,213,1,2,0,4,Diabetes,Surgery,1,50-64,0.1332028217430445,Low
76,Female,30.5,125,111,261,1,2,1,6,Cardiac,Pulmonology,1,65-79,0.44322298807354304,High
52,Female,17.8,142,110,223,0,2,4,9,Cardiac,Cardiology,1,50-64,0.683900159709171,High
57,Female,16.0,129,107,200,1,7,2,3,Respiratory,Endocrinology,1,50-64,0.28456854775526763,Medium
41,Male,29.1,128,106,201,1,5,0,2,Cardiac,Cardiology,0,35-49,0.09900970094856017,Low
53,Female,33.8,130,121,198,0,7,0,2,Diabetes,General Medicine,0,50-64,0.11037129853325417,Low
61,Male,25.7,144,109,139,0,0,2,7,Cardiac,General Medicine,0,50-64,0.4697660614800854,High
36,Male,36.9,115,102,169,0,2,0,2,Diabetes,Cardiology,0,35-49,0.07924775621833602,Low
63,Female,25.5,132,65,194,0,1,1,6,Other,Endocrinology,0,50-64,0.2417471853321329,Medium
58,Female,28.1,149,83,161,1,1,3,11,Hypertension,General Medicine,1,50-64,0.44296330911569926,High
58,Female,29.3,118,112,164,0,5,2,4,Other,General Medicine,0,50-64,0.2686193314845075,Medium
29,Male,20.4,105,93,155,0,4,0,8,Other,Cardiology,0,18-34,0.057659773921594985,Low
58,Male,21.6,117,69,151,1,2,0,1,Respiratory,Surgery,0,50-64,0.11958618457122502,Low
38,Female,33.0,102,88,153,0,7,4,8,Other,General Medicine,0,35-49,0.3803352562851095,High
55,Female,25.8,111,92,163,0,1,1,5,Other,Endocrinology,1,50-64,0.20205891936369116,Medium
51,Male,29.2,104,118,167,0,7,0,5,Diabetes,General Medicine,0,50-64,0.1104177410602815,Low
63,Male,24.4,129,65,240,0,2,1,1,Other,Surgery,0,50-64,0.18258927963778568,Medium
62,Male,27.8,128,74,167,0,4,2,3,Diabetes,General Medicine,1,50-64,0.34366739403670293,High
84,Male,24.9,146,81,223,0,5,1,7,Other,General Medicine,1,80+,0.309713180391778,Medium
43,Female,32.3,127,109,178,1,1,0,6,Other,Endocrinology,0,35-49,0.08827580141921419,Low
85,Female,16.0,128,65,251,0,2,2,4,Respiratory,General Medicine,1,80+,0.5457815514565925,High
63,Female,21.1,91,117,170,0,2,2,3,Other,General Medicine,1,50-64,0.3394630563379887,Medium
50,Male,31.2,122,162,110,0,1,0,13,Other,Endocrinology,0,50-64,0.12468233738576348,Low
60,Female,28.1,124,123,219,0,6,1,6,Other,Pulmonology,0,50-64,0.19965704030237105,Medium
28,Male,25.6,99,119,157,1,7,1,5,Other,Surgery,0,18-34,0.06640295134891035,Low
75,Male,26.7,137,157,222,0,4,2,4,Other,Cardiology,1,65-79,0.36136777453222857,High
39,Female,37.6,125,134,124,0,0,0,1,Hypertension,General Medicine,0,35-49,0.0702796844551848,Low
44,Male,32.0,129,88,134,1,0,0,5,Diabetes,Surgery,0,35-49,0.10336914473565877,Low
30,Female,23.6,92,146,161,0,3,1,2,Diabetes,Surgery,0,18-34,0.11846163551125198,Low
65,Female,24.3,113,72,160,0,0,0,3,Other,Surgery,0,65-79,0.15101264219020938,Low
39,Male,35.9,125,65,152,0,0,0,4,Cardiac,Pulmonology,0,35-49,0.13343372608562626,Low
50,Female,24.6,95,121,194,1,4,1,1,Other,Cardiology,0,50-64,0.13930519330860677,Low
32,Female,23.9,122,74,123,1,6,0,1,Cardiac,Cardiology,0,18-34,0.08073987681821444,Low
73,Female,20.2,110,71,231,0,7,3,4,Other,Endocrinology,0,65-79,0.48684281088405545,High
71,Male,33.0,96,130,213,1,5,3,12,Respiratory,General Medicine,0,65-79,0.5561067001750956,High
64,Female,21.3,113,76,248,0,3,0,1,Cardiac,Surgery,0,50-64,0.2065572151480916,Medium
49,Female,27.5,119,115,142,0,3,1,5,Other,Cardiology,0,35-49,0.15583308580116403,Medium
41,Male,18.0,130,67,196,1,5,0,4,Other,General Medicine,0,35-49,0.06517637772765068,Low
55,Male,30.0,136,126,126,0,4,0,9,Other,Cardiology,0,50-64,0.10857155627607629,Low
44,Male,24.9,126,92,176,0,5,0,3,Other,Endocrinology,0,35-49,0.0713182529857859,Low
59,Male,26.1,134,83,216,0,7,0,2,Other,General Medicine,0,50-64,0.09252213053480739,Low
42,Male,29.4,100,94,127,0,7,0,4,Other,Endocrinology,0,35-49,0.06417428090016594,Low
34,Female,19.7,133,100,156,1,7,0,1,Hypertension,General Medicine,0,18-34,0.04651754604257352,Low
55,Female,27.2,145,106,157,0,3,0,6,Diabetes,Pulmonology,0,50-64,0.16180332786027934,Medium
93,Male,24.9,156,119,118,1,4,2,5,Other,Endocrinology,0,80+,0.48216229449585596,High
70,Male,25.7,107,115,218,0,3,0,12,Hypertension,Cardiology,1,65-79,0.17863962659720625,Medium
36,Male,31.7,96,121,143,0,3,2,4,Other,Cardiology,0,35-49,0.16362086533094697,Medium
58,Female,25.3,137,127,221,0,2,1,7,Other,Pulmonology,0,50-64,0.22514572268367788,Medium
45,Female,30.4,113,108,207,0,7,2,2,Other,General Medicine,0,35-49,0.17911561958747363,Medium
48,Female,25.4,129,90,185,0,4,0,2,Other,Pulmonology,0,35-49,0.09179164417950565,Low
43,Female,33.1,139,65,202,0,1,2,4,Other,Surgery,0,35-49,0.19969847581097905,Medium
42,Female,29.8,119,86,182,0,2,0,5,Other,General Medicine,1,35-49,0.08497943854261615,Low
36,Male,24.6,127,106,175,0,0,1,5,Other,Endocrinology,1,35-49,0.122096811350665,Low
35,Male,39.5,142,124,182,0,1,1,3,Diabetes,Surgery,0,35-49,0.12111229073977012,Low
47,Female,34.1,97,125,172,1,1,3,3,Other,Cardiology,1,35-49,0.33280984213065307,Medium
56,Female,26.0,121,88,183,1,1,1,6,Other,Surgery,0,50-64,0.18520470886972232,Medium
33,Female,23.6,95,123,177,0,0,1,2,Other,Surgery,1,18-34,0.10854050527230784,Low
80,Male,18.3,148,95,208,0,7,0,2,Hypertension,General Medicine,0,80+,0.15394125434412156,Medium
46,Female,27.8,122,138,229,0,3,2,2,Cardiac,General Medicine,0,35-49,0.3273341004419959,Medium
45,Female,35.5,136,93,210,0,2,2,4,Other,Endocrinology,0,35-49,0.21702184881353737,Medium
62,Female,23.6,109,112,202,0,0,0,9,Other,Surgery,0,50-64,0.16445388806227704,Medium
65,Male,29.4,129,117,206,0,0,0,3,Cardiac,Endocrinology,0,65-79,0.23664088078546863,Medium
44,Male,29.6,115,94,179,0,1,0,2,Other,General Medicine,0,35-49,0.08059313287773265,Low
39,Female,25.6,105,138,225,0,7,1,5,Respiratory,Surgery,0,35-49,0.12162444685252057,Low
85,Female,41.1,134,145,164,0,3,0,1,Cardiac,Cardiology,0,80+,0.30892740754943165,Medium
56,Female,24.7,103,88,222,0,2,2,16,Other,General Medicine,1,50-64,0.3689833972890844,High
38,Male,20.3,118,66,158,1,5,0,6,Respiratory,General Medicine,0,35-49,0.07720325346869336,Low
68,Male,34.1,90,163,226,0,7,1,8,Diabetes,Surgery,1,65-79,0.2583178410226057,Medium
40,Male,30.8,106,91,205,0,5,0,4,Other,Cardiology,0,35-49,0.0636020712557351,Low
67,Male,30.3,135,92,192,0,1,1,5,Cardiac,Cardiology,1,65-79,0.35038898717271577,High
59,Male,29.2,154,109,217,0,7,3,3,Other,Surgery,0,50-64,0.3164634465673877,Medium
64,Male,28.8,102,87,163,0,6,0,2,Cardiac,Cardiology,0,50-64,0.18173771403620076,Medium
43,Female,25.8,119,65,237,0,6,1,2,Other,General Medicine,1,35-49,0.11322287540572451,Low
24,Male,28.2,96,65,235,1,1,0,9,Cardiac,Surgery,0,18-34,0.08809120099625953,Low
68,Male,27.2,152,130,225,0,6,2,4,Other,General Medicine,0,65-79,0.2950193206597802,Medium
67,Female,28.1,125,98,226,0,5,2,3,Other,Surgery,0,65-79,0.2984296363863417,Medium
49,Male,31.1,118,70,185,0,5,1,3,Other,General Medicine,0,35-49,0.12733362964250786,Low
45,Male,33.2,123,77,224,1,7,2,10,Respiratory,Surgery,0,35-49,0.20767929084093273,Medium
86,Female,24.0,122,110,176,1,4,2,2,Cardiac,Cardiology,1,80+,0.5812948561882489,High
33,Female,31.3,106,91,174,0,5,0,7,Hypertension,Surgery,0,18-34,0.05504493879012786,Low
50,Male,34.2,94,108,164,1,2,0,9,Other,Surgery,0,50-64,0.09606781675667293,Low
50,Female,30.1,111,131,139,0,5,1,6,Other,Endocrinology,0,50-64,0.15547742516877017,Medium
48,Female,27.2,101,91,171,1,1,1,2,Other,General Medicine,0,35-49,0.15168120188902626,Medium
71,Male,38.9,125,145,141,0,4,1,4,Diabetes,Cardiology,1,65-79,0.2767056970506972,Medium
22,Female,27.0,138,137,179,0,2,0,1,Other,Surgery,0,18-34,0.04092240185086551,Low
44,Female,25.8,110,103,211,0,7,0,4,Other,General Medicine,0,35-49,0.07319138150599422,Low
66,Male,35.4,100,111,182,0,2,0,5,Other,General Medicine,0,65-79,0.14578234968994652,Low
62,Male,22.2,126,131,203,0,0,0,4,Other,Endocrinology,0,50-64,0.1459867834638071,Low
54,Male,24.2,122,86,155,1,0,3,2,Respiratory,General Medicine,0,50-64,0.4213312714114146,High
89,Male,27.5,128,94,168,0,5,2,2,Cardiac,General Medicine,1,80+,0.581263994730841,High
65,Female,20.1,124,77,172,0,1,3,2,Other,General Medicine,0,65-79,0.47513021708420333,High
49,Male,31.2,120,94,194,0,2,0,5,Other,General Medicine,0,35-49,0.09402846783974726,Low
40,Female,33.4,132,65,226,0,2,0,4,Diabetes,General Medicine,0,35-49,0.10128150359983619,Low
56,Male,27.5,123,109,131,0,0,0,1,Diabetes,General Medicine,0,50-64,0.14754560319744256,Low
65,Female,20.7,105,76,139,1,3,0,7,Other,Surgery,1,65-79,0.14480077036589914,Low
55,Female,25.1,133,129,202,0,7,1,1,Other,Surgery,1,50-64,0.13265231705852473,Low
65,Female,16.0,123,84,194,0,2,4,11,Hypertension,General Medicine,0,65-79,0.6501839786589475,High
56,Male,22.0,143,109,138,0,4,0,4,Hypertension,Cardiology,1,50-64,0.09642136559131555,Low
48,Female,36.7,108,155,147,0,0,0,5,Diabetes,Pulmonology,0,35-49,0.15042367799893783,Low
31,Male,25.7,96,127,184,0,1,1,2,Other,Endocrinology,0,18-34,0.09904582469844556,Low
58,Male,29.9,129,141,224,0,0,1,9,Other,Surgery,1,50-64,0.2068331961104079,Medium
54,Female,25.6,120,117,218,1,7,0,5,Other,Surgery,0,50-64,0.08554895854722262,Low
38,Female,37.6,120,71,154,1,4,2,2,Respiratory,Surgery,0,35-49,0.17213781998731015,Medium
63,Male,22.1,119,105,110,0,4,0,4,Cardiac,Surgery,1,50-64,0.19194963792304898,Medium
44,Male,28.4,118,107,184,0,2,1,3,Other,General Medicine,1,35-49,0.12884923627402103,Low
57,Male,20.1,107,67,263,0,1,2,4,Other,General Medicine,0,50-64,0.2959804674074446,Medium
56,Female,23.8,116,118,185,0,4,1,11,Other,General Medicine,0,50-64,0.21132422199731343,Medium
69,Female,32.6,116,112,186,0,1,2,1,Diabetes,General Medicine,1,65-79,0.43002711935177906,High
54,Female,24.9,110,104,128,0,5,0,1,Respiratory,Surgery,0,50-64,0.1075377772497159,Low
60,Female,28.9,126,152,233,0,1,3,4,Diabetes,General Medicine,1,50-64,0.5237082874339364,High
73,Male,37.4,118,145,158,1,0,3,2,Diabetes,Surgery,1,65-79,0.5490776806159609,High
68,Male,37.5,121,150,229,0,5,1,1,Cardiac,General Medicine,0,65-79,0.2943336117900086,Medium
59,Male,30.0,124,138,230,0,1,0,9,Other,Surgery,0,50-64,0.1311129715621245,Low
81,Female,38.2,125,121,223,1,0,1,2,Other,Pulmonology,0,80+,0.32543909944344807,Medium
51,Female,25.4,151,120,219,0,0,1,5,Other,General Medicine,0,50-64,0.1823061120107675,Medium
49,Female,31.4,122,101,193,0,7,2,12,Other,Surgery,0,35-49,0.22664839768770625,Medium
46,Female,24.6,100,85,205,0,1,1,2,Cardiac,General Medicine,1,35-49,0.24471153659698278,Medium
60,Male,29.8,129,84,195,0,6,2,4,Other,General Medicine,0,50-64,0.25090109666315163,Medium
44,Female,32.5,106,133,242,0,6,1,8,Diabetes,Surgery,1,35-49,0.16324414438857301,Medium
51,Female,27.2,150,125,221,0,2,1,14,Hypertension,General Medicine,0,50-64,0.19831475117830957,Medium
35,Male,30.6,96,142,193,0,7,1,5,Diabetes,General Medicine,0,35-49,0.11882755309794228,Low
66,Female,22.1,116,96,240,1,4,1,6,Other,Cardiology,0,65-79,0.22558457682339147,Medium
67,Male,16.0,148,101,194,0,6,1,3,Hypertension,Cardiology,0,65-79,0.18602226786734516,Medium
45,Female,33.4,110,118,161,0,7,0,2,Cardiac,Pulmonology,0,35-49,0.12461625240468281,Low
72,Male,28.4,130,163,242,0,5,2,5,Diabetes,Cardiology,1,65-79,0.4123275196887783,High
52,Male,19.7,108,97,203,0,2,2,9,Other,Surgery,0,50-64,0.26934952193768635,Medium
59,Male,31.4,126,65,125,0,6,2,2,Hypertension,General Medicine,1,50-64,0.22396230990547963,Medium
46,Male,24.4,159,65,207,0,1,1,7,Hypertension,Cardiology,0,35-49,0.14135300957632027,Low
68,Female,22.8,122,73,204,0,3,0,9,Other,General Medicine,1,65-79,0.17864910600440773,Medium
77,Female,31.2,129,118,230,0,7,1,5,Cardiac,Surgery,0,65-79,0.36013785418387023,High
56,Female,27.1,112,92,291,1,5,0,5,Cardiac,General Medicine,0,50-64,0.17505617151559208,Medium
86,Female,22.5,145,101,198,0,3,3,5,Hypertension,General Medicine,1,80+,0.6016643896532266,High
60,Male,22.1,127,109,178,1,0,3,5,Other,Cardiology,1,50-64,0.4304213635960334,High
84,Male,31.1,123,97,226,1,2,1,3,Respiratory,Cardiology,0,80+,0.3456393082208991,High
52,Male,21.7,99,100,209,0,1,1,5,Respiratory,General Medicine,0,50-64,0.2134857752461506,Medium
40,Male,27.0,90,84,234,0,3,2,5,Cardiac,Cardiology,0,35-49,0.29479760814134115,Medium
67,Male,24.4,130,66,153,0,5,2,5,Cardiac,General Medicine,0,65-79,0.4467524884918211,High
57,Female,28.4,128,105,220,0,4,0,1,Other,General Medicine,1,50-64,0.10454081614719136,Low
71,Female,23.3,145,89,200,0,7,4,3,Other,General Medicine,0,65-79,0.579389568736759,High
51,Male,34.2,125,88,174,0,7,0,1,Cardiac,General Medicine,0,50-64,0.11980253856842225,Low
60,Female,23.3,125,122,251,1,4,0,7,Respiratory,General Medicine,0,50-64,0.1547167972390527,Medium
55,Male,24.2,108,102,164,0,7,1,4,Other,Surgery,0,50-64,0.13648224165841666,Low
49,Female,30.8,127,117,196,1,0,4,5,Cardiac,Surgery,1,35-49,0.6213882532003213,High
44,Female,32.9,111,132,162,0,6,1,7,Other,Pulmonology,0,35-49,0.13790879239394224,Low
36,Male,28.4,119,100,110,1,1,1,5,Cardiac,Cardiology,0,35-49,0.17670576365858282,Medium
50,Female,20.8,156,99,185,0,3,2,5,Hypertension,General Medicine,1,50-64,0.23679118167408336,Medium
67,Female,29.6,116,107,193,0,0,1,2,Cardiac,Cardiology,0,65-79,0.3681629552941937,High
50,Female,31.8,139,132,200,0,3,0,5,Other,Endocrinology,0,50-64,0.09906045747487349,Low
56,Female,28.0,111,124,214,0,6,1,1,Other,Cardiology,0,50-64,0.15135082259317945,Medium
51,Male,28.8,113,92,187,1,5,1,8,Diabetes,Cardiology,0,50-64,0.1885448980508661,Medium
48,Female,28.4,138,122,232,0,2,1,3,Other,Pulmonology,1,35-49,0.16031715217480444,Medium
23,Female,42.6,126,96,177,0,3,0,4,Other,General Medicine,0,18-34,0.04408562186529513,Low
66,Male,32.0,135,96,201,1,4,0,8,Hypertension,Cardiology,0,65-79,0.12673681259647873,Low
61,Male,34.8,127,104,192,0,3,1,7,Other,Cardiology,0,50-64,0.19482257403514308,Medium
45,Female,23.5,121,68,124,1,7,0,7,Other,Cardiology,0,35-49,0.07501671477743775,Low
45,Female,33.8,116,119,217,0,5,0,4,Other,General Medicine,0,35-49,0.07826700850519405,Low
31,Female,26.6,116,79,157,0,6,0,9,Other,Endocrinology,0,18-34,0.06106164798098134,Low
67,Male,38.2,141,103,203,0,7,3,4,Hypertension,Surgery,0,65-79,0.3555879049794039,High
64,Male,33.5,137,65,180,0,6,2,10,Cardiac,Pulmonology,1,50-64,0.4540448958595488,High
45,Male,21.4,143,65,230,0,4,1,4,Hypertension,General Medicine,0,35-49,0.11952412994588262,Low
59,Male,30.1,139,85,241,1,1,1,2,Diabetes,Cardiology,0,50-64,0.22199517259287277,Medium
85,Female,28.6,104,65,191,0,7,2,2,Cardiac,Cardiology,0,80+,0.5521155349117883,High
69,Female,32.6,145,116,155,0,3,0,1,Hypertension,Pulmonology,0,65-79,0.14458823834837675,Low
75,Female,21.9,101,107,110,0,7,0,3,Other,Cardiology,0,65-79,0.15919648611022175,Medium
31,Male,35.5,90,119,123,0,2,0,2,Other,Surgery,0,18-34,0.050348930773213375,Low
48,Female,26.7,115,144,213,0,4,0,1,Diabetes,General Medicine,0,35-49,0.11317920784571946,Low
73,Male,37.1,133,97,217,0,5,0,4,Cardiac,Pulmonology,1,65-79,0.24470633076856074,Medium
51,Male,31.9,130,106,188,0,6,0,1,Other,Surgery,0,50-64,0.06885420213395892,Low
53,Female,32.5,110,176,177,1,4,0,4,Cardiac,Cardiology,0,50-64,0.159786490921898,Medium
95,Female,29.1,149,150,232,0,2,0,7,Hypertension,Cardiology,1,80+,0.29232090427152896,Medium
54,Male,25.5,112,101,187,0,4,1,4,Other,General Medicine,1,50-64,0.1593557134767272,Medium
57,Female,35.8,133,116,239,0,5,1,3,Hypertension,Endocrinology,0,50-64,0.1567867449945693,Medium
75,Female,19.4,138,76,229,0,1,1,1,Other,General Medicine,0,65-79,0.2843532721208742,Medium
50,Female,26.1,106,101,165,0,5,0,2,Hypertension,General Medicine,0,50-64,0.08463714970786229,Low
58,Female,33.9,109,95,262,1,0,1,8,Respiratory,Surgery,1,50-64,0.24421170538652537,Medium
49,Female,32.8,118,110,161,0,1,2,2,Diabetes,Cardiology,1,35-49,0.298141672027703,Medium
30,Female,27.0,117,72,194,1,3,2,3,Other,General Medicine,1,18-34,0.1429773073418787,Low
66,Male,29.1,102,107,200,1,3,0,11,Other,Cardiology,0,65-79,0.1563170192689855,Medium
39,Male,25.2,118,117,231,0,4,0,3,Other,General Medicine,0,35-49,0.06526717680421107,Low
30,Female,28.5,118,138,137,1,1,1,3,Hypertension,General Medicine,1,18-34,0.09198914944794279,Low
53,Male,20.8,128,65,186,1,0,1,3,Other,General Medicine,0,50-64,0.16906113486571836,Medium
64,Female,35.6,111,147,201,0,0,1,15,Diabetes,Surgery,1,50-64,0.3527461118190099,High
72,Female,25.5,130,148,181,0,7,2,3,Diabetes,Cardiology,0,65-79,0.399016508480293,High
90,Male,24.0,136,65,147,0,3,2,1,Other,Cardiology,0,80+,0.4555288416886317,High
63,Male,31.0,139,128,230,0,4,3,4,Cardiac,Surgery,1,50-64,0.5269038387936793,High
35,Female,28.3,133,94,216,0,5,0,4,Other,General Medicine,0,35-49,0.059953325258948004,Low
82,Female,23.5,122,103,278,0,0,0,8,Cardiac,Surgery,1,80+,0.37566254096056345,High
67,Male,30.2,134,107,183,0,6,3,7,Other,Surgery,0,65-79,0.41079307879494364,High
44,Male,26.0,118,143,170,0,7,0,2,Other,Cardiology,0,35-49,0.0625338860280768,Low
18,Male,18.8,92,65,155,1,7,0,5,Cardiac,Endocrinology,0,18-34,0.05999374561141719,Low
58,Female,24.8,115,106,209,0,6,2,4,Other,Endocrinology,0,50-64,0.2682201695107512,Medium
35,Female,30.3,144,134,210,0,1,0,5,Hypertension,Endocrinology,0,35-49,0.06926754870317528,Low
57,Female,28.5,93,106,280,0,4,5,6,Respiratory,General Medicine,0,50-64,0.7184724615420031,High
53,Male,31.4,142,97,206,0,5,0,2,Hypertension,Cardiology,0,50-64,0.07776398589140832,Low
44,Male,28.1,99,156,155,1,3,1,3,Other,Surgery,0,35-49,0.1128546164762863,Low
50,Female,33.5,121,85,152,0,3,1,8,Other,Surgery,0,50-64,0.15722741361748888,Medium
52,Female,29.2,129,106,212,0,5,1,10,Other,General Medicine,0,50-64,0.17459566747274877,Medium
43,Male,33.9,126,77,228,0,5,2,4,Other,Pulmonology,0,35-49,0.18570259446654322,Medium
54,Female,34.3,112,138,162,0,7,1,5,Respiratory,General Medicine,0,50-64,0.17935260904884803,Medium
47,Female,34.2,97,133,196,1,4,1,3,Other,General Medicine,0,35-49,0.13192353436822743,Low
38,Male,33.0,105,106,192,1,5,3,2,Other,Pulmonology,0,35-49,0.23838506245233868,Medium
45,Female,22.2,114,118,188,0,3,0,4,Other,General Medicine,0,35-49,0.0901910493058282,Low
67,Male,19.9,110,81,224,0,3,2,10,Other,General Medicine,1,65-79,0.37672103231678294,High
63,Male,25.5,100,65,137,0,4,1,4,Cardiac,Surgery,0,50-64,0.28949107145654324,Medium
67,Male,27.2,112,99,165,0,1,3,9,Cardiac,Surgery,1,65-79,0.634351660321438,High
75,Female,29.0,106,114,225,0,1,0,5,Cardiac,General Medicine,0,65-79,0.3171478060593195,Medium
37,Male,39.1,101,95,197,0,5,1,3,Other,Pulmonology,0,35-49,0.0989308298845586,Low
40,Male,24.6,127,112,234,0,0,0,1,Other,General Medicine,0,35-49,0.07480213023302303,Low
32,Male,31.2,98,108,153,1,5,1,4,Cardiac,Endocrinology,1,18-34,0.13992502343415442,Low
50,Male,34.9,135,102,171,0,2,1,6,Other,Surgery,0,50-64,0.1422807704734432,Low
30,Female,33.7,128,125,210,0,7,0,1,Other,Surgery,0,18-34,0.04010897936438349,Low
38,Male,26.6,118,147,173,0,6,2,3,Other,General Medicine,0,35-49,0.1522332004717544,Medium
53,Male,32.0,106,75,134,0,3,0,2,Other,Pulmonology,0,50-64,0.10014377912074693,Low
58,Female,26.1,113,87,172,0,3,1,5,Respiratory,Pulmonology,0,50-64,0.24816772745242102,Medium
84,Female,23.7,116,113,205,0,2,1,6,Cardiac,General Medicine,1,80+,0.5061972989088601,High
47,Male,35.0,112,120,195,1,0,0,2,Cardiac,Endocrinology,0,35-49,0.14425250265309653,Low
43,Male,29.8,117,91,169,1,1,0,5,Other,Surgery,0,35-49,0.07440321125539127,Low
45,Female,37.2,115,130,224,0,0,2,9,Diabetes,General Medicine,0,35-49,0.3272780734092459,Medium
71,Female,19.2,128,92,224,0,4,1,3,Cardiac,General Medicine,1,65-79,0.3725041069674991,High
71,Female,16.0,109,65,162,0,2,1,5,Other,General Medicine,0,65-79,0.28500064711653317,Medium
31,Female,32.2,119,110,205,0,5,1,4,Cardiac,Cardiology,0,18-34,0.14557516313397093,Low
40,Male,28.4,131,104,200,0,5,0,1,Other,Surgery,0,35-49,0.054261281437845185,Low
32,Male,28.7,105,119,142,0,5,1,3,Other,General Medicine,0,18-34,0.08466639268898599,Low
56,Female,35.6,103,143,204,0,0,2,3,Other,Surgery,1,50-64,0.2793743416630502,Medium
52,Male,22.7,137,91,207,0,5,2,6,Other,Cardiology,0,50-64,0.22925145754777282,Medium
27,Female,24.7,122,111,204,1,2,1,3,Respiratory,Surgery,0,18-34,0.09725331404714581,Low
44,Male,31.4,136,88,165,0,0,2,11,Other,General Medicine,0,35-49,0.2494544418662045,Medium
75,Male,31.5,110,86,211,0,3,1,4,Other,Pulmonology,0,65-79,0.2761864069666429,Medium
45,Male,34.4,142,92,220,0,4,1,3,Hypertension,General Medicine,0,35-49,0.11004753501098047,Low
57,Male,30.4,135,94,163,0,1,1,1,Diabetes,Endocrinology,0,50-64,0.22211702918793588,Medium
45,Female,23.1,136,119,223,1,2,2,7,Respiratory,Surgery,0,35-49,0.2559776460156235,Medium
67,Male,23.0,134,81,223,0,2,0,2,Other,Cardiology,0,65-79,0.13884724664379292,Low
43,Female,31.0,116,77,201,0,2,0,5,Diabetes,Pulmonology,1,35-49,0.12389517657688462,Low
68,Male,26.5,144,110,191,0,5,0,2,Cardiac,Cardiology,0,65-79,0.20059812206430833,Medium
43,Female,33.5,137,112,160,0,4,2,10,Respiratory,Cardiology,1,35-49,0.2542561647346521,Medium
58,Male,31.3,117,75,192,0,5,0,10,Other,Pulmonology,1,50-64,0.12740026387039063,Low
79,Female,21.9,161,114,140,0,3,3,5,Other,Cardiology,1,65-79,0.5551934172728936,High
59,Male,21.3,119,103,184,0,4,1,3,Other,Surgery,0,50-64,0.16554004325253144,Medium
47,Male,30.6,116,96,159,0,4,0,8,Other,General Medicine,0,35-49,0.08918294754479016,Low
54,Female,20.3,105,103,218,0,0,1,1,Other,General Medicine,1,50-64,0.19154713300553233,Medium
23,Male,26.8,124,99,194,0,6,0,2,Other,Cardiology,0,18-34,0.03607502660850762,Low
57,Male,33.4,121,122,214,0,3,0,5,Diabetes,General Medicine,0,50-64,0.1453918323562403,Low
69,Female,27.4,131,109,138,0,0,1,6,Cardiac,Surgery,1,65-79,0.3904041159105009,High
83,Male,22.7,149,123,204,0,2,2,5,Hypertension,Cardiology,0,80+,0.4327295668267745,High
18,Male,21.3,125,80,152,0,0,1,5,Other,General Medicine,0,18-34,0.07648298253561246,Low
60,Female,27.5,133,113,146,0,0,0,2,Cardiac,General Medicine,0,50-64,0.2187145653975351,Medium
45,Male,27.9,120,101,170,1,0,3,5,Cardiac,Endocrinology,0,35-49,0.4694954515996147,High
49,Female,22.1,137,81,166,0,5,0,8,Other,General Medicine,0,35-49,0.09863788022448497,Low
55,Female,38.9,137,121,192,0,5,0,6,Diabetes,Surgery,0,50-64,0.1250811480181482,Low
62,Female,31.4,130,100,160,0,6,0,3,Cardiac,Pulmonology,1,50-64,0.19725673168754218,Medium
54,Female,30.3,113,111,186,1,0,1,5,Diabetes,Cardiology,0,50-64,0.24068212485952226,Medium
58,Female,28.6,132,111,188,0,3,1,6,Other,General Medicine,1,50-64,0.19732694270510606,Medium
48,Male,26.8,108,121,205,1,7,0,3,Cardiac,Pulmonology,0,35-49,0.12664080322361204,Low
75,Female,33.5,121,111,186,0,1,2,5,Other,Surgery,0,65-79,0.3994891533273131,High
52,Male,32.7,111,106,249,0,4,1,6,Other,Endocrinology,1,50-64,0.15670148294151454,Medium
49,Male,23.0,129,74,183,1,1,0,9,Respiratory,General Medicine,0,35-49,0.12773752086921816,Low
69,Female,24.5,138,99,174,0,5,3,2,Other,General Medicine,0,65-79,0.44839604659211635,High
38,Male,27.0,125,124,170,0,1,0,20,Other,Endocrinology,0,35-49,0.11100382355526386,Low
31,Male,32.3,109,140,161,0,3,0,6,Other,Surgery,0,18-34,0.05351238580530481,Low
66,Male,22.4,111,95,220,0,1,0,4,Cardiac,Cardiology,0,65-79,0.24356735812906224,Medium
45,Male,26.9,136,132,156,0,0,0,3,Cardiac,Endocrinology,0,35-49,0.14855833827419507,Low
55,Female,25.2,121,87,156,0,7,2,8,Other,Cardiology,0,50-64,0.25486417653813853,Medium
48,Female,21.4,137,78,161,0,7,1,3,Other,General Medicine,1,35-49,0.1261316985963142,Low
66,Female,29.8,125,124,185,0,4,1,4,Other,Surgery,0,65-79,0.20529367098091236,Medium
53,Male,29.3,127,69,161,0,0,1,3,Other,Surgery,0,50-64,0.15875866257596996,Medium
62,Male,22.4,151,81,151,0,3,0,2,Cardiac,Surgery,1,50-64,0.179036903609175,Medium
87,Female,23.2,133,65,239,1,3,3,2,Cardiac,Cardiology,0,80+,0.7162397384017095,High
65,Male,25.1,108,87,151,0,7,0,2,Cardiac,General Medicine,0,65-79,0.18370325224783254,Medium
56,Female,30.5,98,80,185,1,6,1,1,Cardiac,General Medicine,0,50-64,0.2347994882266703,Medium
71,Female,27.7,110,95,203,1,0,0,1,Other,General Medicine,1,65-79,0.16967515809147699,Medium
52,Female,27.6,130,128,186,0,4,2,5,Cardiac,Cardiology,0,50-64,0.36778374638738426,High
51,Male,29.2,109,65,207,0,3,1,5,Cardiac,Surgery,0,50-64,0.2319249287845486,Medium
53,Male,24.8,90,94,166,0,7,0,6,Other,Surgery,0,50-64,0.08612040276372661,Low
19,Male,16.7,118,65,214,0,0,0,9,Other,Cardiology,0,18-34,0.05373519514192171,Low
30,Male,28.6,118,149,179,0,0,0,2,Other,Pulmonology,0,18-34,0.06263886010186367,Low
77,Female,39.7,138,149,185,1,5,0,7,Diabetes,General Medicine,0,65-79,0.22207011730916734,Medium
38,Female,36.5,90,135,155,0,7,1,3,Other,General Medicine,0,35-49,0.09680436063781135,Low
43,Male,26.3,117,95,200,0,4,1,1,Other,Cardiology,0,35-49,0.10948169883298539,Low
43,Male,39.4,106,109,221,0,3,0,8,Diabetes,Surgery,0,35-49,0.1008631265115438,Low
38,Male,26.0,131,65,210,1,5,1,4,Respiratory,General Medicine,1,35-49,0.1144265763074908,Low
24,Male,24.0,90,79,110,0,6,0,6,Other,General Medicine,0,18-34,0.04430099504857388,Low
39,Female,25.4,90,86,140,0,0,0,3,Respiratory,General Medicine,0,35-49,0.10372827916263139,Low
62,Male,22.2,99,160,198,0,1,1,7,Diabetes,Endocrinology,0,50-64,0.30283172549466963,Medium
52,Female,28.6,114,107,269,0,3,0,2,Other,Endocrinology,1,50-64,0.10131311266837457,Low
81,Male,20.6,125,120,220,0,4,0,4,Other,General Medicine,0,80+,0.1969017440597304,Medium
18,Female,30.0,90,101,153,0,4,0,5,Other,General Medicine,0,18-34,0.042175098852737875,Low
80,Female,22.5,149,97,250,0,4,1,6,Cardiac,General Medicine,1,80+,0.4450973461462376,High
57,Male,27.4,112,70,165,1,3,1,3,Other,General Medicine,0,50-64,0.16396235379963656,Medium
18,Male,30.6,95,117,176,0,6,0,4,Diabetes,General Medicine,0,18-34,0.04668399848361357,Low
42,Male,23.7,106,94,217,0,7,1,5,Other,Cardiology,0,35-49,0.1071918426997411,Low
63,Female,33.6,120,130,201,0,3,1,2,Other,Surgery,1,50-64,0.18810536722701296,Medium
57,Male,36.0,125,147,219,1,6,1,4,Diabetes,Endocrinology,0,50-64,0.18893942948739187,Medium
56,Female,35.3,117,148,197,0,0,3,4,Other,Pulmonology,1,50-64,0.4404819161068613,High
64,Female,28.2,102,116,188,0,4,2,3,Other,Surgery,0,50-64,0.2963929278897339,Medium
39,Female,33.3,127,159,204,1,6,1,4,Other,Cardiology,0,35-49,0.09712213642482936,Low
65,Male,30.7,137,85,171,0,7,4,9,Diabetes,Surgery,1,65-79,0.6068599747982228,High
45,Male,34.7,129,138,196,0,0,0,1,Diabetes,Cardiology,0,35-49,0.10630868540846894,Low
36,Female,26.8,127,104,176,1,4,0,2,Respiratory,General Medicine,0,35-49,0.07163052967517587,Low
48,Male,27.3,98,107,145,0,6,0,2,Diabetes,Endocrinology,1,35-49,0.10126440654649957,Low
73,Female,21.0,131,98,170,1,3,2,2,Respiratory,Pulmonology,0,65-79,0.43205327977236946,High
69,Female,27.1,122,117,285,1,5,0,1,Cardiac,Pulmonology,0,65-79,0.2277816563740235,Medium
71,Female,32.1,139,163,160,0,7,0,1,Other,General Medicine,1,65-79,0.12880965669269362,Low
58,Male,33.0,129,117,264,0,5,0,3,Diabetes,General Medicine,0,50-64,0.13045292032395145,Low
41,Male,31.2,106,130,238,0,6,1,9,Other,General Medicine,0,35-49,0.11883545543821127,Low
18,Male,19.4,103,113,224,0,6,1,5,Other,Cardiology,0,18-34,0.06086497709063972,Low
50,Female,30.0,134,109,227,1,4,0,3,Cardiac,Cardiology,0,50-64,0.14176166348884275,Low
66,Male,25.9,117,71,191,1,4,1,5,Respiratory,General Medicine,0,65-79,0.24153621639906697,Medium
19,Male,31.5,115,119,183,1,1,2,2,Diabetes,General Medicine,0,18-34,0.1385643418346023,Low
46,Male,35.1,110,82,110,1,2,0,2,Cardiac,Endocrinology,0,35-49,0.12891526632395908,Low
69,Male,28.8,160,77,206,0,7,0,2,Hypertension,Cardiology,0,65-79,0.10749313020027174,Low
56,Female,30.3,129,85,158,0,4,3,8,Cardiac,General Medicine,0,50-64,0.5480064107797341,High
64,Male,24.8,108,78,187,0,1,2,2,Diabetes,General Medicine,0,50-64,0.3930956849738831,High
83,Male,26.5,133,90,191,1,3,1,6,Respiratory,Surgery,0,80+,0.3351507552027385,Medium
71,Female,27.5,136,77,233,1,2,1,2,Hypertension,Endocrinology,1,65-79,0.23358231285457726,Medium
64,Female,23.6,124,127,217,0,0,1,4,Other,General Medicine,0,50-64,0.24855092846805985,Medium
34,Male,28.6,103,145,199,0,6,1,5,Diabetes,Cardiology,0,18-34,0.11880606521589984,Low
90,Female,23.4,133,131,179,0,7,3,5,Cardiac,Pulmonology,0,80+,0.7443992830844399,High
60,Female,37.1,130,115,178,0,6,1,6,Diabetes,General Medicine,0,50-64,0.22978755955852836,Medium
43,Male,36.8,97,191,219,1,1,0,5,Other,General Medicine,0,35-49,0.08098850486175985,Low
73,Female,30.5,133,108,226,0,5,1,4,Respiratory,Endocrinology,0,65-79,0.28838381017105674,Medium
78,Male,20.2,128,95,196,0,7,0,3,Cardiac,Surgery,0,65-79,0.2371866441104595,Medium
44,Male,22.7,114,100,180,0,7,0,1,Other,Endocrinology,1,35-49,0.06383362199983093,Low
61,Male,28.9,155,110,183,0,6,1,7,Hypertension,Surgery,0,50-64,0.15726487606970663,Medium
49,Female,30.5,110,138,190,0,4,1,8,Other,General Medicine,0,35-49,0.1640490517445169,Medium
33,Male,37.0,121,99,215,0,1,1,3,Other,General Medicine,0,18-34,0.09689545462602298,Low
39,Female,28.6,92,80,144,1,0,0,3,Other,Surgery,0,35-49,0.07406981663234732,Low
26,Male,27.5,101,126,203,0,5,1,3,Other,Endocrinology,0,18-34,0.07424840246051485,Low
44,Male,19.6,93,81,158,0,0,2,5,Other,Surgery,0,35-49,0.22536254992118754,Medium
61,Female,34.2,97,108,226,0,1,1,2,Cardiac,General Medicine,0,50-64,0.32378956481915544,Medium
30,Female,25.7,125,89,152,1,5,0,7,Hypertension,General Medicine,0,18-34,0.05228331680213682,Low
74,Male,20.3,134,104,160,1,3,3,4,Respiratory,General Medicine,0,65-79,0.5465057521464536,High
69,Male,16.0,112,91,208,0,0,3,2,Other,Cardiology,0,65-79,0.5003235386254722,High
35,Female,23.8,132,88,173,0,7,0,15,Cardiac,General Medicine,0,35-49,0.12676463620085437,Low
26,Female,38.0,95,80,135,0,1,1,10,Respiratory,Pulmonology,0,18-34,0.1368098629288314,Low
41,Female,21.2,129,108,181,0,1,2,5,Other,Surgery,0,35-49,0.20832424357571638,Medium
24,Female,34.4,124,122,168,0,3,0,2,Cardiac,Pulmonology,0,18-34,0.08353287312961849,Low
27,Female,30.5,122,129,196,0,4,0,1,Other,Cardiology,0,18-34,0.04588938704581259,Low
64,Male,29.3,126,116,209,0,2,2,5,Other,Surgery,0,50-64,0.3021013335995078,Medium
90,Female,26.0,138,87,239,0,7,2,7,Other,General Medicine,0,80+,0.47680477585744996,High
42,Female,27.4,134,108,220,0,5,1,2,Other,Surgery,0,35-49,0.10446766109444927,Low
49,Male,20.6,91,95,223,0,2,1,3,Hypertension,Surgery,0,35-49,0.13914579367256077,Low
70,Male,30.8,164,88,183,1,5,0,1,Hypertension,Cardiology,0,65-79,0.10967369088874827,Low
40,Male,30.4,98,83,161,0,1,0,4,Diabetes,Cardiology,0,35-49,0.10156634331992503,Low
58,Male,30.7,90,94,204,0,2,3,7,Hypertension,Cardiology,1,50-64,0.40927579703290934,High
67,Female,24.3,157,113,210,0,0,1,1,Hypertension,General Medicine,1,65-79,0.23020183494988702,Medium
43,Male,36.1,121,120,210,0,6,1,7,Other,General Medicine,1,35-49,0.11380305986462133,Low
62,Female,30.0,102,87,208,0,7,3,9,Other,Surgery,1,50-64,0.4092631744873422,High
61,Female,38.1,92,125,217,0,2,1,1,Other,General Medicine,0,50-64,0.19711827891837116,Medium
82,Female,32.8,134,177,155,0,0,3,4,Diabetes,Pulmonology,1,80+,0.6942678759744018,High
45,Female,30.5,144,94,230,0,7,0,8,Hypertension,Cardiology,0,35-49,0.07317585730830398,Low
44,Female,29.3,146,78,200,0,2,1,2,Hypertension,General Medicine,0,35-49,0.12424221003025689,Low
65,Female,20.2,126,72,205,0,6,0,2,Respiratory,General Medicine,0,65-79,0.15076943485022798,Low
21,Male,21.1,126,74,149,1,0,1,5,Cardiac,Cardiology,0,18-34,0.13037663670443145,Low
23,Male,26.0,112,144,203,0,4,0,1,Respiratory,Cardiology,0,18-34,0.04821806335325933,Low
51,Male,29.9,139,180,176,1,3,1,1,Other,Surgery,0,50-64,0.12181146701671913,Low
69,Female,30.6,151,102,200,0,5,3,6,Diabetes,Endocrinology,0,65-79,0.5468773090374177,High
48,Male,30.3,105,172,162,0,1,0,2,Diabetes,General Medicine,1,35-49,0.12115226790884095,Low
74,Female,18.5,134,104,138,0,5,2,3,Cardiac,Pulmonology,0,65-79,0.531012173601137,High
85,Female,32.1,157,65,143,0,1,2,9,Cardiac,General Medicine,0,80+,0.6475490175069404,High
66,Female,22.9,124,123,149,0,7,0,3,Other,General Medicine,0,65-79,0.12605138338943778,Low
34,Female,22.9,104,117,193,0,3,0,1,Other,Surgery,1,18-34,0.05800125042451359,Low
73,Male,20.7,108,94,162,0,0,2,4,Other,Cardiology,0,65-79,0.40486443655784027,High
58,Female,27.3,114,126,198,1,3,0,4,Respiratory,Surgery,0,50-64,0.1314744915583648,Low
52,Female,20.0,114,105,214,0,1,0,4,Other,Cardiology,0,50-64,0.11660443641582743,Low
41,Female,30.4,94,125,175,1,1,1,6,Respiratory,Pulmonology,0,35-49,0.17883309041672088,Medium
58,Male,35.4,102,161,263,0,4,1,8,Cardiac,General Medicine,0,50-64,0.2935744029426447,Medium
21,Male,31.6,134,103,110,1,2,0,1,Other,Pulmonology,0,18-34,0.03957106868632549,Low
78,Male,27.5,130,110,166,0,2,1,9,Diabetes,Pulmonology,0,65-79,0.40664746619244924,High
45,Male,27.3,92,88,197,0,4,0,5,Other,General Medicine,0,35-49,0.08207174068280357,Low
55,Male,32.7,102,130,119,0,5,2,7,Other,Endocrinology,0,50-64,0.2552467047896616,Medium
67,Female,26.2,139,112,216,0,5,1,2,Other,General Medicine,0,65-79,0.20703589013408089,Medium
63,Female,27.4,140,107,231,0,6,4,9,Cardiac,Surgery,1,50-64,0.6883449585547969,High
70,Female,22.7,106,70,229,0,7,0,4,Other,General Medicine,0,65-79,0.14559717380585308,Low
62,Male,31.6,149,143,173,0,1,3,4,Cardiac,Cardiology,1,50-64,0.5653036561221362,High
51,Female,32.3,143,129,128,0,4,2,5,Hypertension,Cardiology,0,50-64,0.2226653557633964,Medium
90,Female,24.7,143,75,291,0,2,0,3,Cardiac,Cardiology,1,80+,0.38121876440080454,High
55,Female,30.3,158,137,188,0,5,2,7,Hypertension,Endocrinology,0,50-64,0.25057473608617725,Medium
80,Female,27.1,166,80,238,1,0,2,10,Respiratory,Endocrinology,1,80+,0.5375895000710215,High
63,Male,21.3,109,85,189,0,3,2,8,Cardiac,Endocrinology,1,50-64,0.47791586903427735,High
52,Female,23.4,100,140,284,0,0,0,9,Cardiac,General Medicine,0,50-64,0.22692305965224294,Medium
64,Male,21.9,114,142,191,0,2,0,3,Diabetes,General Medicine,0,50-64,0.18139245601026713,Medium
42,Female,33.1,110,123,218,0,2,0,4,Hypertension,General Medicine,0,35-49,0.07917910599686456,Low
69,Female,29.4,135,65,183,0,0,2,10,Cardiac,Pulmonology,0,65-79,0.5854009680512162,High
63,Male,30.8,114,111,242,0,4,1,4,Hypertension,General Medicine,0,50-64,0.1853712553557115,Medium
59,Male,32.3,92,99,280,0,4,0,5,Diabetes,Surgery,0,50-64,0.14223906734265537,Low
39,Female,34.2,123,104,151,0,2,3,9,Diabetes,Cardiology,1,35-49,0.38399386421172893,High
76,Male,30.2,138,114,189,0,6,1,3,Other,General Medicine,0,65-79,0.23032352782970233,Medium
56,Male,28.3,116,71,204,1,0,0,12,Other,Pulmonology,0,50-64,0.15037005468049894,Low
65,Male,33.5,143,128,223,0,4,1,2,Hypertension,General Medicine,0,65-79,0.1777194283973385,Medium
56,Female,29.9,133,118,147,0,7,2,6,Other,Surgery,0,50-64,0.23104848004025094,Medium
50,Female,16.0,147,90,160,1,0,0,11,Other,Surgery,1,50-64,0.1206352318885936,Low
54,Male,26.2,131,117,203,0,1,1,4,Other,Pulmonology,1,50-64,0.1863508624144992,Medium
18,Female,22.8,111,84,173,1,1,1,5,Other,Surgery,0,18-34,0.07059498830394913,Low
58,Female,25.8,128,103,136,0,4,0,4,Other,Endocrinology,0,50-64,0.11789508615437848,Low
56,Female,31.6,135,122,170,0,5,2,11,Hypertension,Endocrinology,0,50-64,0.28237978016474596,Medium
53,Female,23.1,124,91,170,0,6,2,7,Other,Surgery,0,50-64,0.23711893997318095,Medium
79,Female,17.9,138,115,173,0,6,5,12,Respiratory,General Medicine,1,65-79,0.8374997436831816,High
40,Female,16.8,124,94,163,0,3,0,4,Other,General Medicine,0,35-49,0.07975775011569705,Low
65,Male,26.5,141,66,163,0,2,0,2,Respiratory,Cardiology,0,65-79,0.1536541348456061,Medium
51,Female,25.7,125,134,159,0,5,0,2,Other,Cardiology,0,50-64,0.0879239250228119,Low
64,Male,32.3,126,92,151,1,4,1,1,Other,General Medicine,0,50-64,0.17187041400116682,Medium
71,Male,26.6,142,107,197,0,4,2,4,Cardiac,Cardiology,0,65-79,0.4703040716612662,High
59,Male,26.8,126,105,187,0,3,1,4,Other,General Medicine,0,50-64,0.18270937024171238,Medium
49,Male,31.4,138,120,198,1,3,1,3,Cardiac,General Medicine,0,35-49,0.20989940787642158,Medium
54,Female,26.0,104,65,153,0,5,1,11,Other,Endocrinology,0,50-64,0.19578866401941075,Medium
59,Male,18.5,134,65,212,0,5,1,8,Other,Endocrinology,0,50-64,0.19247219459022116,Medium
71,Female,24.4,95,65,245,1,0,3,4,Cardiac,Cardiology,1,65-79,0.6690817212494579,High
74,Male,27.2,99,99,212,0,2,1,6,Other,General Medicine,0,65-79,0.2835331335947037,Medium
45,Male,25.8,101,124,152,0,7,0,6,Other,Cardiology,0,35-49,0.07274092428395701,Low
66,Male,27.1,151,113,195,0,7,1,2,Cardiac,Pulmonology,0,65-79,0.28670637101987767,Medium
46,Female,30.3,119,68,224,0,7,1,11,Diabetes,Cardiology,0,35-49,0.18389069160765786,Medium
41,Female,21.0,93,113,192,1,5,2,3,Other,General Medicine,0,35-49,0.18330330654995286,Medium
56,Female,29.8,133,124,211,0,3,0,5,Other,Surgery,0,50-64,0.10780932736467023,Low
19,Male,20.6,124,65,197,0,1,1,9,Hypertension,Endocrinology,0,18-34,0.08114308745171736,Low
47,Female,19.4,136,89,139,1,5,2,1,Respiratory,Cardiology,0,35-49,0.2239329675734044,Medium
53,Male,20.6,128,104,229,0,1,1,2,Other,General Medicine,1,50-64,0.16760111790369717,Medium
33,Male,31.8,115,128,176,1,5,1,2,Diabetes,General Medicine,0,18-34,0.10491560972174058,Low
82,Female,32.6,135,89,223,0,1,1,3,Diabetes,General Medicine,0,80+,0.39825360082556344,High
65,Male,32.2,91,117,110,0,2,1,3,Hypertension,Pulmonology,1,65-79,0.21995636422920464,Medium
56,Male,17.9,118,96,181,1,6,2,3,Cardiac,Endocrinology,0,50-64,0.3505321610877065,High
40,Female,19.0,104,121,192,0,7,0,2,Other,General Medicine,0,35-49,0.06509200987487886,Low
61,Female,25.0,142,110,211,0,3,2,2,Cardiac,General Medicine,0,50-64,0.4243928873070347,High
45,Male,27.2,95,107,206,0,2,1,3,Other,General Medicine,0,35-49,0.13669030419720363,Low
58,Male,23.1,137,113,197,0,6,2,9,Other,Surgery,0,50-64,0.25649585194381797,Medium
43,Male,26.5,110,109,231,0,5,1,1,Respiratory,Cardiology,0,35-49,0.12805762656445238,Low
38,Male,31.8,112,122,195,0,0,0,1,Hypertension,Endocrinology,1,35-49,0.06722912268736066,Low
58,Female,29.6,150,97,142,0,3,3,4,Other,Cardiology,1,50-64,0.3913028909781731,High
54,Female,33.9,130,93,162,0,4,0,20,Diabetes,Surgery,0,50-64,0.1821383038422563,Medium
51,Female,31.8,125,140,186,1,2,1,2,Other,Cardiology,0,50-64,0.14815980325233985,Low
57,Male,28.7,120,102,132,0,5,1,5,Hypertension,General Medicine,1,50-64,0.15748681888717989,Medium
36,Female,26.5,117,115,193,0,0,0,9,Other,General Medicine,0,35-49,0.0895524507805237,Low
44,Male,30.4,127,114,205,0,7,4,2,Diabetes,General Medicine,0,35-49,0.4342264055101301,High
49,Male,30.8,127,141,191,0,1,3,4,Other,Pulmonology,0,35-49,0.3629924942208716,High
55,Male,29.7,130,86,195,0,2,2,10,Other,Surgery,0,50-64,0.2751108742809156,Medium
62,Male,26.1,149,65,203,0,7,1,3,Other,General Medicine,0,50-64,0.16027695957420007,Medium
42,Male,21.4,123,117,190,1,7,0,7,Other,General Medicine,0,35-49,0.06642056327173813,Low
70,Male,26.0,138,106,141,0,0,1,3,Other,Endocrinology,0,65-79,0.25496933974825853,Medium
65,Male,22.7,119,80,198,0,5,3,6,Hypertension,Endocrinology,1,65-79,0.42625360946642216,High
54,Female,24.4,112,126,226,0,6,0,12,Hypertension,General Medicine,0,50-64,0.11715825628996668,Low
52,Male,31.1,125,101,218,0,2,1,4,Other,Surgery,0,50-64,0.1470100795776373,Low
74,Female,20.6,120,147,233,0,6,1,6,Respiratory,Endocrinology,0,65-79,0.3129134246023992,Medium
62,Male,26.3,146,117,221,1,6,1,2,Diabetes,Surgery,0,50-64,0.19041255327855985,Medium
50,Male,32.2,123,122,151,0,1,1,3,Other,Pulmonology,0,50-64,0.1622207030270371,Medium
70,Male,30.7,128,118,239,0,7,1,5,Diabetes,Endocrinology,0,65-79,0.2642615682045787,Medium
66,Female,28.1,120,88,223,0,1,1,3,Other,General Medicine,0,65-79,0.24102220955135695,Medium
57,Female,26.3,90,77,138,0,6,3,4,Other,Cardiology,0,50-64,0.3745924377464692,High
66,Female,27.6,128,101,199,0,0,0,2,Cardiac,General Medicine,0,65-79,0.25126813160306816,Medium
61,Male,25.3,103,108,240,0,3,1,5,Cardiac,Endocrinology,0,50-64,0.31571537753986134,Medium
51,Female,23.9,107,103,221,0,6,0,4,Other,General Medicine,0,50-64,0.09316452226199236,Low
42,Male,38.8,97,77,167,0,2,2,5,Diabetes,Endocrinology,0,35-49,0.2537199284698584,Medium
86,Male,24.8,153,115,258,0,2,0,7,Other,Pulmonology,0,80+,0.25614797204128836,Medium
66,Male,24.2,142,106,216,0,1,2,5,Other,Cardiology,1,65-79,0.33969933701477334,Medium
55,Female,24.6,108,87,216,1,1,5,4,Respiratory,Surgery,1,50-64,0.6934063886623025,High
68,Male,30.1,145,117,218,0,7,0,2,Hypertension,General Medicine,0,65-79,0.10853465185047764,Low
54,Female,30.5,148,145,206,0,5,2,9,Hypertension,General Medicine,0,50-64,0.2560835343032949,Medium
54,Female,20.1,130,76,194,1,5,0,6,Other,General Medicine,0,50-64,0.10366357608845969,Low
20,Female,28.4,113,93,234,0,2,1,8,Hypertension,Endocrinology,0,18-34,0.08254279989553433,Low
62,Male,23.4,145,100,185,0,1,1,3,Hypertension,General Medicine,0,50-64,0.1966099191579835,Medium
84,Female,30.6,125,89,249,0,4,2,2,Other,Pulmonology,0,80+,0.4505759931573464,High
62,Male,21.5,111,74,184,1,1,1,1,Other,General Medicine,0,50-64,0.19554883067530204,Medium
18,Male,30.9,107,120,182,1,2,0,3,Other,Cardiology,0,18-34,0.036683640720675106,Low
56,Female,21.3,130,116,193,0,4,0,4,Other,Surgery,0,50-64,0.10524146344616475,Low
56,Female,25.6,123,65,209,0,5,1,2,Other,Cardiology,0,50-64,0.1594254273374073,Medium
57,Male,20.5,122,112,175,0,5,1,9,Diabetes,General Medicine,1,50-64,0.24046897631776598,Medium
61,Female,26.6,128,102,233,1,3,0,5,Respiratory,General Medicine,0,50-64,0.15370165456136908,Medium
55,Female,23.0,93,87,190,0,7,1,3,Other,General Medicine,0,50-64,0.15724937508487966,Medium
44,Female,22.8,118,85,163,0,6,0,2,Other,Endocrinology,0,35-49,0.07333889948348271,Low
46,Male,33.1,90,108,209,0,5,1,3,Diabetes,Endocrinology,0,35-49,0.16160446286172997,Medium
57,Female,26.3,96,95,248,0,6,0,2,Cardiac,Endocrinology,0,50-64,0.17348973867357934,Medium
46,Female,26.0,129,130,231,0,2,0,1,Other,General Medicine,0,35-49,0.08647950680590856,Low
34,Male,36.6,112,89,174,0,1,0,4,Other,Surgery,0,18-34,0.058147781664723217,Low
43,Male,18.8,90,99,162,0,7,0,6,Other,Cardiology,0,35-49,0.07218235140709015,Low
46,Female,27.3,120,65,224,0,1,0,4,Other,General Medicine,1,35-49,0.09694734740213587,Low
83,Female,24.4,152,118,201,0,2,2,5,Cardiac,Endocrinology,1,80+,0.6142148546182427,High
19,Female,32.3,108,130,175,0,0,0,2,Other,General Medicine,0,18-34,0.04626990589907703,Low
47,Male,25.5,107,122,211,0,1,2,5,Other,General Medicine,0,35-49,0.24027309156197799,Medium
37,Male,26.9,108,103,176,0,4,3,7,Other,Pulmonology,0,35-49,0.28455958768047135,Medium
47,Female,27.0,113,114,170,0,4,0,3,Hypertension,General Medicine,0,35-49,0.08276460344311905,Low
35,Male,27.6,144,94,160,0,1,1,2,Hypertension,Surgery,0,35-49,0.08922444679063313,Low
83,Female,32.3,149,189,197,0,1,2,4,Diabetes,Surgery,1,80+,0.5231742304178905,High
60,Female,26.3,128,75,201,0,4,5,4,Other,Endocrinology,0,50-64,0.6733804059271569,High
43,Male,23.8,106,87,221,1,0,3,3,Respiratory,Pulmonology,0,35-49,0.37735437687821244,High
60,Male,29.2,133,110,198,0,6,3,5,Other,General Medicine,0,50-64,0.37111333754840936,High
71,Female,28.6,136,89,187,0,3,2,3,Respiratory,General Medicine,1,65-79,0.4075393445958152,High
57,Male,29.4,137,126,151,0,1,1,2,Other,Endocrinology,0,50-64,0.17724458447687444,Medium
51,Female,27.9,128,118,151,0,3,2,6,Respiratory,General Medicine,0,50-64,0.29938611025353384,Medium
49,Female,36.9,90,107,188,0,1,1,3,Other,General Medicine,0,35-49,0.16193398152249433,Medium
54,Female,32.5,124,116,145,1,5,1,2,Diabetes,General Medicine,0,50-64,0.1864696076405922,Medium
44,Male,36.7,119,122,138,1,7,0,8,Respiratory,Cardiology,0,35-49,0.0798247520315229,Low
32,Female,21.8,137,101,142,0,7,0,3,Other,Cardiology,0,18-34,0.049589254182011676,Low
40,Male,22.5,110,66,118,0,4,2,2,Other,General Medicine,0,35-49,0.17095218487034722,Medium
51,Male,24.8,109,114,169,0,5,0,20,Other,Surgery,0,50-64,0.12408235799225882,Low
58,Male,31.4,107,110,232,0,2,1,4,Diabetes,General Medicine,0,50-64,0.2387950334423199,Medium
50,Male,32.3,109,136,189,0,3,2,5,Other,Surgery,0,50-64,0.2177441841162713,Medium
67,Male,20.4,114,85,195,0,6,4,14,Other,Endocrinology,1,65-79,0.6336994757758027,High
69,Male,25.6,111,153,140,0,2,1,3,Cardiac,General Medicine,1,65-79,0.3591289361869651,High
60,Female,29.3,107,112,206,0,0,2,1,Other,Surgery,0,50-64,0.29633309203829444,Medium
46,Female,21.4,141,155,227,0,0,0,1,Other,Surgery,0,35-49,0.08807829072913859,Low
57,Male,18.9,129,65,139,1,6,1,6,Cardiac,General Medicine,0,50-64,0.2534014133161564,Medium
48,Female,27.4,115,133,202,0,3,0,3,Other,Cardiology,0,35-49,0.09125616392803702,Low
84,Male,22.8,153,101,178,0,1,0,4,Other,General Medicine,0,80+,0.22498085002907722,Medium
51,Male,24.4,119,123,213,1,5,1,2,Respiratory,General Medicine,0,50-64,0.15530746201359422,Medium
41,Male,32.2,105,93,225,0,6,1,3,Other,General Medicine,0,35-49,0.10122004419819479,Low
95,Female,22.4,122,95,203,0,0,1,9,Other,General Medicine,0,80+,0.48341669346240346,High
57,Female,21.5,140,76,246,0,1,3,3,Cardiac,General Medicine,0,50-64,0.5633721351717822,High
52,Male,27.2,104,106,180,1,1,2,10,Respiratory,Endocrinology,0,50-64,0.33087994855329655,Medium
48,Male,26.0,114,127,206,1,3,1,8,Respiratory,General Medicine,1,35-49,0.17943701053020475,Medium
55,Female,27.6,115,114,147,0,1,1,5,Other,Endocrinology,0,50-64,0.19999327565329056,Medium
79,Female,28.7,138,91,241,0,2,4,8,Other,Surgery,1,65-79,0.6947593653117553,High
64,Male,23.0,101,104,236,0,3,2,4,Other,Pulmonology,1,50-64,0.33567305272372,Medium
67,Female,29.6,136,142,219,0,2,0,11,Other,Endocrinology,0,65-79,0.18506718438823866,Medium
35,Female,21.6,120,112,173,0,4,1,2,Other,Pulmonology,0,35-49,0.10948356880483759,Low
67,Female,27.1,117,108,244,0,5,0,8,Cardiac,General Medicine,0,65-79,0.24948916922562445,Medium
61,Female,33.2,136,116,155,0,2,1,2,Cardiac,Endocrinology,0,50-64,0.30573073601840894,Medium
24,Male,16.6,131,70,162,0,0,1,5,Respiratory,Surgery,0,18-34,0.10208309776877389,Low
45,Male,38.4,116,117,209,1,5,0,6,Diabetes,Surgery,0,35-49,0.08784668585355886,Low
44,Female,33.5,117,65,245,0,6,0,1,Cardiac,Pulmonology,0,35-49,0.12206662043731625,Low
21,Male,21.3,110,82,156,1,3,2,1,Diabetes,Cardiology,0,18-34,0.13528707151741506,Low
33,Female,33.6,111,113,235,0,4,0,4,Hypertension,Endocrinology,0,18-34,0.05752722126199738,Low
53,Male,16.0,138,65,214,0,0,0,3,Hypertension,Endocrinology,0,50-64,0.1092696317563771,Low
75,Male,26.3,140,81,189,0,7,3,16,Other,Cardiology,1,65-79,0.5380726233434693,High
78,Female,26.6,114,78,213,0,2,1,8,Cardiac,General Medicine,1,65-79,0.47265231159073234,High
18,Male,19.2,112,65,199,0,1,1,5,Cardiac,Cardiology,0,18-34,0.12509726125128126,Low
39,Male,23.0,90,129,205,0,1,0,3,Other,General Medicine,0,35-49,0.0777095907596766,Low
76,Male,34.0,163,160,186,0,1,2,6,Diabetes,General Medicine,0,65-79,0.47838294089411354,High
52,Male,32.4,127,106,163,0,0,0,4,Diabetes,General Medicine,0,50-64,0.14007680452608326,Low
66,Female,27.3,130,132,214,0,2,2,4,Other,Surgery,1,65-79,0.32835678775345867,Medium
28,Female,31.8,107,89,118,0,7,1,1,Cardiac,Cardiology,0,18-34,0.11672677204326488,Low
63,Female,34.3,111,77,192,0,3,0,9,Other,Surgery,0,50-64,0.1417718669770754,Low
57,Female,21.3,123,105,176,0,7,1,3,Other,General Medicine,0,50-64,0.16097259859093382,Medium
59,Male,24.0,119,118,207,0,2,0,6,Other,Endocrinology,0,50-64,0.13121432020881754,Low
57,Female,32.9,104,74,244,0,7,0,1,Cardiac,General Medicine,1,50-64,0.1546373966693538,Medium
52,Female,25.2,113,96,196,0,2,2,5,Respiratory,Cardiology,0,50-64,0.3125116251196643,Medium
60,Female,27.1,132,65,195,0,2,1,2,Other,Cardiology,0,50-64,0.1930465934408432,Medium
85,Female,27.0,115,110,204,0,1,1,6,Other,Surgery,0,80+,0.35834435842786644,High
61,Male,28.1,123,98,156,1,0,1,4,Other,General Medicine,1,50-64,0.20384795468275302,Medium
48,Female,31.3,135,128,203,0,6,1,1,Other,Cardiology,0,35-49,0.11861805937459967,Low
46,Male,24.0,138,110,220,0,3,0,4,Other,Surgery,0,35-49,0.0764411790063652,Low
48,Male,22.3,128,65,143,0,1,1,4,Respiratory,Endocrinology,0,35-49,0.18440752673831204,Medium
41,Male,29.1,150,126,194,1,1,0,2,Respiratory,General Medicine,1,35-49,0.08295498163137947,Low
48,Male,23.8,119,65,128,1,1,0,5,Respiratory,General Medicine,0,35-49,0.11315258008565994,Low
60,Male,22.7,140,108,167,0,4,1,3,Other,General Medicine,0,50-64,0.1763275266429458,Medium
50,Male,25.7,90,92,166,0,6,0,2,Other,Endocrinology,0,50-64,0.08139101078807291,Low
32,Female,30.5,114,110,136,0,7,0,3,Diabetes,Surgery,1,18-34,0.062080791531755615,Low
71,Female,30.2,115,117,282,0,1,1,3,Cardiac,General Medicine,0,65-79,0.397186129583848,High
49,Male,32.3,120,132,216,1,5,1,5,Other,Endocrinology,0,35-49,0.1294079414400744,Low
64,Male,28.8,112,110,169,0,2,0,3,Cardiac,Endocrinology,0,50-64,0.21938969109166392,Medium
33,Female,29.5,120,108,233,0,3,0,4,Other,General Medicine,0,18-34,0.06275869769074831,Low
54,Female,26.7,127,65,170,1,1,2,4,Other,Surgery,1,50-64,0.25427433916243586,Medium
41,Male,32.6,107,100,188,1,5,0,11,Respiratory,General Medicine,0,35-49,0.09139141552442388,Low
28,Female,25.3,98,73,251,0,6,1,4,Other,Cardiology,0,18-34,0.08160346694133587,Low
66,Female,25.5,131,119,210,0,2,1,6,Respiratory,General Medicine,0,65-79,0.2902255109755029,Medium
39,Male,22.3,112,101,132,0,6,1,9,Other,General Medicine,0,35-49,0.11575690166772301,Low
83,Female,27.4,169,73,230,0,1,3,4,Other,Cardiology,0,80+,0.5891199518580362,High
48,Male,32.7,142,133,256,0,2,2,8,Hypertension,General Medicine,0,35-49,0.2285908697431221,Medium
57,Female,28.4,116,69,251,0,0,0,7,Cardiac,Surgery,0,50-64,0.21698179155713515,Medium
58,Female,25.3,126,69,199,0,6,1,9,Other,General Medicine,0,50-64,0.19218551873097742,Medium
67,Male,26.1,112,97,200,0,2,2,7,Cardiac,General Medicine,1,65-79,0.5009902294164361,High
37,Female,29.3,107,126,175,0,7,1,2,Other,General Medicine,0,35-49,0.09322324707756464,Low
55,Male,32.1,105,113,200,0,7,1,7,Other,Pulmonology,0,50-64,0.16340694681631782,Medium
39,Female,27.0,110,110,129,0,3,0,3,Cardiac,Surgery,1,35-49,0.11500542326396147,Low
45,Male,18.2,123,85,208,0,2,2,3,Other,Cardiology,1,35-49,0.21094167110003492,Medium
75,Male,21.3,152,103,195,0,4,2,2,Hypertension,Surgery,0,65-79,0.32231625231568084,Medium
38,Male,27.3,129,76,134,0,5,0,1,Other,Cardiology,0,35-49,0.054597301820743634,Low
52,Male,25.0,118,103,118,0,5,2,7,Other,General Medicine,0,50-64,0.23946813331180533,Medium
64,Male,37.3,138,66,178,1,6,2,5,Other,Surgery,0,50-64,0.24156855414461714,Medium
48,Female,22.4,124,96,221,0,7,2,5,Other,General Medicine,1,35-49,0.21019712021665496,Medium
22,Female,31.3,109,136,164,0,7,2,7,Other,Pulmonology,0,18-34,0.12283817296938558,Low
45,Male,29.9,116,84,124,1,3,0,9,Respiratory,Cardiology,0,35-49,0.10249641875146648,Low
52,Male,25.7,115,114,200,0,7,1,4,Other,General Medicine,0,50-64,0.13458571263415367,Low
52,Female,24.9,123,66,255,0,6,1,4,Other,Pulmonology,0,50-64,0.1592679623221926,Medium
34,Female,32.6,110,102,174,0,5,1,6,Other,General Medicine,0,18-34,0.10138502326573674,Low
80,Female,28.1,121,77,190,0,3,2,3,Diabetes,General Medicine,1,80+,0.5032152922820536,High
60,Female,24.0,138,120,186,0,6,0,5,Other,General Medicine,1,50-64,0.11609507025709169,Low
47,Male,22.7,90,65,194,0,6,1,4,Hypertension,Pulmonology,0,35-49,0.1311171219425596,Low
52,Male,21.5,90,85,119,1,4,0,1,Diabetes,Cardiology,0,50-64,0.11364726904048215,Low
35,Female,34.6,127,110,195,0,6,0,5,Other,Cardiology,0,35-49,0.05656792146567756,Low
73,Female,26.3,122,119,179,0,1,1,9,Respiratory,General Medicine,1,65-79,0.3645983808783599,High
63,Male,23.7,149,98,218,0,6,0,2,Hypertension,Surgery,0,50-64,0.09432538275833044,Low
61,Male,16.6,102,65,229,0,0,0,5,Cardiac,Surgery,0,50-64,0.22648397389832206,Medium
75,Male,23.2,109,106,164,0,1,0,1,Cardiac,Cardiology,0,65-79,0.27649631283288945,Medium
41,Male,32.0,133,81,201,0,7,1,3,Diabetes,Cardiology,0,35-49,0.12208364269522452,Low
60,Male,29.6,129,109,222,0,6,1,4,Hypertension,Cardiology,0,50-64,0.1552559538552031,Medium
50,Female,29.5,98,152,199,0,3,2,12,Cardiac,General Medicine,0,50-64,0.42598690816630713,High
78,Female,22.7,131,96,247,0,4,6,6,Respiratory,General Medicine,1,65-79,0.8864655442338053,High
65,Male,40.6,96,98,213,1,7,1,5,Other,Pulmonology,1,65-79,0.18398054789732074,Medium
70,Female,24.7,124,88,230,0,6,3,6,Hypertension,General Medicine,0,65-79,0.4644888484634242,High
77,Female,16.0,153,102,264,0,1,0,4,Hypertension,General Medicine,0,65-79,0.20364671457666847,Medium
65,Female,33.1,125,154,243,1,7,2,3,Cardiac,General Medicine,0,65-79,0.39884050152072614,High
55,Male,34.2,125,65,197,0,0,2,16,Other,Endocrinology,0,50-64,0.34745324740901645,High
67,Female,34.7,118,132,196,0,5,0,3,Diabetes,General Medicine,0,65-79,0.17517157819686732,Medium
73,Male,21.9,106,65,214,1,0,0,14,Other,Cardiology,0,65-79,0.22562809925464444,Medium
49,Female,37.4,109,93,180,1,5,0,3,Other,Surgery,0,35-49,0.0735868700690673,Low
60,Male,28.4,122,106,217,0,2,0,6,Diabetes,Endocrinology,1,50-64,0.17171732253945482,Medium
65,Male,33.8,109,108,274,0,5,2,3,Hypertension,Surgery,0,65-79,0.25882889762001937,Medium
74,Male,33.1,125,115,185,0,5,0,3,Other,Cardiology,0,65-79,0.1453191434969396,Low
80,Male,29.7,125,132,269,0,0,3,6,Cardiac,General Medicine,1,80+,0.7215471324501388,High
39,Male,30.6,98,147,133,0,4,1,3,Other,General Medicine,0,35-49,0.10626245544671087,Low
61,Female,20.8,133,65,162,0,2,0,3,Respiratory,General Medicine,0,50-64,0.1612936351489887,Medium
59,Female,34.1,127,107,248,0,1,3,3,Diabetes,General Medicine,1,50-64,0.500664631072847,High
26,Female,25.3,115,117,216,0,5,0,1,Diabetes,Surgery,0,18-34,0.056249362110190174,Low
48,Male,28.1,99,153,148,0,2,1,2,Other,General Medicine,0,35-49,0.14283252153396847,Low
37,Male,25.2,97,131,146,1,2,0,4,Respiratory,General Medicine,0,35-49,0.08187079283792617,Low
18,Male,36.5,99,100,197,0,2,2,2,Other,Surgery,0,18-34,0.09486141241193746,Low
67,Female,27.8,90,103,175,0,1,2,7,Other,Endocrinology,0,65-79,0.3979796524661671,High
72,Female,35.4,120,110,153,1,6,2,3,Other,General Medicine,0,65-79,0.3181959615652444,Medium
55,Female,22.1,128,91,133,0,4,2,4,Other,General Medicine,0,50-64,0.2645330828863906,Medium
46,Female,29.6,119,92,135,0,2,0,5,Diabetes,General Medicine,0,35-49,0.12504345643838818,Low
54,Male,37.2,160,111,172,0,6,1,6,Other,General Medicine,0,50-64,0.13871047972782427,Low
34,Male,27.5,96,122,163,1,0,0,2,Other,Pulmonology,0,18-34,0.06827873259646333,Low
28,Female,26.4,121,81,224,0,3,0,8,Other,Cardiology,0,18-34,0.06044539527039193,Low
87,Male,28.9,149,115,166,0,4,1,5,Cardiac,General Medicine,0,80+,0.45806028086576345,High
20,Female,21.0,132,65,175,1,3,1,7,Respiratory,Surgery,0,18-34,0.0858209866154427,Low
67,Male,17.7,134,98,169,0,7,2,5,Respiratory,General Medicine,0,65-79,0.34530335619966573,High
69,Male,23.7,129,129,113,0,5,2,5,Other,Surgery,0,65-79,0.3080145354655326,Medium
44,Male,31.3,96,112,152,0,6,1,1,Diabetes,Endocrinology,0,35-49,0.14082990205116816,Low
33,Female,28.0,125,79,181,0,1,1,5,Hypertension,General Medicine,0,18-34,0.10858848785114851,Low
18,Male,27.7,121,117,189,0,3,0,3,Other,Pulmonology,0,18-34,0.04049427196287699,Low
50,Female,24.0,122,99,173,0,2,0,2,Other,Surgery,0,50-64,0.09231133395756848,Low
63,Female,25.1,103,144,229,0,5,3,11,Diabetes,General Medicine,1,50-64,0.5611643003646692,High
72,Female,24.6,127,78,212,1,3,2,5,Cardiac,Surgery,1,65-79,0.49446113842657,High
39,Female,23.7,138,73,229,0,6,0,7,Other,General Medicine,0,35-49,0.07028192380492027,Low
55,Male,25.3,148,76,253,0,1,1,7,Hypertension,Cardiology,1,50-64,0.17810001900804376,Medium
65,Male,27.7,104,78,198,0,1,2,1,Other,Surgery,0,65-79,0.30077813557802646,Medium
70,Male,33.6,129,156,174,0,4,3,4,Diabetes,General Medicine,0,65-79,0.5321734098264667,High
34,Male,25.9,105,65,228,0,0,0,5,Hypertension,Endocrinology,0,18-34,0.06929337140792173,Low
26,Female,30.8,130,92,110,0,6,3,7,Diabetes,Cardiology,0,18-34,0.2526777642597029,Medium
28,Male,23.1,99,76,185,0,3,0,9,Other,Cardiology,0,18-34,0.05978868795075539,Low
39,Female,22.5,98,124,170,0,1,0,3,Other,Cardiology,0,35-49,0.08162774634685803,Low
34,Male,22.9,125,98,221,0,2,0,4,Other,Endocrinology,0,18-34,0.06457899676035381,Low
62,Male,40.6,121,150,187,0,6,2,8,Cardiac,General Medicine,0,50-64,0.40637389229445026,High
59,Male,25.8,150,89,207,0,2,1,4,Other,Pulmonology,0,50-64,0.1973137907617787,Medium
61,Male,31.7,122,66,190,1,6,0,1,Cardiac,Surgery,0,50-64,0.14405797953717822,Low
67,Male,23.1,117,101,206,0,5,0,4,Cardiac,General Medicine,1,65-79,0.21740937336316152,Medium
46,Male,26.5,135,79,182,0,7,0,4,Other,Cardiology,0,35-49,0.06736786955341685,Low
79,Male,27.4,114,116,229,0,2,4,7,Cardiac,General Medicine,1,65-79,0.8050165084368094,High
37,Female,31.0,114,115,256,1,5,2,4,Diabetes,General Medicine,0,35-49,0.20714319238843293,Medium
95,Male,25.1,144,124,184,1,4,2,3,Cardiac,Cardiology,1,80+,0.6222078293478235,High
80,Male,33.4,124,117,186,0,2,1,5,Other,Surgery,0,80+,0.28249093597969077,Medium
64,Female,23.2,136,115,184,0,2,0,3,Other,Cardiology,0,50-64,0.14180606817155217,Low
67,Male,26.0,106,85,200,0,3,2,4,Other,Cardiology,0,65-79,0.32718743885100404,Medium
55,Male,26.9,110,65,208,0,0,2,8,Other,Surgery,0,50-64,0.290383042575712,Medium
39,Female,24.6,108,86,127,0,3,1,1,Other,Surgery,0,35-49,0.10614371724093052,Low
29,Male,23.3,98,158,119,0,7,0,5,Diabetes,Surgery,0,18-34,0.059362715337324755,Low
93,Female,26.1,146,94,199,1,7,1,7,Hypertension,Endocrinology,0,80+,0.34363307206827853,High
95,Female,28.1,113,102,162,1,1,1,2,Cardiac,General Medicine,0,80+,0.5491394976514464,High
95,Female,37.6,154,144,235,0,0,0,9,Other,General Medicine,0,80+,0.3278178733143067,Medium
79,Female,22.7,117,132,146,0,0,2,4,Respiratory,General Medicine,0,65-79,0.5210733059024675,High
34,Female,36.8,90,107,236,1,7,1,9,Cardiac,General Medicine,0,18-34,0.16087481549910101,Medium
74,Female,23.3,125,115,215,0,2,1,4,Respiratory,Surgery,1,65-79,0.313479784253771,Medium
29,Female,32.1,145,74,163,0,2,2,2,Hypertension,Surgery,0,18-34,0.12450923843408962,Low
55,Male,30.0,145,98,209,0,6,0,3,Respiratory,General Medicine,0,50-64,0.10456677924157083,Low
69,Female,31.1,124,99,213,0,4,0,1,Cardiac,General Medicine,0,65-79,0.2261618618389997,Medium
35,Female,18.8,103,67,192,0,7,0,2,Other,Pulmonology,0,35-49,0.060798532635519945,Low
38,Male,31.4,97,130,226,1,3,1,4,Other,Surgery,0,35-49,0.09788125411812967,Low
30,Female,20.2,101,82,176,0,2,0,2,Other,Endocrinology,0,18-34,0.06184078494817869,Low
32,Male,22.0,121,135,118,1,6,0,1,Respiratory,General Medicine,0,18-34,0.054830241164828146,Low
79,Male,19.3,130,103,188,1,3,0,1,Other,Surgery,0,65-79,0.16182862821043156,Medium
55,Female,21.9,121,83,142,0,6,1,5,Other,General Medicine,0,50-64,0.16626202933254933,Medium
49,Female,27.5,112,128,223,0,2,1,4,Other,General Medicine,0,35-49,0.1630776544464212,Medium
61,Female,26.5,117,150,218,0,3,1,2,Diabetes,General Medicine,1,50-64,0.25478580287920255,Medium
67,Female,23.6,130,113,183,0,3,0,3,Other,General Medicine,0,65-79,0.14998865603024186,Low
46,Male,29.4,128,101,156,1,7,0,2,Other,General Medicine,0,35-49,0.06160368087831017,Low
42,Male,31.1,105,98,130,0,1,1,3,Diabetes,Surgery,0,35-49,0.15553652172082824,Medium
42,Male,26.6,151,122,135,0,7,0,4,Other,General Medicine,0,35-49,0.0604852009890343,Low
29,Male,32.8,122,130,198,0,6,1,2,Diabetes,Endocrinology,0,18-34,0.09527505633848313,Low
57,Male,31.4,111,128,142,0,6,2,6,Cardiac,Cardiology,0,50-64,0.3675586246561585,High
48,Male,28.0,137,101,186,1,1,2,4,Cardiac,Pulmonology,1,35-49,0.35325105603902357,High
38,Male,27.4,135,87,180,0,6,1,2,Other,General Medicine,0,35-49,0.08966865688499467,Low
59,Male,26.0,127,83,243,1,2,1,7,Cardiac,General Medicine,1,50-64,0.3023321299503044,Medium
53,Male,18.1,129,109,249,0,4,1,3,Cardiac,Cardiology,1,50-64,0.24305700971388888,Medium
66,Female,28.0,120,74,197,0,4,2,6,Other,Surgery,1,65-79,0.3205843764937292,Medium
52,Female,31.5,137,112,178,1,6,3,3,Respiratory,Pulmonology,0,50-64,0.37396565019655925,High
43,Female,33.6,118,83,252,0,2,2,3,Other,Cardiology,1,35-49,0.20326064494616736,Medium
18,Female,30.6,90,83,135,0,6,0,5,Other,Endocrinology,0,18-34,0.038850657774615625,Low
74,Female,27.3,122,93,224,0,0,2,7,Cardiac,Surgery,0,65-79,0.569404731877453,High
74,Male,33.0,124,125,174,1,7,1,2,Other,Cardiology,0,65-79,0.19668597578307728,Medium
32,Female,31.4,112,128,231,0,1,1,2,Hypertension,Endocrinology,0,18-34,0.10018455446761707,Low
84,Female,40.5,121,129,229,0,3,1,5,Respiratory,Endocrinology,0,80+,0.3776972323468527,High
62,Male,40.3,119,131,220,0,1,0,3,Cardiac,Surgery,0,50-64,0.19109124204288186,Medium
51,Female,30.4,110,105,269,0,0,1,7,Other,General Medicine,0,50-64,0.19558155933636934,Medium
51,Female,24.9,107,74,185,0,2,3,4,Other,Surgery,0,50-64,0.359117396029702,High
26,Female,34.0,107,115,151,0,5,0,1,Other,General Medicine,0,18-34,0.043372960941871354,Low
81,Female,21.5,137,137,227,1,7,2,10,Other,Surgery,0,80+,0.40774986470695523,High
38,Female,34.5,122,124,127,0,0,1,2,Other,Surgery,0,35-49,0.11305948358714465,Low
49,Female,33.1,141,153,183,0,7,1,3,Hypertension,Surgery,0,35-49,0.10936983784167409,Low
50,Male,27.6,116,108,233,0,5,0,1,Other,Pulmonology,0,50-64,0.08465215654391887,Low
64,Female,31.3,122,113,210,0,2,3,5,Diabetes,General Medicine,0,50-64,0.5443366849139261,High
54,Male,32.4,124,124,211,0,0,3,5,Other,General Medicine,0,50-64,0.39489280232356977,High
85,Female,38.5,134,126,176,0,4,1,3,Other,Endocrinology,0,80+,0.3110711534817174,Medium
64,Female,31.0,139,110,170,1,7,2,7,Cardiac,General Medicine,1,50-64,0.4144924667924741,High
36,Female,25.4,112,82,163,0,6,2,2,Other,Surgery,0,35-49,0.14200283193216365,Low
50,Male,27.8,99,83,182,1,7,1,1,Cardiac,Surgery,0,50-64,0.1743398637180891,Medium
95,Male,35.3,130,126,220,0,0,2,5,Other,General Medicine,1,80+,0.5493850128848,High
42,Male,23.4,120,108,168,0,0,0,2,Other,General Medicine,0,35-49,0.08179236578101536,Low
48,Male,20.5,124,65,191,0,3,1,2,Other,Surgery,0,35-49,0.12726868774812916,Low
30,Female,27.3,119,118,157,0,5,0,1,Other,Surgery,0,18-34,0.04559343350345604,Low
42,Female,24.7,131,82,178,0,3,1,1,Other,Surgery,0,35-49,0.1117390576187248,Low
40,Male,25.4,103,118,224,1,0,1,3,Respiratory,Cardiology,0,35-49,0.14728768091627575,Low
56,Female,27.7,139,94,202,0,6,0,2,Other,Surgery,0,50-64,0.08801194594707648,Low
60,Female,31.3,138,136,180,0,3,2,5,Respiratory,General Medicine,0,50-64,0.34394003160834935,High
69,Male,33.8,131,160,196,0,6,3,2,Other,Surgery,0,65-79,0.3891914710416394,High
58,Male,25.9,133,70,170,0,5,0,4,Respiratory,Pulmonology,1,50-64,0.1326392292591816,Low
59,Female,23.5,136,99,227,0,6,1,8,Other,General Medicine,1,50-64,0.19266582143504546,Medium
48,Female,29.1,123,117,223,0,7,0,1,Other,General Medicine,0,35-49,0.07306709227063116,Low
35,Male,37.6,116,123,172,0,6,2,5,Other,Cardiology,0,35-49,0.13863677480502878,Low
68,Male,30.6,104,140,192,1,1,3,4,Respiratory,Cardiology,1,65-79,0.5197477094024194,High
65,Female,35.2,163,89,257,0,4,0,2,Other,Surgery,0,65-79,0.1134209753995845,Low
88,Female,30.0,148,104,207,0,1,3,8,Other,Cardiology,1,80+,0.6537645188453426,High
79,Male,26.8,114,91,232,0,4,1,4,Cardiac,Pulmonology,0,65-79,0.42790883095993515,High
73,Female,35.9,140,102,148,0,7,1,2,Hypertension,Surgery,0,65-79,0.18904678894846344,Medium
52,Male,29.4,138,74,208,0,3,0,8,Other,Cardiology,0,50-64,0.10191079733590791,Low
73,Female,30.2,129,65,210,0,2,2,10,Cardiac,Cardiology,1,65-79,0.5689481385941145,High
44,Female,19.4,118,73,220,1,6,0,2,Respiratory,Pulmonology,1,35-49,0.09151677899010353,Low
41,Female,36.2,120,123,226,0,2,1,4,Cardiac,Cardiology,0,35-49,0.20383669968578713,Medium
40,Female,34.0,105,120,206,0,2,2,8,Diabetes,Cardiology,0,35-49,0.27359329897698254,Medium
79,Female,32.7,146,126,192,0,5,1,2,Diabetes,General Medicine,0,65-79,0.32660771656776083,Medium
59,Female,36.5,131,76,203,0,5,0,3,Other,Endocrinology,0,50-64,0.10726665093475424,Low
45,Female,26.7,127,112,182,1,6,0,5,Other,Cardiology,0,35-49,0.07327704820064881,Low
84,Female,24.8,128,103,227,0,2,1,8,Other,Pulmonology,1,80+,0.3905186035643083,High
46,Male,30.9,110,134,257,0,0,0,6,Cardiac,Cardiology,1,35-49,0.16191394869325654,Medium
27,Female,33.7,100,105,131,0,6,0,6,Other,Surgery,0,18-34,0.04544592189282779,Low
42,Female,26.1,130,101,237,0,7,0,6,Hypertension,Surgery,1,35-49,0.0628389774382709,Low
58,Male,29.9,102,135,301,1,4,4,3,Other,General Medicine,1,50-64,0.49540478570367263,High
69,Female,33.1,128,95,236,0,4,2,7,Other,Cardiology,0,65-79,0.3533789916887198,High
25,Male,20.1,126,107,161,0,6,0,1,Other,Surgery,0,18-34,0.03598124603335364,Low
61,Male,25.5,139,112,198,0,5,2,3,Respiratory,General Medicine,1,50-64,0.30529001957206553,Medium
30,Female,20.2,107,135,168,0,7,0,3,Other,Cardiology,0,18-34,0.04952256206547415,Low
66,Female,28.2,151,115,184,0,7,1,4,Respiratory,Endocrinology,0,65-79,0.22947568623326506,Medium
42,Female,31.9,126,95,220,0,3,0,4,Other,General Medicine,0,35-49,0.07815699753364949,Low
35,Female,24.3,90,93,138,0,5,0,1,Other,Pulmonology,0,35-49,0.06384200850148233,Low
37,Female,21.2,120,117,173,0,5,0,1,Other,Surgery,0,35-49,0.056954455979602595,Low
38,Male,30.7,97,94,155,0,6,1,2,Hypertension,Cardiology,0,35-49,0.08666814934020015,Low
37,Female,31.3,120,136,202,1,5,0,2,Other,Endocrinology,0,35-49,0.05816381942490165,Low
64,Male,29.9,121,123,191,0,4,1,5,Other,Cardiology,1,50-64,0.19819547805927754,Medium
49,Female,27.8,126,131,240,0,3,2,3,Other,Surgery,1,35-49,0.2181596649735413,Medium
34,Male,21.6,113,68,180,0,1,0,2,Other,Pulmonology,0,18-34,0.0688834128118481,Low
52,Male,28.3,115,83,188,0,0,0,5,Other,Cardiology,0,50-64,0.11047405012166205,Low
39,Female,18.3,117,65,196,0,0,4,14,Cardiac,General Medicine,0,35-49,0.6619080783702901,High
33,Male,38.7,124,95,206,1,4,0,6,Cardiac,General Medicine,0,18-34,0.09044536598104964,Low
28,Female,27.3,119,114,159,0,2,1,13,Other,Endocrinology,1,18-34,0.12039576896643754,Low
53,Female,35.5,108,98,197,1,6,0,5,Respiratory,General Medicine,0,50-64,0.10925137774800464,Low
42,Female,28.2,126,86,210,1,2,0,1,Respiratory,Endocrinology,1,35-49,0.08964209730328546,Low
65,Male,37.9,154,140,161,0,0,1,4,Respiratory,General Medicine,0,65-79,0.2554062089699314,Medium
53,Male,25.7,142,76,182,1,7,3,4,Hypertension,General Medicine,0,50-64,0.2872491340148425,Medium
18,Female,23.0,110,120,175,1,7,1,3,Hypertension,General Medicine,0,18-34,0.05357144449452717,Low
41,Male,33.3,119,135,234,0,0,0,1,Diabetes,General Medicine,0,35-49,0.09958065660746512,Low
53,Male,24.1,122,135,224,0,2,0,5,Other,Endocrinology,0,50-64,0.10980796446582028,Low
74,Male,38.1,114,159,236,0,2,2,2,Diabetes,Endocrinology,1,65-79,0.43980867918994604,High
43,Male,20.8,112,65,209,0,2,0,2,Other,General Medicine,0,35-49,0.07869631889819063,Low
51,Female,33.3,112,102,197,0,4,0,3,Other,Surgery,0,50-64,0.08668897246526618,Low
91,Female,28.2,131,106,189,0,7,4,5,Other,Pulmonology,1,80+,0.73619348089989,High
36,Female,29.9,104,147,202,0,0,1,4,Diabetes,General Medicine,0,35-49,0.16759393586623622,Medium
45,Female,35.7,129,144,154,0,2,0,1,Diabetes,Cardiology,0,35-49,0.10488274769793043,Low
23,Female,26.6,113,107,191,0,1,0,1,Other,General Medicine,0,18-34,0.049114238917639524,Low
66,Male,24.8,131,117,266,0,0,0,7,Cardiac,Surgery,0,65-79,0.24966400239291944,Medium
43,Male,29.3,141,158,272,0,1,0,1,Hypertension,General Medicine,0,35-49,0.07172102823949641,Low
68,Male,34.4,139,128,190,0,4,2,11,Other,General Medicine,1,65-79,0.35324644381413667,High
36,Female,27.5,137,100,197,0,4,1,6,Other,Endocrinology,0,35-49,0.11177301918409338,Low
29,Female,26.9,90,78,202,1,0,1,9,Other,Surgery,0,18-34,0.10976171353245509,Low
91,Male,28.5,145,114,259,0,5,1,15,Hypertension,General Medicine,0,80+,0.3929724731355737,High
71,Male,30.7,121,85,212,0,7,2,3,Diabetes,General Medicine,0,65-79,0.3713711549356235,High
77,Male,33.2,129,112,136,0,7,1,4,Other,Surgery,1,65-79,0.2163926549017825,Medium
38,Male,30.3,108,135,141,0,3,0,2,Hypertension,General Medicine,0,35-49,0.06057216140245688,Low
46,Male,25.2,106,136,178,0,1,1,10,Other,Surgery,0,35-49,0.16034322254369487,Medium
51,Female,29.4,123,90,193,0,3,1,7,Other,Endocrinology,0,50-64,0.1738944123272409,Medium
38,Male,23.5,128,71,173,0,1,1,11,Other,Cardiology,1,35-49,0.1388322381645524,Low
64,Male,28.0,114,118,110,0,5,0,5,Cardiac,Surgery,0,50-64,0.19014021118561306,Medium
52,Male,29.7,110,139,233,0,6,0,13,Hypertension,Cardiology,0,50-64,0.1019348152828647,Low
60,Female,29.5,111,99,206,0,6,0,5,Other,Surgery,0,50-64,0.10829222391409524,Low
57,Female,26.2,97,122,216,0,3,1,6,Other,Pulmonology,0,50-64,0.2157582379563411,Medium
60,Male,19.2,112,84,220,0,2,1,2,Other,Surgery,0,50-64,0.18173014662430786,Medium
59,Male,24.2,127,86,152,1,4,2,2,Other,General Medicine,1,50-64,0.24766935048005748,Medium
44,Male,25.4,129,88,221,1,3,2,2,Respiratory,Cardiology,0,35-49,0.2123673410683159,Medium
70,Female,37.0,110,88,159,0,5,2,4,Other,Surgery,0,65-79,0.31576497622950583,Medium
41,Female,19.5,105,78,160,1,3,2,8,Other,General Medicine,1,35-49,0.21814883031652554,Medium
72,Male,28.1,132,73,232,0,6,2,3,Respiratory,General Medicine,0,65-79,0.36387347917694296,High
87,Male,35.8,130,105,178,1,3,4,7,Respiratory,General Medicine,1,80+,0.7514930126934315,High
59,Female,23.2,148,84,160,0,3,0,5,Hypertension,Endocrinology,0,50-64,0.12183195346681472,Low
82,Male,28.3,115,103,193,0,5,2,18,Other,Cardiology,1,80+,0.49849636554246884,High
50,Female,21.6,95,92,212,0,0,0,6,Other,Cardiology,1,50-64,0.12292426470273916,Low
52,Male,16.0,143,108,214,1,1,0,9,Diabetes,General Medicine,1,50-64,0.15406570934257066,Medium
24,Male,22.2,115,117,164,0,2,1,5,Other,General Medicine,1,18-34,0.08358495001774696,Low
74,Male,33.4,136,87,178,0,4,6,9,Diabetes,General Medicine,1,65-79,0.8782180255490145,High
44,Male,30.0,140,107,181,0,7,0,2,Other,Cardiology,0,35-49,0.05932335733584478,Low
47,Male,31.3,127,94,119,0,6,2,2,Respiratory,General Medicine,0,35-49,0.21020717555960217,Medium
37,Female,16.0,112,65,114,0,6,1,10,Other,General Medicine,1,35-49,0.12440113387785265,Low
70,Male,27.1,136,98,192,1,3,3,3,Cardiac,Cardiology,1,65-79,0.5880451688796184,High
65,Male,32.9,124,65,190,0,0,0,7,Other,Cardiology,0,65-79,0.15532068512415353,Medium
49,Female,20.1,96,78,221,1,6,1,7,Other,Cardiology,0,35-49,0.14753820888246813,Low
64,Female,21.0,159,109,223,0,5,2,5,Hypertension,Surgery,0,50-64,0.28032703837122663,Medium
69,Male,24.2,123,132,212,0,3,1,6,Other,Endocrinology,1,65-79,0.2468716581089874,Medium
53,Male,35.1,105,99,176,0,2,0,2,Diabetes,Cardiology,0,50-64,0.12582273606567176,Low
79,Female,21.5,129,130,180,0,2,0,2,Other,Cardiology,1,65-79,0.2018373897993711,Medium
44,Female,22.0,90,86,219,1,4,0,3,Cardiac,General Medicine,0,35-49,0.13519122678768555,Low
39,Female,17.9,113,71,178,0,3,0,3,Other,Endocrinology,0,35-49,0.07708262658697249,Low
47,Male,35.2,127,113,189,0,7,0,3,Diabetes,Surgery,0,35-49,0.08278426931190598,Low
34,Male,30.4,94,123,196,0,1,1,5,Diabetes,Cardiology,0,18-34,0.1449375842517577,Low
76,Female,26.8,133,74,248,0,7,2,7,Other,Cardiology,0,65-79,0.37394044436124646,High
65,Female,22.9,125,66,190,0,5,1,1,Other,General Medicine,0,65-79,0.19767380874564297,Medium
62,Male,30.0,121,81,196,0,5,1,7,Hypertension,Cardiology,0,50-64,0.18203327791092191,Medium
64,Male,31.7,90,90,210,0,1,1,4,Other,Surgery,0,50-64,0.21022854283769393,Medium
92,Female,25.4,146,100,186,0,7,1,15,Other,General Medicine,1,80+,0.41235679584993284,High
45,Female,26.7,104,104,216,0,4,1,7,Other,General Medicine,0,35-49,0.14842339298781923,Low
72,Female,30.8,119,92,213,0,0,1,3,Other,Endocrinology,0,65-79,0.2834307580207183,Medium
53,Male,30.2,141,141,191,0,1,0,8,Diabetes,General Medicine,1,50-64,0.15204838885394692,Medium
67,Male,20.1,128,87,215,0,1,2,3,Other,Surgery,0,65-79,0.32770084457591936,Medium
88,Female,30.5,120,128,192,0,6,0,4,Other,General Medicine,0,80+,0.22123995008676978,Medium
80,Female,31.8,149,103,175,1,7,1,8,Other,Cardiology,0,80+,0.2668190269724475,Medium
48,Male,24.0,133,65,115,0,1,1,1,Other,Endocrinology,0,35-49,0.14178218341600676,Low
66,Female,20.5,144,108,199,0,6,2,2,Hypertension,General Medicine,0,65-79,0.286825147815962,Medium
35,Female,32.7,94,135,161,0,3,1,4,Other,Endocrinology,0,35-49,0.11117650912037838,Low
57,Male,34.5,101,131,236,0,0,0,2,Other,Endocrinology,1,50-64,0.11950087492076723,Low
42,Male,38.5,114,127,184,0,6,0,3,Other,General Medicine,0,35-49,0.060954994810898555,Low
56,Male,21.4,123,116,192,0,6,1,3,Other,Endocrinology,0,50-64,0.15416403956415578,Medium
57,Female,33.2,127,120,270,0,4,1,6,Other,Surgery,0,50-64,0.17183890701309032,Medium
63,Female,21.5,114,71,183,0,0,0,3,Other,General Medicine,0,50-64,0.1563563150705275,Medium
40,Female,22.9,124,65,175,0,7,1,5,Other,General Medicine,0,35-49,0.10895897982577882,Low
73,Male,23.9,131,107,217,0,7,0,3,Cardiac,Endocrinology,0,65-79,0.22514267720186545,Medium
57,Female,32.8,125,146,173,0,3,2,2,Hypertension,General Medicine,1,50-64,0.2555908557020822,Medium
46,Male,31.5,131,159,235,1,0,0,4,Respiratory,Cardiology,0,35-49,0.10390812045583372,Low
48,Female,31.7,136,86,228,0,5,1,6,Cardiac,General Medicine,0,35-49,0.22698774349440232,Medium
36,Female,32.7,106,122,188,0,0,0,3,Diabetes,Surgery,0,35-49,0.0933435525491057,Low
71,Male,31.6,120,65,200,0,7,1,4,Cardiac,General Medicine,0,65-79,0.3150335686385755,Medium
24,Male,30.3,119,113,203,0,2,1,5,Respiratory,General Medicine,0,18-34,0.09705379853695878,Low
81,Female,17.5,118,104,194,0,6,2,5,Cardiac,Surgery,0,80+,0.5515234947489684,High
84,Male,21.2,141,95,202,0,7,1,2,Other,General Medicine,0,80+,0.2674709391638747,Medium
63,Male,24.2,115,140,188,0,1,0,4,Other,Endocrinology,0,50-64,0.14443287041775393,Low
55,Female,27.5,110,85,134,0,1,3,9,Other,Surgery,0,50-64,0.4265092996157386,High
38,Female,33.9,127,115,193,1,4,1,5,Other,Pulmonology,0,35-49,0.1138298209320063,Low
64,Male,30.4,121,110,243,0,4,0,3,Cardiac,General Medicine,0,50-64,0.1993227132181593,Medium
52,Male,29.6,110,65,214,1,2,0,3,Cardiac,Endocrinology,0,50-64,0.15775699276862434,Medium
33,Male,30.2,115,102,139,0,4,0,2,Other,General Medicine,0,18-34,0.05242068426064811,Low
25,Female,31.4,113,104,204,0,7,0,3,Other,General Medicine,0,18-34,0.0410875798912922,Low
49,Male,23.7,109,120,211,0,1,1,2,Respiratory,Cardiology,0,35-49,0.1800371081765691,Medium
41,Male,33.3,114,86,198,0,6,1,4,Other,Cardiology,0,35-49,0.1001213748408506,Low
40,Female,26.4,99,114,198,1,4,1,6,Respiratory,Endocrinology,1,35-49,0.14927860270399204,Low
58,Female,28.3,122,74,143,0,4,1,3,Other,Pulmonology,0,50-64,0.18999268755168655,Medium
46,Female,24.4,118,122,149,0,1,3,6,Hypertension,General Medicine,0,35-49,0.355250312914956,High
79,Male,30.4,119,106,136,0,1,2,3,Other,Endocrinology,1,65-79,0.4206001666361807,High
71,Female,23.8,132,123,164,0,7,2,6,Other,Cardiology,0,65-79,0.33875695312478515,Medium
61,Female,23.1,119,116,154,0,6,1,5,Cardiac,General Medicine,1,50-64,0.29829381279663897,Medium
67,Female,26.1,112,65,216,0,1,1,7,Cardiac,General Medicine,1,65-79,0.3999141532588221,High
52,Male,31.8,116,125,196,0,1,2,5,Other,General Medicine,0,50-64,0.25856604659312427,Medium
69,Male,26.3,135,65,287,1,6,3,5,Cardiac,Endocrinology,1,65-79,0.5709449436832202,High
78,Female,31.0,136,88,195,0,5,0,4,Diabetes,Cardiology,1,65-79,0.22544427082612306,Medium
78,Male,17.3,163,85,246,0,4,1,6,Hypertension,Surgery,1,65-79,0.25497120140745483,Medium
57,Female,21.5,102,157,217,0,6,1,3,Other,Endocrinology,1,50-64,0.17460819422994128,Medium
59,Male,19.5,116,92,247,0,7,1,7,Respiratory,Endocrinology,0,50-64,0.21122313252704877,Medium
47,Male,22.5,150,108,243,0,3,0,4,Hypertension,Pulmonology,0,35-49,0.08626701012894192,Low
42,Male,33.9,96,150,196,0,6,1,2,Other,Endocrinology,0,35-49,0.10341752680830413,Low
75,Male,16.0,121,83,198,0,2,2,4,Other,Pulmonology,1,65-79,0.4220365609355889,High
48,Male,25.2,114,142,181,0,3,0,2,Diabetes,General Medicine,0,35-49,0.11288218840202083,Low
73,Male,32.9,142,135,215,0,0,0,2,Cardiac,Surgery,1,65-79,0.24994402673895574,Medium
43,Male,26.4,100,110,171,0,4,0,10,Other,Pulmonology,0,35-49,0.09466131391110083,Low
72,Female,29.3,125,104,206,0,7,2,1,Cardiac,General Medicine,1,65-79,0.4500418648463253,High
53,Female,21.7,108,99,156,0,5,1,4,Hypertension,General Medicine,0,50-64,0.15688460646245148,Medium
34,Male,38.3,102,169,166,0,2,1,1,Respiratory,General Medicine,1,18-34,0.11218350219686254,Low
62,Male,32.5,147,72,194,0,7,1,3,Other,Endocrinology,0,50-64,0.15791703245156674,Medium
35,Male,31.3,105,77,243,0,6,0,11,Hypertension,Endocrinology,0,35-49,0.06291590467035167,Low
93,Male,35.4,151,135,188,0,6,5,7,Cardiac,Surgery,1,80+,0.8805362074471348,High
57,Female,33.4,125,70,173,1,7,2,5,Hypertension,Pulmonology,0,50-64,0.23877837871272872,Medium
49,Female,30.4,130,137,191,1,6,1,8,Cardiac,Cardiology,0,35-49,0.22463459480076448,Medium
43,Male,36.3,90,129,137,0,3,1,4,Diabetes,Endocrinology,0,35-49,0.16360813656593998,Medium
37,Female,25.0,112,97,157,0,7,0,1,Other,Endocrinology,0,35-49,0.05651184270085935,Low
69,Male,29.6,150,106,149,0,1,2,4,Cardiac,Surgery,0,65-79,0.46666245664552175,High
38,Male,18.3,111,65,208,1,1,0,2,Diabetes,General Medicine,0,35-49,0.09270121382080412,Low
35,Male,27.6,115,65,196,0,4,1,7,Other,Surgery,0,35-49,0.09702002738529324,Low
47,Male,33.0,118,65,249,0,2,1,4,Other,Cardiology,0,35-49,0.13678292725705202,Low
55,Male,23.3,108,75,198,0,3,1,8,Hypertension,Cardiology,0,50-64,0.1777532574861744,Medium
36,Female,20.4,110,117,235,0,7,0,1,Other,Endocrinology,0,35-49,0.0568794184075803,Low
43,Male,35.0,133,103,253,0,5,1,1,Other,General Medicine,1,35-49,0.10098619601602023,Low
34,Male,32.2,142,104,163,0,4,0,1,Hypertension,Endocrinology,0,18-34,0.048460458093384805,Low
49,Female,29.4,106,97,115,0,2,1,2,Other,Cardiology,0,35-49,0.15116003130247344,Medium
69,Male,20.3,122,65,223,1,3,3,10,Other,Pulmonology,0,65-79,0.5231928451779547,High
64,Female,29.6,137,120,254,0,2,0,3,Hypertension,Surgery,0,50-64,0.1249605087069247,Low
79,Female,24.8,130,126,146,0,6,4,4,Other,Pulmonology,1,65-79,0.6719815422791232,High
56,Male,28.2,144,134,190,0,6,0,7,Other,Cardiology,0,50-64,0.09790455448264723,Low
69,Male,30.0,98,80,187,0,4,0,11,Respiratory,General Medicine,0,65-79,0.20339680907837457,Medium
62,Male,31.0,123,75,168,0,5,1,2,Diabetes,Endocrinology,1,50-64,0.22200495146152938,Medium
47,Male,16.5,129,112,177,0,2,1,5,Other,General Medicine,0,35-49,0.1520308237530486,Medium
70,Male,32.1,108,106,206,0,3,1,2,Cardiac,Surgery,1,65-79,0.3226229247254318,Medium
62,Female,23.1,158,65,202,0,7,0,7,Other,General Medicine,0,50-64,0.12012839158869952,Low
31,Male,29.9,90,85,168,1,1,0,12,Respiratory,Surgery,0,18-34,0.08142748417028943,Low
65,Male,22.1,136,99,156,1,2,1,4,Cardiac,Cardiology,0,65-79,0.318212854915841,Medium
39,Male,22.5,122,95,256,0,2,2,6,Other,General Medicine,0,35-49,0.19698848790046547,Medium
62,Female,32.9,123,84,199,0,7,3,5,Other,Cardiology,0,50-64,0.386747843935915,High
45,Female,28.4,119,140,231,0,3,0,4,Respiratory,Cardiology,0,35-49,0.10401212993785372,Low
54,Male,28.4,131,123,186,0,4,1,4,Other,Cardiology,1,50-64,0.15179822372584562,Medium
52,Male,30.7,144,69,185,1,0,1,4,Diabetes,General Medicine,1,50-64,0.20578143488390319,Medium
81,Female,34.8,130,156,208,0,6,2,6,Diabetes,Cardiology,0,80+,0.4835778227842467,High
23,Female,28.2,113,112,151,0,5,1,6,Diabetes,General Medicine,0,18-34,0.10308973140011023,Low
48,Female,26.3,95,98,154,0,0,1,4,Hypertension,General Medicine,1,35-49,0.16750658975735924,Medium
93,Male,23.3,132,67,181,0,4,2,5,Respiratory,Cardiology,1,80+,0.549430899347863,High
54,Male,26.0,138,134,187,0,0,1,3,Diabetes,Surgery,0,50-64,0.21290129116010753,Medium
95,Female,25.2,132,84,171,0,1,1,2,Cardiac,Surgery,1,80+,0.5386624587730721,High
40,Male,26.5,138,65,184,0,1,0,3,Other,Endocrinology,0,35-49,0.07400765375239175,Low
37,Female,30.2,133,80,216,1,3,1,9,Cardiac,General Medicine,0,35-49,0.19627412105744557,Medium
41,Male,25.6,123,103,166,0,2,4,4,Other,Cardiology,1,35-49,0.4075705717443572,High
49,Female,30.9,121,86,132,0,3,2,2,Other,General Medicine,0,35-49,0.22357523298815477,Medium
42,Female,27.5,131,106,237,1,2,1,2,Other,Pulmonology,0,35-49,0.13021308333054724,Low
79,Female,24.6,140,181,164,1,6,1,2,Diabetes,Pulmonology,0,65-79,0.3344628531773102,Medium
57,Male,24.7,120,102,258,0,7,2,5,Cardiac,Surgery,0,50-64,0.3421593509757089,Medium
20,Female,33.7,110,101,140,0,6,1,2,Hypertension,Endocrinology,0,18-34,0.0577869437700611,Low
76,Male,24.8,121,103,134,0,7,2,4,Diabetes,General Medicine,0,65-79,0.419564577496704,High
48,Female,37.5,90,134,208,0,1,1,10,Diabetes,Pulmonology,0,35-49,0.2537928997243033,Medium
55,Female,25.6,102,77,227,1,4,1,14,Cardiac,Pulmonology,0,50-64,0.34299154256925574,High
18,Male,28.2,90,101,185,0,2,1,3,Hypertension,Cardiology,0,18-34,0.06330933174568,Low
51,Female,23.2,114,89,189,0,3,1,3,Cardiac,Pulmonology,0,50-64,0.2726945048936395,Medium
63,Female,21.6,108,112,151,0,2,0,3,Other,Endocrinology,0,50-64,0.14775448948942096,Low
38,Female,34.2,117,114,212,0,1,2,7,Diabetes,General Medicine,0,35-49,0.26598898925368125,Medium
80,Male,17.7,146,82,259,0,6,4,8,Hypertension,Endocrinology,1,80+,0.6631384490060606,High
68,Male,31.0,145,115,189,0,2,1,1,Hypertension,General Medicine,0,65-79,0.2017861697703469,Medium
32,Male,27.2,124,67,138,0,1,0,4,Other,General Medicine,0,18-34,0.06119739294677672,Low
51,Female,27.4,116,93,188,1,0,2,6,Hypertension,Endocrinology,0,50-64,0.2694634925787681,Medium
66,Male,25.1,126,133,153,0,5,4,8,Cardiac,General Medicine,1,65-79,0.7163332501299245,High
50,Male,28.8,104,107,195,0,7,2,4,Other,Surgery,0,50-64,0.18702837090323707,Medium
70,Female,30.3,98,145,236,1,0,1,5,Respiratory,Endocrinology,0,65-79,0.32505108887998896,Medium
76,Male,27.4,162,85,201,1,5,2,5,Cardiac,Surgery,0,65-79,0.46378594254797967,High
74,Male,31.5,127,123,153,0,6,2,5,Cardiac,Cardiology,1,65-79,0.4744202691124024,High
60,Male,32.3,105,106,170,1,4,1,6,Diabetes,General Medicine,0,50-64,0.2318725069061815,Medium
59,Male,24.8,136,103,240,0,7,1,2,Other,General Medicine,0,50-64,0.1495487681079385,Low
18,Male,24.6,130,65,178,1,2,1,2,Cardiac,Surgery,0,18-34,0.09542788719229238,Low
61,Female,33.3,126,90,199,1,2,0,1,Cardiac,Pulmonology,0,50-64,0.20381130452167528,Medium
52,Female,38.4,124,116,189,1,3,1,8,Cardiac,General Medicine,0,50-64,0.2624958717658417,Medium
62,Female,25.1,145,84,250,0,1,0,8,Other,Endocrinology,0,50-64,0.1597030577220901,Medium
64,Female,29.8,96,71,134,0,7,1,3,Other,Cardiology,0,50-64,0.18465204034202232,Medium
41,Female,23.7,90,86,141,0,3,0,6,Other,Surgery,0,35-49,0.08036298020029142,Low
49,Male,21.1,96,121,200,0,5,1,5,Other,Endocrinology,0,35-49,0.14651046248541824,Low
71,Female,28.1,117,128,222,0,6,1,2,Hypertension,Pulmonology,0,65-79,0.22709732216430767,Medium
80,Female,28.8,165,110,232,0,3,2,4,Other,Endocrinology,1,80+,0.4212091859917707,High
19,Female,20.6,90,120,130,1,5,0,4,Other,Cardiology,0,18-34,0.03955362099070787,Low
67,Male,23.3,138,66,137,0,5,1,6,Other,General Medicine,0,65-79,0.21260428931729297,Medium
72,Male,16.0,136,99,155,0,7,0,9,Other,Cardiology,0,65-79,0.15717690917632368,Medium
44,Female,23.4,142,98,195,0,6,0,4,Hypertension,General Medicine,0,35-49,0.07066510632180976,Low
49,Female,29.5,127,96,194,0,7,1,4,Other,Surgery,0,35-49,0.12056371033002569,Low
77,Male,30.3,149,84,168,1,0,1,2,Respiratory,Pulmonology,1,65-79,0.3280418347579028,Medium
64,Male,25.2,138,90,170,0,3,1,3,Cardiac,General Medicine,0,50-64,0.3075471269553585,Medium
18,Male,21.3,119,112,189,0,0,1,3,Diabetes,Surgery,0,18-34,0.09118905090839233,Low
86,Female,30.2,113,102,243,0,3,3,2,Other,General Medicine,1,80+,0.5949017749090294,High
48,Female,26.7,132,69,172,0,2,2,7,Other,Surgery,1,35-49,0.2382233459467235,Medium
52,Female,30.8,93,99,180,1,3,2,5,Diabetes,Cardiology,1,50-64,0.31299548702457375,Medium
51,Male,27.1,132,97,218,0,2,1,2,Hypertension,Cardiology,0,50-64,0.13951932194207034,Low
40,Female,21.3,90,65,159,0,1,0,1,Other,General Medicine,1,35-49,0.08157634167745662,Low
82,Male,25.8,136,88,194,1,6,3,4,Other,Surgery,1,80+,0.4881118871315066,High
41,Female,25.4,126,109,198,0,1,1,6,Diabetes,Endocrinology,0,35-49,0.19061056087526806,Medium
22,Female,24.8,100,134,197,0,7,0,7,Other,Endocrinology,0,18-34,0.045095920557867306,Low
80,Male,32.2,126,90,178,0,5,0,1,Other,General Medicine,0,80+,0.1629375454833147,Medium
31,Female,17.1,106,101,134,1,0,1,13,Respiratory,General Medicine,0,18-34,0.16830243601144945,Medium
84,Male,29.4,121,99,270,0,5,2,3,Other,Pulmonology,0,80+,0.42913997819273597,High
54,Female,27.7,126,150,188,0,6,0,2,Other,Cardiology,0,50-64,0.0906027727506637,Low
56,Female,22.6,112,103,176,1,4,2,2,Respiratory,Pulmonology,1,50-64,0.31175501834746233,Medium
49,Female,27.1,129,73,131,1,0,1,2,Other,Endocrinology,1,35-49,0.1576137285991791,Medium
92,Female,23.0,133,105,252,1,4,3,7,Respiratory,Pulmonology,0,80+,0.7109473947341519,High
18,Female,24.2,117,69,208,0,7,0,5,Other,Pulmonology,0,18-34,0.039537775187279814,Low
26,Female,22.7,112,100,179,0,0,1,5,Cardiac,Surgery,0,18-34,0.1593464065782059,Medium
63,Female,24.5,136,121,211,0,5,0,4,Other,Endocrinology,0,50-64,0.12895971998082742,Low
59,Female,24.3,133,80,200,1,3,1,4,Cardiac,Pulmonology,1,50-64,0.30831746098857243,Medium
58,Female,32.1,130,90,185,1,5,0,2,Other,Cardiology,0,50-64,0.09646739576696825,Low
21,Female,32.5,94,150,160,0,2,0,8,Other,Surgery,0,18-34,0.049542565563776265,Low
48,Female,32.1,151,113,169,0,4,1,1,Hypertension,General Medicine,0,35-49,0.1217217938899,Low
62,Male,26.7,109,106,191,0,4,0,3,Other,General Medicine,0,50-64,0.11943501678159935,Low
36,Female,21.4,138,88,171,0,4,0,2,Other,Pulmonology,0,35-49,0.06720086511063861,Low
87,Female,25.6,106,108,279,0,0,1,3,Cardiac,Cardiology,0,80+,0.5266755537555367,High
53,Female,33.8,97,142,185,1,2,1,5,Diabetes,Pulmonology,0,50-64,0.23767615554107374,Medium
41,Female,26.9,105,76,119,0,3,2,2,Other,Cardiology,0,35-49,0.18931135878888514,Medium
46,Male,26.7,133,65,194,0,6,5,12,Diabetes,Pulmonology,1,35-49,0.6767761253766854,High
42,Female,21.0,123,93,176,0,3,0,3,Cardiac,Endocrinology,0,35-49,0.1368710446567341,Low
50,Female,33.6,124,117,155,0,5,1,2,Diabetes,Endocrinology,1,50-64,0.1785474077899545,Medium
33,Female,16.2,129,91,151,0,4,1,1,Diabetes,Pulmonology,0,18-34,0.13548851486772193,Low
35,Male,29.0,144,116,195,0,1,2,2,Hypertension,General Medicine,0,35-49,0.15380955293706178,Medium
77,Male,32.6,136,99,254,0,7,0,1,Other,Cardiology,0,65-79,0.13661274312763252,Low
50,Female,32.0,146,85,172,0,5,0,4,Hypertension,Pulmonology,1,50-64,0.08825618167920841,Low
38,Female,21.7,133,140,186,0,1,0,1,Hypertension,Cardiology,0,35-49,0.06932998899584651,Low
72,Male,18.9,139,93,210,1,7,4,4,Other,General Medicine,1,65-79,0.5676865889084846,High
21,Male,33.6,102,128,195,0,2,2,6,Hypertension,General Medicine,1,18-34,0.11838227117263887,Low
50,Male,25.3,116,86,176,0,0,1,3,Other,Pulmonology,1,50-64,0.17465214656562575,Medium
50,Female,30.1,112,68,151,0,4,0,6,Diabetes,Surgery,0,50-64,0.12205325091576569,Low
23,Female,31.2,93,130,178,0,7,0,5,Other,Pulmonology,0,18-34,0.04549950419821124,Low
60,Male,28.5,113,99,161,0,3,0,4,Other,Pulmonology,0,50-64,0.12761936841226204,Low
51,Female,20.0,111,86,189,0,4,2,7,Other,Pulmonology,1,50-64,0.2812228520702996,Medium
48,Female,25.3,103,65,255,1,4,1,2,Other,General Medicine,0,35-49,0.1358554109591954,Low
19,Female,28.5,111,134,113,1,5,2,3,Cardiac,Cardiology,0,18-34,0.16325821461484663,Medium
71,Female,16.2,119,65,181,0,1,0,8,Hypertension,General Medicine,0,65-79,0.1994383872888782,Medium
30,Female,28.5,98,140,160,0,4,0,1,Diabetes,Cardiology,0,18-34,0.06987789503165037,Low
44,Female,28.2,124,135,221,0,5,1,5,Other,Surgery,0,35-49,0.11999858519784218,Low
79,Male,26.7,171,103,235,0,3,0,7,Cardiac,General Medicine,0,65-79,0.2998456085686671,Medium
65,Female,19.1,122,92,195,0,3,4,3,Other,General Medicine,1,65-79,0.5950461326356541,High
56,Female,24.9,130,129,218,0,1,1,5,Other,General Medicine,0,50-64,0.20264744194162101,Medium
32,Male,27.4,114,92,190,1,5,1,3,Cardiac,Cardiology,0,18-34,0.1325714830308148,Low
59,Female,21.5,122,106,158,1,4,3,5,Cardiac,General Medicine,0,50-64,0.5499348679038657,High
87,Female,29.5,126,103,172,0,7,1,10,Other,General Medicine,1,80+,0.34629743122134915,High
45,Female,17.0,122,102,116,1,4,1,4,Respiratory,Surgery,0,35-49,0.1495673041287418,Low
53,Male,18.2,116,101,252,1,1,1,3,Cardiac,Cardiology,0,50-64,0.26195102976342854,Medium
45,Female,26.5,100,105,125,0,5,0,4,Other,General Medicine,0,35-49,0.08214636465217845,Low
23,Female,25.7,113,74,134,0,5,0,3,Other,General Medicine,0,18-34,0.04333047456644346,Low
63,Female,30.8,90,116,223,0,6,1,4,Other,General Medicine,0,50-64,0.19706882422952424,Medium
62,Male,31.2,130,114,219,0,7,2,6,Other,General Medicine,0,50-64,0.2634424823789171,Medium
58,Female,22.4,123,86,194,0,7,2,2,Other,Cardiology,1,50-64,0.24209980863074046,Medium
65,Female,32.4,107,153,239,0,4,1,4,Diabetes,Pulmonology,0,65-79,0.2919351448546101,Medium
73,Male,31.4,128,127,169,1,3,2,7,Other,Endocrinology,0,65-79,0.36854119070984587,High
61,Male,32.9,126,111,173,0,4,1,5,Diabetes,General Medicine,0,50-64,0.23611605298150679,Medium
77,Male,28.8,160,81,325,0,1,2,2,Hypertension,Endocrinology,0,65-79,0.3785237914946248,High
30,Male,25.3,127,86,187,0,4,1,7,Other,Surgery,0,18-34,0.08497611489678694,Low
60,Female,24.8,123,72,169,1,3,0,2,Other,General Medicine,0,50-64,0.11679602021438759,Low
94,Female,20.3,136,104,220,0,2,2,6,Other,Pulmonology,1,80+,0.58325810229679,High
53,Male,26.8,152,140,176,0,3,0,2,Other,General Medicine,1,50-64,0.09154417446384291,Low
47,Female,30.0,106,110,160,1,2,2,7,Respiratory,Surgery,0,35-49,0.2667668524497081,Medium
62,Male,33.2,139,157,198,0,5,2,5,Diabetes,Surgery,1,50-64,0.3209469886805274,Medium
65,Male,24.5,94,119,227,0,2,2,3,Other,Pulmonology,0,65-79,0.34684394505276456,High
54,Male,22.1,113,154,171,0,0,1,1,Other,Surgery,0,50-64,0.16466412968678884,Medium
38,Female,26.2,131,96,142,0,6,1,3,Cardiac,Surgery,1,35-49,0.15488821572105008,Medium
62,Female,22.8,100,75,241,1,7,3,4,Cardiac,General Medicine,1,50-64,0.5361199951461165,High
23,Female,19.1,115,65,162,0,3,1,6,Other,Cardiology,0,18-34,0.08566503181634766,Low
59,Female,28.8,146,128,159,0,7,2,10,Hypertension,General Medicine,1,50-64,0.27296744826779146,Medium
64,Female,32.2,115,95,165,0,0,1,1,Diabetes,Cardiology,0,50-64,0.28167276924985457,Medium
36,Male,22.8,95,79,183,0,1,0,1,Diabetes,General Medicine,0,35-49,0.08987453976736791,Low
83,Female,31.8,141,159,200,1,2,0,5,Diabetes,General Medicine,0,80+,0.27724377188241633,Medium
63,Female,20.5,109,65,206,0,5,3,4,Respiratory,Cardiology,0,50-64,0.48147087339710576,High
75,Male,20.9,112,112,213,0,1,3,2,Other,General Medicine,0,65-79,0.5312523482380462,High
64,Male,23.9,90,65,178,0,3,1,2,Other,Pulmonology,0,50-64,0.21838771276689622,Medium
65,Male,31.0,130,94,182,0,2,1,3,Cardiac,General Medicine,0,65-79,0.3196041797211363,Medium
51,Female,16.0,106,102,168,0,3,0,4,Other,Endocrinology,0,50-64,0.11065157979514462,Low
94,Male,23.4,131,72,174,1,1,0,6,Other,Cardiology,0,80+,0.28034043416879945,Medium
77,Female,26.0,123,158,195,0,2,1,2,Other,General Medicine,0,65-79,0.2915634485014323,Medium
58,Female,26.9,120,96,196,0,5,1,1,Other,Surgery,0,50-64,0.15492150982741407,Medium
62,Male,29.2,137,79,219,0,6,3,9,Other,General Medicine,1,50-64,0.4096904072756826,High
56,Female,26.3,112,99,208,0,2,2,4,Other,Surgery,0,50-64,0.2729038937987519,Medium
18,Female,22.9,113,109,176,1,4,3,4,Respiratory,Cardiology,0,18-34,0.19856809734949,Medium
43,Male,23.9,108,65,231,1,1,1,6,Cardiac,General Medicine,1,35-49,0.2232241509881176,Medium
61,Female,29.2,129,65,172,1,4,1,11,Respiratory,General Medicine,0,50-64,0.25521131067502484,Medium
53,Male,23.0,138,65,220,0,1,1,7,Other,General Medicine,1,50-64,0.18327827256510432,Medium
81,Female,21.4,158,86,180,0,4,1,2,Cardiac,Cardiology,1,80+,0.4165569982560528,High
52,Female,30.7,124,65,217,0,2,0,4,Respiratory,General Medicine,0,50-64,0.12815151094808958,Low
30,Female,27.7,104,85,225,0,2,0,1,Other,General Medicine,0,18-34,0.05722912329346978,Low
48,Female,26.9,128,114,127,1,2,0,5,Hypertension,Surgery,0,35-49,0.08405796748969506,Low
74,Male,25.8,135,102,195,0,6,4,4,Other,Cardiology,0,65-79,0.5937385917868405,High
63,Male,27.7,142,108,211,0,7,3,3,Hypertension,Pulmonology,0,50-64,0.3726240114540769,High
51,Male,20.2,94,79,216,0,3,0,2,Respiratory,Pulmonology,0,50-64,0.1238545461096382,Low
29,Male,21.1,90,123,167,0,3,1,1,Other,General Medicine,0,18-34,0.0856212872783461,Low
65,Male,28.4,115,109,224,0,3,0,10,Cardiac,General Medicine,0,65-79,0.24970361220581938,Medium
77,Male,28.4,151,87,224,0,6,1,6,Other,General Medicine,0,65-79,0.24927534226097386,Medium
69,Female,30.6,128,65,206,0,0,2,4,Diabetes,Cardiology,0,65-79,0.4547168566901233,High
40,Female,27.1,120,95,177,0,2,1,9,Other,General Medicine,0,35-49,0.14544090062127538,Low
62,Male,20.4,95,65,168,0,6,0,4,Other,General Medicine,0,50-64,0.11749715066519746,Low
62,Male,35.1,137,99,196,0,5,2,5,Other,Surgery,0,50-64,0.2530228055554879,Medium
71,Male,35.3,113,113,221,0,3,1,8,Diabetes,Pulmonology,0,65-79,0.3387672564582185,Medium
63,Female,29.1,115,138,231,0,2,1,4,Cardiac,Surgery,0,50-64,0.32212152829592156,Medium
61,Female,25.1,150,92,123,0,0,4,3,Hypertension,General Medicine,0,50-64,0.5697312691719532,High
42,Male,30.4,110,109,119,0,4,0,5,Other,Cardiology,0,35-49,0.07150550621517258,Low
52,Male,22.2,115,101,153,0,3,1,9,Other,Cardiology,0,50-64,0.17632997984325835,Medium
62,Female,28.8,112,80,170,0,7,2,3,Other,General Medicine,0,50-64,0.26894943598862797,Medium
70,Male,24.4,109,84,227,0,6,1,3,Other,General Medicine,1,65-79,0.2123020893010671,Medium
72,Female,29.0,119,111,220,0,3,2,4,Hypertension,Surgery,0,65-79,0.3460199016639161,High
48,Female,16.0,145,65,186,0,7,2,7,Other,Pulmonology,0,35-49,0.23305539638731038,Medium
42,Female,25.7,119,65,226,0,2,2,4,Other,General Medicine,0,35-49,0.21237099683441574,Medium
56,Male,27.0,120,100,119,0,6,0,3,Hypertension,General Medicine,0,50-64,0.08812921044221356,Low
45,Male,25.8,127,93,222,0,3,1,2,Cardiac,Cardiology,1,35-49,0.19905652774488286,Medium
32,Male,26.2,100,79,155,0,7,0,3,Other,Cardiology,0,18-34,0.04684198268879425,Low
72,Male,29.8,134,110,169,0,5,1,1,Other,Surgery,0,65-79,0.19611865511505197,Medium
75,Female,21.7,141,78,239,0,0,2,3,Hypertension,Cardiology,1,65-79,0.40844587252299713,High
20,Male,27.1,110,73,195,0,4,1,1,Other,Cardiology,0,18-34,0.05959950327202493,Low
73,Male,26.5,136,105,226,0,6,2,3,Other,General Medicine,0,65-79,0.324488120122724,Medium
54,Male,31.7,121,99,183,0,0,2,3,Other,Cardiology,1,50-64,0.2617768747860822,Medium
78,Female,24.2,143,109,180,0,7,1,3,Hypertension,Pulmonology,1,65-79,0.25721407460043993,Medium
38,Female,40.0,94,121,194,0,3,0,1,Other,Pulmonology,0,35-49,0.06988347301731172,Low
64,Male,26.0,98,134,217,0,0,4,4,Other,Cardiology,1,50-64,0.6039950242729996,High
68,Male,29.6,138,113,126,0,2,1,2,Hypertension,Pulmonology,0,65-79,0.22147282829243226,Medium
64,Male,25.7,118,139,160,0,6,0,5,Other,Endocrinology,0,50-64,0.12283634164304534,Low
36,Female,34.5,100,106,261,0,1,1,2,Other,General Medicine,0,35-49,0.11470945335601954,Low
43,Male,41.7,123,69,232,0,7,2,2,Other,Cardiology,0,35-49,0.1465236707818537,Low
62,Male,25.2,107,148,119,1,4,0,1,Respiratory,Surgery,0,50-64,0.12252702555148566,Low
24,Male,23.2,99,92,127,1,3,1,3,Respiratory,General Medicine,0,18-34,0.08867772745686868,Low
64,Male,40.8,120,142,217,1,6,0,10,Diabetes,General Medicine,0,50-64,0.16048750777725365,Medium
46,Male,25.6,99,65,232,0,0,2,6,Other,Cardiology,0,35-49,0.24563453601699328,Medium
33,Male,33.5,120,125,173,0,6,0,8,Other,General Medicine,0,18-34,0.055433406971762876,Low
51,Male,35.4,137,121,198,0,7,1,2,Respiratory,Cardiology,0,50-64,0.1375444353012803,Low
56,Male,31.1,109,97,170,0,5,2,3,Diabetes,Surgery,0,50-64,0.2812727692908841,Medium
23,Female,23.5,100,70,179,0,4,0,1,Hypertension,General Medicine,0,18-34,0.04210533309822844,Low
84,Female,26.7,140,107,158,0,1,3,7,Diabetes,Cardiology,0,80+,0.6972607134566242,High
54,Female,16.0,133,65,227,0,0,0,2,Other,Surgery,0,50-64,0.11387239325150564,Low
95,Male,24.2,129,84,258,1,6,3,6,Cardiac,Surgery,1,80+,0.7286608791873139,High
36,Male,28.0,108,125,252,0,2,1,4,Cardiac,Surgery,1,35-49,0.16896361980700936,Medium
38,Male,27.1,101,100,185,0,1,0,2,Other,Cardiology,0,35-49,0.06957994012489926,Low
49,Female,26.2,121,96,230,0,1,1,7,Other,General Medicine,0,35-49,0.18030166951595217,Medium
49,Female,22.0,129,71,215,0,0,0,3,Other,Endocrinology,0,35-49,0.10936489763122405,Low
70,Female,30.9,127,93,242,0,2,1,2,Other,Surgery,1,65-79,0.22932829025841162,Medium
71,Female,38.0,103,159,193,0,4,1,8,Diabetes,General Medicine,0,65-79,0.33098415948606896,Medium
40,Female,31.7,104,118,153,0,4,0,1,Other,Surgery,0,35-49,0.06238214051673877,Low
35,Male,23.6,90,100,145,1,7,0,1,Other,General Medicine,1,35-49,0.04799694418189176,Low
59,Female,28.7,119,113,143,0,5,2,10,Respiratory,Cardiology,1,50-64,0.351895387219887,High
45,Female,23.8,153,65,193,0,2,3,13,Hypertension,General Medicine,0,35-49,0.37216927951024636,High
63,Male,25.4,125,116,220,0,1,0,4,Cardiac,Cardiology,0,50-64,0.22238383969101438,Medium
77,Male,26.1,121,117,244,1,5,2,2,Respiratory,General Medicine,1,65-79,0.3971728063021267,High
76,Male,19.4,125,99,160,0,3,1,14,Other,General Medicine,0,65-79,0.33493547479792873,Medium
26,Female,28.1,129,135,221,0,5,1,1,Hypertension,Surgery,0,18-34,0.0639859600862913,Low
58,Male,32.7,115,85,151,1,7,2,2,Diabetes,Pulmonology,0,50-64,0.28631298177297887,Medium
41,Male,28.4,114,110,159,0,2,0,2,Hypertension,Endocrinology,0,35-49,0.06940842844005884,Low
54,Female,23.3,129,117,171,1,5,1,5,Hypertension,Surgery,0,50-64,0.14239531873867603,Low
39,Male,26.9,113,82,195,0,3,0,2,Other,Pulmonology,0,35-49,0.07064358554034349,Low
30,Female,37.3,108,110,200,0,7,1,4,Other,Cardiology,0,18-34,0.07692560798018573,Low
18,Male,33.3,104,130,143,0,0,0,8,Other,Endocrinology,0,18-34,0.04937196677407978,Low
72,Female,32.8,124,92,208,0,1,3,6,Diabetes,Pulmonology,1,65-79,0.6332801421834181,High
21,Female,27.5,90,79,158,0,3,0,6,Other,Cardiology,0,18-34,0.048758509403318356,Low
42,Female,22.0,106,75,124,0,4,0,7,Other,Cardiology,0,35-49,0.0849186671710038,Low
34,Female,29.6,90,99,176,0,5,0,7,Other,General Medicine,0,18-34,0.0661871198171761,Low
84,Female,32.0,127,139,182,0,2,3,2,Other,Endocrinology,1,80+,0.5887451866541121,High
48,Male,23.4,122,123,184,0,6,0,4,Other,General Medicine,0,35-49,0.0784496409332791,Low
74,Male,30.6,133,97,235,0,0,0,1,Other,General Medicine,0,65-79,0.17137288549418533,Medium
49,Male,25.1,101,113,196,0,5,0,10,Other,Cardiology,0,35-49,0.09800115434452689,Low
62,Male,30.2,108,66,114,0,2,0,1,Other,General Medicine,0,50-64,0.12013543845744722,Low
51,Male,31.7,117,129,258,1,3,0,5,Cardiac,General Medicine,0,50-64,0.15252338121579873,Medium
54,Male,28.5,133,130,165,0,5,0,3,Cardiac,Cardiology,0,50-64,0.14766276682652238,Low
57,Female,35.5,124,161,177,0,2,0,4,Cardiac,General Medicine,0,50-64,0.19521201357343687,Medium
85,Female,26.5,149,103,164,0,5,2,4,Hypertension,Surgery,0,80+,0.40478870563097863,High
50,Female,27.2,125,104,198,1,4,1,2,Other,Surgery,0,50-64,0.12850318679898923,Low
58,Male,16.7,142,65,170,0,4,1,2,Hypertension,General Medicine,0,50-64,0.1603527114941351,Medium
35,Female,16.0,109,79,190,0,1,3,3,Other,Surgery,0,35-49,0.2734106834725198,Medium
41,Female,29.9,102,65,233,0,1,2,4,Other,Cardiology,0,35-49,0.21216767994795074,Medium
71,Female,28.1,143,125,207,1,0,0,2,Other,Endocrinology,0,65-79,0.16961861099426598,Medium
40,Female,33.8,118,89,167,1,3,1,8,Other,Pulmonology,0,35-49,0.13510807429371888,Low
33,Male,31.2,112,122,148,0,2,1,1,Diabetes,General Medicine,1,18-34,0.1217767910975357,Low
84,Male,27.9,104,123,208,0,4,0,2,Other,Surgery,1,80+,0.18687378751044198,Medium
40,Female,24.2,115,133,264,0,3,0,5,Cardiac,General Medicine,0,35-49,0.13581425201341682,Low
35,Female,24.1,122,113,110,0,6,0,6,Other,Cardiology,0,35-49,0.061344863381106444,Low
41,Female,17.1,90,65,182,0,5,1,2,Cardiac,General Medicine,0,35-49,0.19686312985102072,Medium
86,Male,33.1,136,147,175,0,1,3,13,Diabetes,General Medicine,1,80+,0.7261732093013282,High
41,Female,21.9,122,65,135,0,1,0,6,Other,General Medicine,0,35-49,0.09118953257700026,Low
49,Male,23.6,117,99,139,0,4,2,3,Other,Cardiology,1,35-49,0.2109695782818627,Medium
55,Female,27.6,128,97,203,0,6,1,8,Other,General Medicine,0,50-64,0.17345344759532066,Medium
61,Male,24.8,129,93,191,0,3,2,8,Hypertension,General Medicine,0,50-64,0.3021183126409825,Medium
51,Male,27.5,106,97,254,0,5,0,2,Cardiac,General Medicine,0,50-64,0.14119072342156339,Low
56,Female,29.6,159,88,177,0,0,2,3,Other,Surgery,0,50-64,0.2686000250121265,Medium
42,Male,22.2,116,97,215,0,5,1,4,Respiratory,Cardiology,0,35-49,0.13584515500717767,Low
58,Female,27.7,94,134,168,0,7,0,3,Respiratory,Pulmonology,0,50-64,0.13459581767389683,Low
58,Female,27.3,125,117,240,0,2,1,6,Other,General Medicine,0,50-64,0.2081417612390163,Medium
54,Male,27.8,116,125,213,0,1,0,5,Other,General Medicine,0,50-64,0.11452154624843168,Low
71,Male,31.1,135,129,172,0,4,1,4,Cardiac,General Medicine,1,65-79,0.34328167173218427,High
74,Female,30.1,127,82,197,0,5,2,8,Diabetes,Pulmonology,0,65-79,0.4871895329895978,High
66,Female,32.0,113,139,189,0,2,1,1,Other,General Medicine,0,65-79,0.22172711747461266,Medium
62,Male,28.4,139,154,230,0,3,0,1,Diabetes,General Medicine,0,50-64,0.15037014198510043,Low
57,Male,24.5,119,68,115,0,2,3,2,Respiratory,Endocrinology,1,50-64,0.4358251144429086,High
82,Female,25.6,136,113,199,0,1,2,8,Other,Pulmonology,0,80+,0.5159131545510883,High
34,Female,30.1,126,106,133,0,3,0,2,Other,General Medicine,1,18-34,0.06009615468921209,Low
27,Male,32.8,117,139,227,0,7,1,2,Diabetes,Endocrinology,0,18-34,0.08750785296583281,Low
23,Male,29.4,90,65,217,0,7,1,3,Other,Pulmonology,0,18-34,0.06651330766171966,Low
47,Female,28.5,137,82,193,1,3,0,3,Other,Endocrinology,0,35-49,0.08374946415752074,Low
52,Female,25.0,140,72,208,0,1,0,3,Other,Pulmonology,0,50-64,0.1166830949790805,Low
30,Female,32.0,117,75,163,0,0,0,4,Other,Endocrinology,0,18-34,0.06550365151052337,Low
18,Female,29.7,132,104,208,0,6,1,12,Hypertension,General Medicine,0,18-34,0.07022328153128102,Low
55,Male,28.0,108,85,181,0,5,0,5,Cardiac,Surgery,0,50-64,0.15433437468636566,Medium
62,Male,25.3,151,97,183,1,4,0,6,Hypertension,Cardiology,0,50-64,0.11016200736566253,Low
51,Male,24.8,127,122,158,0,2,0,5,Other,Cardiology,0,50-64,0.09971450976171019,Low
43,Male,26.3,136,76,238,0,1,1,4,Other,Surgery,0,35-49,0.12305688924640668,Low
70,Female,28.6,152,98,131,0,7,1,4,Hypertension,Surgery,1,65-79,0.1876782294448327,Medium
78,Female,32.3,150,116,181,1,2,2,6,Respiratory,General Medicine,0,65-79,0.4674641600946831,High
35,Male,27.1,103,113,182,0,6,0,5,Other,General Medicine,0,35-49,0.05698095720490299,Low
71,Male,29.8,124,117,198,1,2,1,9,Other,Endocrinology,0,65-79,0.26593426381262075,Medium
74,Female,24.7,113,89,282,0,6,3,6,Other,Endocrinology,1,65-79,0.514181179571237,High
59,Female,30.7,107,94,193,1,5,0,5,Hypertension,Surgery,0,50-64,0.0998324431307174,Low
72,Female,25.4,136,78,233,1,1,2,4,Cardiac,Surgery,1,65-79,0.5065956911771478,High
45,Female,28.0,121,75,239,0,0,1,9,Other,Endocrinology,1,35-49,0.17858771845276394,Medium
75,Male,29.6,118,74,229,0,2,3,6,Cardiac,Endocrinology,0,65-79,0.6743491605883619,High
57,Female,32.5,119,125,156,0,0,3,9,Respiratory,General Medicine,1,50-64,0.5177271427574021,High
59,Male,16.0,102,106,268,0,0,1,7,Other,Cardiology,0,50-64,0.23176325554270832,Medium
53,Female,30.1,113,70,171,0,0,1,4,Diabetes,Cardiology,0,50-64,0.23896884763381368,Medium
61,Male,23.5,153,101,203,1,0,1,8,Other,Cardiology,1,50-64,0.2173604429903322,Medium
55,Male,26.8,121,109,172,0,6,3,4,Other,Pulmonology,1,50-64,0.35537289407236294,High
18,Male,25.2,113,95,176,1,5,0,3,Other,General Medicine,0,18-34,0.03329919141593935,Low
69,Male,31.6,107,120,211,0,4,0,10,Other,General Medicine,0,65-79,0.16551829370971188,Medium
39,Male,27.5,133,118,136,0,6,1,1,Hypertension,General Medicine,0,35-49,0.08591867148556885,Low
48,Male,24.9,153,65,133,0,1,0,5,Cardiac,Pulmonology,1,35-49,0.16671842799903178,Medium
44,Male,30.0,114,65,175,0,2,0,3,Other,Endocrinology,0,35-49,0.07988556882227128,Low
59,Male,27.6,120,121,227,0,5,0,1,Other,Endocrinology,0,50-64,0.10078719372042616,Low
82,Male,27.8,103,106,232,0,1,1,9,Cardiac,Endocrinology,1,80+,0.5059298111559111,High
51,Male,27.1,128,133,202,0,4,1,4,Other,General Medicine,0,50-64,0.14502611675196564,Low
61,Male,23.7,114,70,174,0,6,2,2,Cardiac,Pulmonology,1,50-64,0.39818747642672936,High
80,Male,45.3,115,141,156,0,6,2,2,Diabetes,Surgery,1,80+,0.40177864873184177,High
41,Female,17.1,90,145,170,0,7,2,4,Diabetes,Pulmonology,0,35-49,0.2532343269210074,Medium
59,Male,29.4,129,108,171,1,6,0,3,Other,Surgery,0,50-64,0.08652468894732328,Low
61,Male,26.5,137,111,218,0,1,1,5,Other,General Medicine,0,50-64,0.20908471910192314,Medium
81,Male,27.9,129,116,175,0,4,2,3,Cardiac,General Medicine,1,80+,0.5427734643468483,High
71,Male,27.4,126,65,264,0,4,2,8,Other,Endocrinology,0,65-79,0.3684824227647911,High
39,Male,29.3,120,103,203,0,6,1,1,Cardiac,Cardiology,0,35-49,0.14922234842931065,Low
53,Female,20.1,108,98,216,0,2,3,6,Other,Cardiology,0,50-64,0.4084620490802289,High
95,Male,26.3,110,139,197,0,1,1,3,Cardiac,General Medicine,1,80+,0.5540337293318269,High
55,Female,16.9,104,117,203,1,5,1,3,Other,General Medicine,0,50-64,0.16553474529403472,Medium
47,Female,19.0,107,65,198,1,7,1,2,Respiratory,General Medicine,0,35-49,0.14413722382105926,Low
40,Female,24.2,122,106,243,0,5,0,8,Other,Endocrinology,0,35-49,0.08012616745174846,Low
54,Male,19.1,135,98,189,0,7,0,2,Other,General Medicine,0,50-64,0.08386565330384584,Low
18,Male,25.0,96,110,149,1,2,0,1,Respiratory,Endocrinology,0,18-34,0.04575053165084484,Low
77,Male,34.8,107,113,172,0,2,1,2,Diabetes,Cardiology,1,65-79,0.32993786652161894,Medium
45,Male,26.7,141,118,188,0,5,0,6,Hypertension,Surgery,0,35-49,0.06743281682120969,Low
94,Male,30.1,149,73,180,0,4,4,6,Diabetes,Cardiology,1,80+,0.7981355249246789,High
75,Male,16.0,144,68,147,1,5,2,2,Hypertension,General Medicine,1,65-79,0.3255209421152445,Medium
42,Male,26.7,127,65,184,0,0,1,3,Other,General Medicine,1,35-49,0.1316479946896102,Low
61,Male,24.5,137,115,188,0,0,0,1,Other,Endocrinology,0,50-64,0.12887533875385418,Low
74,Female,26.5,117,112,138,0,0,3,7,Cardiac,Surgery,0,65-79,0.6950244131389018,High
67,Male,21.2,129,65,166,0,2,1,2,Other,Pulmonology,0,65-79,0.23471450166660754,Medium
42,Female,21.9,123,70,225,0,3,0,2,Other,Surgery,0,35-49,0.07218023726529178,Low
66,Female,30.1,130,134,229,0,3,2,3,Other,Endocrinology,0,65-79,0.33041873040556213,Medium
61,Male,36.0,104,96,198,0,1,1,9,Diabetes,General Medicine,1,50-64,0.2869404940425963,Medium
53,Female,17.9,130,94,180,0,3,0,7,Other,General Medicine,0,50-64,0.11938263069601518,Low
68,Female,26.9,90,128,231,0,0,1,8,Other,General Medicine,1,65-79,0.2998460800606855,Medium
68,Male,26.3,120,86,241,0,6,2,1,Cardiac,Cardiology,0,65-79,0.41313713956234505,High
57,Male,24.0,119,106,247,0,3,2,15,Other,Cardiology,1,50-64,0.33201302585721953,Medium
44,Female,34.5,119,102,179,1,6,0,2,Respiratory,Pulmonology,0,35-49,0.0850153294995482,Low
71,Female,16.0,107,65,186,0,0,5,3,Other,Cardiology,1,65-79,0.7764651418780544,High
78,Male,33.5,139,112,245,0,5,0,3,Other,Cardiology,0,65-79,0.1579094116978551,Medium
74,Male,24.4,135,128,173,1,6,0,4,Respiratory,Cardiology,0,65-79,0.16825322283803323,Medium
68,Male,34.6,160,106,231,0,6,3,5,Cardiac,Cardiology,1,65-79,0.5502440643500222,High
70,Male,23.3,130,93,144,1,4,3,5,Cardiac,General Medicine,1,65-79,0.6011883007840182,High
50,Female,29.8,124,94,179,0,2,1,7,Other,Surgery,0,50-64,0.16214695950200328,Medium
62,Male,27.1,143,66,160,0,7,1,3,Hypertension,General Medicine,1,50-64,0.15349428153210976,Medium
23,Female,27.6,93,119,226,0,4,1,12,Other,Cardiology,0,18-34,0.09559567459952496,Low
54,Male,29.1,124,109,231,0,1,1,5,Other,Endocrinology,1,50-64,0.1802393177321229,Medium
47,Male,27.4,155,129,223,0,4,1,6,Hypertension,General Medicine,0,35-49,0.12764628134239303,Low
39,Male,23.3,115,104,210,0,6,1,9,Other,General Medicine,0,35-49,0.11537907500717322,Low
59,Male,24.7,131,157,224,0,0,1,3,Diabetes,Endocrinology,0,50-64,0.2605087402719106,Medium
75,Female,27.5,119,102,157,0,3,0,3,Other,General Medicine,0,65-79,0.1804833476077049,Medium
78,Male,23.2,132,118,182,0,4,2,6,Cardiac,Endocrinology,1,65-79,0.5511282316371117,High
60,Male,28.0,122,101,165,0,7,1,4,Other,Surgery,0,50-64,0.14931629356781878,Low
55,Male,26.6,121,144,229,1,1,2,3,Diabetes,Cardiology,0,50-64,0.32001036862714005,Medium
78,Male,20.9,119,69,215,0,2,1,2,Cardiac,Endocrinology,0,65-79,0.41890217411470443,High
18,Female,30.6,115,104,207,0,5,2,5,Cardiac,Surgery,0,18-34,0.16358222577704823,Medium
44,Male,32.2,131,155,218,0,4,1,8,Other,General Medicine,0,35-49,0.13122400558994451,Low
56,Female,28.9,110,99,116,0,1,0,1,Other,Endocrinology,0,50-64,0.11801844233502472,Low
69,Male,35.8,123,113,174,0,6,0,2,Diabetes,Pulmonology,0,65-79,0.1694049509065101,Medium
48,Female,35.9,104,136,186,1,6,5,13,Other,Endocrinology,1,35-49,0.6165831237699841,High
34,Male,26.5,116,108,110,1,2,1,1,Hypertension,Endocrinology,0,18-34,0.08785066972910341,Low
64,Male,27.2,115,89,211,0,3,2,10,Hypertension,General Medicine,1,50-64,0.3346786042792161,Medium
46,Male,32.4,97,77,214,0,5,1,8,Other,General Medicine,0,35-49,0.1364265033900061,Low
51,Female,23.9,90,65,186,0,7,0,1,Other,General Medicine,0,50-64,0.083827943886439,Low
22,Male,21.6,119,86,156,0,6,1,4,Other,Cardiology,0,18-34,0.06348377258015996,Low
35,Male,26.5,158,65,112,0,3,3,5,Hypertension,Endocrinology,0,35-49,0.23480046867333362,Medium
48,Male,22.8,122,65,172,0,1,0,6,Respiratory,Surgery,0,35-49,0.1134273282988349,Low
61,Male,35.8,108,147,244,0,6,2,7,Other,General Medicine,0,50-64,0.2747167051453832,Medium
46,Female,22.2,121,127,179,0,1,0,2,Hypertension,General Medicine,0,35-49,0.09053290021052161,Low
64,Male,21.0,140,111,236,0,5,1,5,Other,General Medicine,1,50-64,0.1976502875851366,Medium
34,Female,21.2,119,88,140,0,4,1,3,Other,Surgery,0,18-34,0.09448526139485149,Low
28,Female,31.8,99,78,201,0,3,0,2,Diabetes,Cardiology,0,18-34,0.06928368806047629,Low
84,Female,20.3,138,65,287,0,2,2,3,Cardiac,Endocrinology,0,80+,0.616859475576137,High
55,Male,24.5,93,98,193,1,3,1,2,Diabetes,General Medicine,1,50-64,0.20574296998209338,Medium
37,Male,25.1,110,87,132,0,7,0,3,Other,Endocrinology,0,35-49,0.0550055053905115,Low
42,Female,38.1,114,117,204,0,3,0,2,Diabetes,General Medicine,0,35-49,0.09777313872864193,Low
68,Male,31.6,92,79,180,0,1,0,1,Diabetes,Endocrinology,0,65-79,0.19451704273689222,Medium
62,Female,22.1,136,95,239,1,7,1,2,Respiratory,Cardiology,0,50-64,0.19523548684040326,Medium
65,Female,31.2,122,126,181,0,0,0,1,Other,General Medicine,0,65-79,0.1494165595106191,Low
47,Female,32.1,108,118,120,0,0,0,5,Other,Surgery,0,35-49,0.09790644481072563,Low
71,Male,31.5,150,110,199,0,2,0,5,Hypertension,General Medicine,0,65-79,0.15172916593026023,Medium
25,Female,29.2,96,128,161,0,4,1,6,Diabetes,General Medicine,0,18-34,0.11519335322160297,Low
27,Male,28.0,125,109,206,0,3,0,4,Cardiac,General Medicine,0,18-34,0.08471508498884349,Low
71,Female,28.8,126,108,206,0,0,2,2,Cardiac,General Medicine,1,65-79,0.5306253694656903,High
33,Female,29.3,122,105,184,0,7,2,5,Other,Surgery,0,18-34,0.13283468536469561,Low
63,Female,35.6,97,132,202,0,2,1,2,Other,Endocrinology,1,50-64,0.21447627558381396,Medium
44,Male,26.6,131,102,179,0,2,0,4,Other,Endocrinology,0,35-49,0.08206491045654263,Low
78,Male,27.6,125,112,183,0,3,3,8,Cardiac,Cardiology,1,65-79,0.6891349882184886,High
52,Male,25.4,127,70,159,0,4,0,2,Other,General Medicine,0,50-64,0.08786403890908619,Low
60,Male,24.0,137,88,155,0,0,0,1,Other,Surgery,0,50-64,0.11498789272829844,Low
51,Male,25.5,105,100,172,1,7,0,6,Respiratory,Cardiology,0,50-64,0.09787953489848873,Low
44,Female,29.8,131,102,182,0,7,0,6,Other,Cardiology,0,35-49,0.07218215560406495,Low
55,Male,24.7,157,160,210,0,6,0,6,Hypertension,Surgery,0,50-64,0.08415469392210978,Low
69,Female,22.7,139,84,151,0,5,2,6,Respiratory,Surgery,1,65-79,0.37792892728585875,High
61,Male,31.8,90,103,168,1,4,2,3,Cardiac,Surgery,0,50-64,0.3742515914413901,High
58,Female,21.0,133,99,133,0,2,0,1,Respiratory,Cardiology,0,50-64,0.14074554145263504,Low
51,Male,27.4,109,76,165,0,2,2,9,Other,Pulmonology,1,50-64,0.28614242689547026,Medium
85,Male,25.7,131,82,283,0,4,1,4,Cardiac,Endocrinology,0,80+,0.451151042379546,High
32,Female,33.3,127,111,165,0,0,0,1,Diabetes,Pulmonology,0,18-34,0.08951908879505457,Low
57,Male,27.8,104,148,197,0,1,0,2,Other,Surgery,0,50-64,0.10826061545463853,Low
77,Female,30.1,132,73,264,1,1,1,2,Respiratory,Endocrinology,0,65-79,0.32881146786201554,Medium
63,Male,23.1,144,65,207,0,7,4,7,Hypertension,General Medicine,1,50-64,0.5165467129518444,High
43,Female,24.6,115,153,216,0,0,2,4,Diabetes,Surgery,0,35-49,0.28233796501575764,Medium
48,Male,22.3,120,109,127,0,6,2,8,Diabetes,Surgery,0,35-49,0.26066293975312177,Medium
85,Female,32.7,105,68,212,0,2,2,3,Diabetes,General Medicine,0,80+,0.549940242106916,High
58,Female,26.3,116,106,252,0,6,0,6,Other,Cardiology,0,50-64,0.11316385234212632,Low
63,Female,24.8,126,123,188,1,1,3,4,Respiratory,Surgery,0,50-64,0.48819623989872674,High
48,Female,31.4,99,109,188,0,5,0,5,Other,Pulmonology,0,35-49,0.09609750520539631,Low
73,Female,25.5,108,106,255,0,1,0,5,Other,Surgery,0,65-79,0.18647362235891132,Medium
76,Female,24.2,117,132,221,0,3,1,2,Diabetes,Surgery,0,65-79,0.3287093231808256,Medium
59,Male,24.1,115,105,194,0,6,1,13,Other,Cardiology,0,50-64,0.20248352179645732,Medium
53,Male,27.5,107,85,155,1,1,2,6,Cardiac,Endocrinology,0,50-64,0.39446080254120947,High
25,Male,28.6,90,159,193,1,7,1,1,Cardiac,Cardiology,1,18-34,0.10042614154995819,Low
66,Female,30.9,113,65,182,0,4,2,6,Other,General Medicine,0,65-79,0.33720938365489006,Medium
64,Female,32.7,136,65,231,0,6,1,4,Diabetes,General Medicine,0,50-64,0.24248541393749248,Medium
75,Male,29.9,120,65,201,0,4,3,11,Other,General Medicine,0,65-79,0.5435678748516711,High
44,Male,26.0,107,94,180,1,3,2,2,Other,Cardiology,0,35-49,0.18287828219619015,Medium
48,Female,28.7,120,111,161,0,6,0,1,Other,General Medicine,0,35-49,0.07632062545149557,Low
52,Male,25.7,119,87,165,0,1,0,4,Other,General Medicine,0,50-64,0.1059080171309506,Low
95,Female,26.6,121,85,195,0,7,1,1,Cardiac,Surgery,1,80+,0.46507329595294833,High
70,Male,34.4,135,96,157,1,2,1,3,Other,Cardiology,0,65-79,0.21542573297528533,Medium
23,Female,30.3,91,120,196,0,3,0,2,Other,Surgery,0,18-34,0.0431784754138982,Low
46,Male,24.0,111,130,173,0,2,1,4,Hypertension,General Medicine,0,35-49,0.13698602070552834,Low
27,Male,20.3,104,89,188,0,1,0,8,Other,Cardiology,1,18-34,0.062379650866816024,Low
48,Male,29.2,118,157,165,0,3,1,14,Other,Endocrinology,0,35-49,0.18021225229096727,Medium
56,Male,31.0,130,107,157,0,5,2,3,Other,General Medicine,0,50-64,0.2317356456396012,Medium
50,Female,20.1,120,106,217,1,2,1,4,Other,General Medicine,0,50-64,0.1630843451566962,Medium
59,Male,24.5,121,110,185,0,1,4,11,Respiratory,Cardiology,1,50-64,0.6483614173601624,High
87,Female,38.7,121,156,210,0,6,2,4,Diabetes,General Medicine,0,80+,0.5154428605210102,High
81,Male,21.0,134,82,171,1,0,0,2,Other,Pulmonology,0,80+,0.21779630566604757,Medium
75,Female,21.8,142,77,182,1,6,3,3,Cardiac,Surgery,0,65-79,0.5983417289661571,High
45,Male,25.3,142,110,183,1,6,0,2,Other,General Medicine,0,35-49,0.06296175567927509,Low
36,Female,31.8,140,119,178,0,4,0,1,Respiratory,Cardiology,0,35-49,0.069281905238886,Low
49,Female,24.9,134,119,204,0,2,1,3,Hypertension,Pulmonology,0,35-49,0.16024220146615686,Medium
63,Female,16.0,127,109,196,0,1,1,9,Other,General Medicine,1,50-64,0.2675297266123845,Medium
84,Male,24.1,119,87,158,1,1,2,3,Other,Surgery,1,80+,0.42684820130859874,High
73,Female,34.6,138,163,196,1,2,2,3,Diabetes,Cardiology,1,65-79,0.43506878212616873,High
44,Male,24.7,133,142,233,0,5,1,5,Hypertension,General Medicine,0,35-49,0.11550125551003808,Low
77,Female,23.5,139,118,184,1,6,1,3,Diabetes,General Medicine,0,65-79,0.31093108554827936,Medium
76,Male,24.1,91,133,216,0,3,2,6,Other,Surgery,0,65-79,0.39415772381430714,High
46,Female,31.6,116,109,163,0,6,0,3,Other,General Medicine,0,35-49,0.07551613446810505,Low
55,Male,33.5,116,79,201,0,5,1,2,Cardiac,General Medicine,0,50-64,0.23042340650831156,Medium
54,Male,26.0,116,90,169,0,6,0,2,Other,General Medicine,0,50-64,0.08637421812294614,Low
34,Male,25.8,105,88,210,0,5,2,13,Other,General Medicine,0,18-34,0.1841817363530967,Medium
64,Male,37.6,120,143,221,0,7,1,6,Diabetes,Surgery,0,50-64,0.21588541969168418,Medium
41,Male,32.5,116,97,231,0,4,1,5,Diabetes,General Medicine,0,35-49,0.15006964804624076,Low
61,Male,30.2,128,86,190,0,5,0,4,Other,Surgery,0,50-64,0.10193945208892595,Low
52,Male,23.4,119,121,161,0,4,0,11,Other,Cardiology,0,50-64,0.11152318586501056,Low
41,Female,29.6,102,117,163,1,3,1,2,Respiratory,Cardiology,1,35-49,0.13768047399243422,Low
62,Female,25.0,137,104,200,0,7,0,9,Other,Cardiology,0,50-64,0.12676640149970103,Low
50,Female,23.2,116,76,169,0,6,2,4,Hypertension,General Medicine,0,50-64,0.21423516688112368,Medium
65,Female,27.1,124,101,203,0,7,1,2,Cardiac,General Medicine,0,65-79,0.2894628974094398,Medium
20,Female,25.3,97,93,159,1,3,3,4,Cardiac,Cardiology,0,18-34,0.28582150830533,Medium
48,Male,27.1,106,98,142,0,0,1,6,Other,Pulmonology,0,35-49,0.17910253046671537,Medium
60,Male,28.4,125,90,232,0,6,2,3,Other,Surgery,1,50-64,0.23335251640069035,Medium
34,Male,19.2,125,75,224,1,4,2,6,Respiratory,General Medicine,1,18-34,0.18603856020273435,Medium
77,Female,27.0,147,79,225,0,0,0,4,Hypertension,Cardiology,1,65-79,0.1987563845027833,Medium
78,Male,28.2,124,68,186,0,4,0,4,Cardiac,General Medicine,1,65-79,0.2767830206748989,Medium
88,Female,28.4,137,99,220,0,0,1,7,Cardiac,General Medicine,1,80+,0.5512244565750261,High
46,Female,33.1,129,173,197,1,7,2,6,Respiratory,General Medicine,0,35-49,0.2226573301960989,Medium
55,Male,25.9,135,138,135,0,4,3,4,Other,General Medicine,0,50-64,0.3558977881597967,High
26,Male,30.9,127,109,207,0,5,1,2,Diabetes,General Medicine,0,18-34,0.09077203156807676,Low
45,Male,18.6,135,65,218,0,3,0,9,Other,Pulmonology,0,35-49,0.10047589557219995,Low
52,Female,19.5,93,65,147,0,5,2,2,Cardiac,General Medicine,0,50-64,0.36087717743133957,High
45,Male,34.2,101,79,210,1,1,5,5,Respiratory,General Medicine,1,35-49,0.6251756944107849,High
26,Female,28.5,135,106,139,0,4,0,4,Other,Endocrinology,0,18-34,0.0492686932353646,Low
77,Female,30.4,126,80,173,0,0,0,3,Other,Pulmonology,0,65-79,0.21969762138452464,Medium
64,Female,20.1,124,65,199,0,7,1,6,Diabetes,General Medicine,0,50-64,0.25986099319192235,Medium
37,Female,35.4,120,79,140,1,1,1,4,Respiratory,Endocrinology,0,35-49,0.1380352593057499,Low
70,Male,31.0,110,133,171,0,0,1,7,Other,General Medicine,0,65-79,0.27782424629162705,Medium
65,Male,26.3,142,119,182,1,3,1,4,Cardiac,Cardiology,0,65-79,0.3028237170636399,Medium
66,Male,31.5,115,122,210,0,2,1,5,Diabetes,Cardiology,0,65-79,0.282829836328506,Medium
62,Female,21.5,129,65,207,1,2,2,1,Cardiac,General Medicine,1,50-64,0.42978187975264587,High
49,Female,23.7,115,92,216,0,3,2,3,Hypertension,Cardiology,0,35-49,0.2254979017930406,Medium
48,Female,22.4,117,84,206,1,6,2,5,Other,Cardiology,0,35-49,0.20679093334833232,Medium
64,Female,29.3,113,100,184,0,6,3,5,Other,General Medicine,1,50-64,0.42468790236445836,High
56,Female,26.2,115,101,195,0,5,0,3,Cardiac,Endocrinology,1,50-64,0.17599497998053418,Medium
74,Male,25.3,127,90,184,0,7,1,4,Other,Cardiology,0,65-79,0.22028655448481635,Medium
72,Female,38.1,106,138,121,0,0,1,3,Other,General Medicine,0,65-79,0.27651046358891157,Medium
43,Male,29.5,113,97,208,1,7,0,4,Cardiac,General Medicine,0,35-49,0.10441193207558161,Low
72,Female,36.5,134,83,166,0,4,2,8,Hypertension,Endocrinology,0,65-79,0.3680293277822594,High
75,Female,18.4,126,125,170,0,0,1,2,Diabetes,Cardiology,0,65-79,0.37139490433695277,High
55,Male,32.0,130,121,216,0,7,0,6,Hypertension,General Medicine,0,50-64,0.08648293305727532,Low
59,Female,23.4,123,82,174,0,7,0,4,Respiratory,Endocrinology,1,50-64,0.13108790039567053,Low
77,Female,30.8,121,65,198,1,7,4,4,Diabetes,Pulmonology,1,65-79,0.7006841652125068,High
61,Female,28.4,127,75,208,0,1,0,1,Respiratory,Surgery,0,50-64,0.14541865300717446,Low
74,Male,31.3,121,153,207,1,1,3,8,Diabetes,Pulmonology,1,65-79,0.6327122558046309,High
64,Female,33.3,103,113,191,0,6,2,5,Diabetes,Surgery,1,50-64,0.3515650582379715,High
43,Male,22.9,102,68,177,0,3,1,3,Other,Surgery,0,35-49,0.11661704009156382,Low
64,Male,22.5,125,114,196,1,7,0,8,Cardiac,Cardiology,0,50-64,0.1937343561523349,Medium
23,Female,31.1,90,68,245,0,4,0,1,Other,Surgery,0,18-34,0.03992446673853136,Low
39,Male,16.0,119,117,197,0,2,0,10,Respiratory,General Medicine,0,35-49,0.10764943581093066,Low
47,Female,21.3,119,72,182,0,6,0,1,Other,Pulmonology,0,35-49,0.08253619923727283,Low
59,Male,27.0,140,85,191,0,4,0,1,Other,General Medicine,0,50-64,0.10083472035573557,Low
79,Male,23.4,133,115,242,0,4,2,4,Cardiac,Surgery,0,65-79,0.5203406684908768,High
63,Male,19.8,102,85,147,1,4,3,4,Respiratory,General Medicine,0,50-64,0.4664042333772653,High
58,Female,27.9,153,108,221,0,1,0,4,Hypertension,Endocrinology,0,50-64,0.12296243235743591,Low
34,Male,32.4,131,106,182,1,2,2,9,Other,Surgery,0,18-34,0.1582658906241254,Medium
18,Female,36.4,112,170,195,0,3,1,9,Other,Cardiology,0,18-34,0.07600475787692057,Low
70,Male,36.0,116,83,213,1,6,3,5,Diabetes,Cardiology,1,65-79,0.4970765268409259,High
58,Female,27.1,103,181,174,0,5,3,3,Diabetes,Pulmonology,0,50-64,0.485912116042305,High
62,Female,26.7,116,111,252,1,1,1,6,Cardiac,Surgery,0,50-64,0.3283997706827222,Medium
85,Male,34.1,100,91,219,0,4,2,11,Hypertension,Endocrinology,0,80+,0.474870790198049,High
55,Male,32.4,130,151,194,0,2,0,6,Cardiac,Surgery,0,50-64,0.17115399177798954,Medium
41,Male,24.5,125,92,195,1,2,1,8,Respiratory,General Medicine,1,35-49,0.15586784961676875,Medium
42,Male,32.4,142,144,171,0,4,1,2,Hypertension,Cardiology,0,35-49,0.09892173395492469,Low
74,Female,34.8,140,119,243,1,2,1,8,Cardiac,General Medicine,0,65-79,0.4133599072750521,High
71,Male,26.6,126,134,182,0,0,0,5,Diabetes,Endocrinology,0,65-79,0.23395428100016702,Medium
72,Female,25.3,90,129,231,0,4,4,3,Other,Surgery,0,65-79,0.6167058696510471,High
41,Female,31.6,144,101,259,1,2,2,6,Other,Cardiology,0,35-49,0.195557563043282,Medium
44,Male,27.8,121,139,248,0,2,1,4,Other,Pulmonology,0,35-49,0.14218862641259103,Low
34,Male,27.2,126,104,225,1,0,0,5,Cardiac,General Medicine,0,18-34,0.1128401138847332,Low
70,Male,31.0,153,130,226,0,2,3,5,Cardiac,Cardiology,0,65-79,0.6166743817900538,High
72,Female,23.5,128,91,212,0,5,1,3,Diabetes,General Medicine,0,65-79,0.30417987835980315,Medium
67,Female,20.6,128,96,185,0,1,0,5,Diabetes,General Medicine,0,65-79,0.22217290545594548,Medium
47,Female,26.7,138,65,164,0,5,1,4,Other,General Medicine,0,35-49,0.13286911190224027,Low
49,Female,27.6,114,77,255,0,7,0,3,Other,Cardiology,0,35-49,0.07885495987414257,Low
32,Female,33.4,127,98,151,0,3,1,2,Diabetes,Pulmonology,0,18-34,0.13051048864264916,Low
24,Female,30.7,115,89,196,0,5,0,10,Respiratory,Cardiology,0,18-34,0.06302908798632048,Low
49,Male,23.1,114,135,219,0,0,0,2,Other,Cardiology,0,35-49,0.0981331012468987,Low
54,Female,24.8,108,117,145,0,3,5,4,Other,Cardiology,1,50-64,0.6459154662826954,High
28,Male,16.0,105,66,207,1,3,3,4,Other,Cardiology,1,18-34,0.21210888850200488,Medium
21,Male,33.5,111,128,194,0,2,0,5,Other,General Medicine,0,18-34,0.04440795540596375,Low
50,Male,18.5,115,118,164,0,5,0,2,Hypertension,General Medicine,1,50-64,0.08061303923846516,Low
48,Male,16.1,117,106,175,0,0,1,3,Other,General Medicine,0,35-49,0.16286238710900447,Medium
75,Male,21.8,123,74,203,0,6,1,4,Other,Cardiology,0,65-79,0.23757048148295087,Medium
52,Female,32.3,116,102,222,0,4,2,5,Diabetes,General Medicine,0,50-64,0.31112421868379914,Medium
62,Male,29.7,141,144,275,0,2,0,1,Cardiac,General Medicine,0,50-64,0.19324629676946578,Medium
57,Male,23.8,126,116,137,0,1,0,1,Other,General Medicine,0,50-64,0.11199174763857238,Low
75,Male,20.3,145,95,193,1,1,2,2,Hypertension,Pulmonology,0,65-79,0.3811821267014174,High
50,Female,30.0,117,74,231,0,5,2,6,Other,General Medicine,0,50-64,0.23511009316859424,Medium
94,Male,28.0,143,65,248,0,3,3,3,Hypertension,General Medicine,1,80+,0.6162861397608813,High
51,Male,32.6,128,155,258,1,6,1,1,Cardiac,Cardiology,0,50-64,0.1876878397034722,Medium
42,Male,22.0,94,109,225,0,3,1,3,Other,Surgery,0,35-49,0.11623824587493678,Low
73,Male,24.2,141,116,213,1,0,4,4,Cardiac,General Medicine,0,65-79,0.7644409682641096,High
67,Female,20.3,121,85,209,0,5,2,13,Other,Endocrinology,1,65-79,0.3940340950757623,High
43,Male,27.4,114,133,110,0,1,1,4,Other,Cardiology,0,35-49,0.1329138863041995,Low
67,Female,31.2,148,107,185,0,2,2,7,Hypertension,Surgery,0,65-79,0.3308404382123828,Medium
88,Male,36.4,151,92,161,0,2,3,5,Diabetes,Surgery,1,80+,0.6523939996045515,High
42,Male,31.2,112,135,184,0,6,1,7,Other,General Medicine,0,35-49,0.11483430240684356,Low
75,Male,34.4,129,118,172,0,4,1,5,Diabetes,Cardiology,0,65-79,0.30995422390545246,Medium
53,Female,25.8,131,65,152,1,1,1,2,Other,Pulmonology,0,50-64,0.1767798326846124,Medium
55,Female,23.2,128,96,210,0,4,3,6,Other,General Medicine,0,50-64,0.39419371159749744,High
42,Female,22.1,90,119,183,0,3,1,2,Hypertension,Pulmonology,0,35-49,0.13477980634754433,Low
36,Female,25.3,147,115,203,0,4,0,10,Hypertension,General Medicine,0,35-49,0.07177530977175964,Low
70,Male,35.1,138,175,170,0,2,1,3,Cardiac,General Medicine,1,65-79,0.346910661835603,High
43,Male,28.7,135,103,111,1,7,0,4,Cardiac,Endocrinology,0,35-49,0.10276109414404407,Low
73,Female,26.6,112,119,205,0,3,2,5,Other,General Medicine,0,65-79,0.39610064137154305,High
54,Male,22.1,135,78,217,0,1,1,2,Other,Surgery,0,50-64,0.15710312714356572,Medium
57,Female,30.6,114,78,214,1,1,0,7,Respiratory,Pulmonology,0,50-64,0.16758020319498565,Medium
75,Female,31.3,138,131,237,0,3,2,2,Other,General Medicine,1,65-79,0.3762538327520352,High
33,Male,20.4,123,86,153,0,5,2,3,Other,Surgery,0,18-34,0.1319892641228162,Low
54,Male,24.5,97,77,215,1,6,2,3,Respiratory,General Medicine,0,50-64,0.25618497342622737,Medium
75,Male,25.4,167,65,214,0,4,2,10,Hypertension,General Medicine,0,65-79,0.38226038600947815,High
59,Male,31.7,132,128,225,0,4,0,5,Other,General Medicine,0,50-64,0.11102199343755452,Low
48,Male,30.1,113,181,219,1,2,1,11,Hypertension,General Medicine,1,35-49,0.1593175095143534,Medium
61,Female,31.0,90,126,173,0,7,2,7,Other,Cardiology,1,50-64,0.287051403299224,Medium
40,Male,29.5,129,88,244,0,3,1,5,Hypertension,General Medicine,0,35-49,0.11036058162517352,Low
63,Female,33.1,102,86,179,1,7,1,1,Other,Cardiology,1,50-64,0.1617753101113182,Medium
56,Male,26.8,111,108,274,0,0,0,6,Cardiac,Cardiology,0,50-64,0.20793468544029822,Medium
59,Female,30.6,92,103,136,0,1,1,1,Other,General Medicine,0,50-64,0.20024623339906358,Medium
62,Male,27.5,105,65,187,0,3,0,5,Cardiac,Surgery,0,50-64,0.19737647538065173,Medium
40,Male,28.5,103,123,171,1,2,0,9,Other,Endocrinology,0,35-49,0.08225776530267925,Low
43,Male,26.7,125,65,233,1,2,0,8,Cardiac,General Medicine,0,35-49,0.14057049809513328,Low
26,Female,24.3,96,89,193,0,7,0,2,Cardiac,General Medicine,0,18-34,0.0751801469493835,Low
53,Female,35.4,131,116,197,0,0,1,1,Other,Surgery,0,50-64,0.15861958818383226,Medium
67,Female,34.9,129,114,147,0,7,1,7,Cardiac,Cardiology,0,65-79,0.31676393130258246,Medium
83,Male,23.1,105,118,232,0,7,1,17,Cardiac,Cardiology,1,80+,0.49862001027324543,High
68,Male,32.3,139,117,195,1,7,0,4,Respiratory,General Medicine,0,65-79,0.13634940307840493,Low
59,Female,21.7,114,74,227,1,6,5,5,Cardiac,General Medicine,1,50-64,0.7668177146203874,High
55,Male,25.3,120,69,187,1,0,1,2,Other,Cardiology,0,50-64,0.1687089722079609,Medium
43,Female,24.8,112,108,185,1,1,0,5,Other,Surgery,0,35-49,0.08321351779682133,Low
71,Male,24.1,107,123,110,0,3,0,12,Cardiac,General Medicine,0,65-79,0.3011128527237529,Medium
95,Male,27.3,122,65,193,0,1,1,3,Other,Pulmonology,0,80+,0.42056623102038737,High
27,Female,29.6,90,108,214,1,3,0,3,Other,General Medicine,0,18-34,0.05116774454070652,Low
38,Female,25.0,103,65,145,0,3,1,4,Hypertension,General Medicine,0,35-49,0.11510611405973686,Low
57,Male,21.4,106,65,134,0,2,2,6,Cardiac,General Medicine,1,50-64,0.4282404316343167,High
59,Female,27.4,115,112,229,0,6,2,4,Respiratory,Endocrinology,0,50-64,0.315314398435944,Medium
84,Male,21.3,135,65,251,0,6,0,2,Other,General Medicine,0,80+,0.18373212087722568,Medium
51,Female,17.6,95,106,284,1,6,0,3,Cardiac,Cardiology,0,50-64,0.14921956469937728,Low
53,Male,25.4,110,130,155,0,7,0,4,Other,Cardiology,0,50-64,0.08471983424668986,Low
52,Female,19.1,101,90,208,0,7,0,1,Other,General Medicine,0,50-64,0.08734619336585762,Low
42,Male,33.5,120,105,156,0,5,0,2,Other,Cardiology,0,35-49,0.061631056062742696,Low
51,Male,27.2,139,65,222,0,6,2,9,Other,General Medicine,0,50-64,0.22917926702832295,Medium
74,Female,23.9,157,82,171,0,1,2,4,Hypertension,Surgery,0,65-79,0.3731002652969103,High
42,Male,21.8,105,113,210,0,3,0,7,Other,Cardiology,0,35-49,0.08306064982371648,Low
78,Female,25.5,123,136,164,0,2,2,5,Diabetes,Surgery,0,65-79,0.49807827520368075,High
35,Male,22.5,119,65,140,0,5,1,8,Other,General Medicine,1,35-49,0.10465159418363609,Low
59,Female,27.7,131,118,253,0,7,1,5,Hypertension,Surgery,0,50-64,0.15319081344159746,Medium
59,Male,24.7,121,104,164,1,4,2,4,Other,Endocrinology,1,50-64,0.2627105180561094,Medium
60,Female,28.4,119,137,174,0,1,1,9,Cardiac,General Medicine,1,50-64,0.36234516727744054,High
67,Male,23.1,132,86,250,0,4,2,3,Cardiac,Cardiology,0,65-79,0.442776400953311,High
44,Female,31.1,129,108,141,0,2,1,5,Respiratory,Cardiology,0,35-49,0.16645723650030958,Medium
63,Male,30.1,121,125,142,0,1,0,2,Hypertension,Surgery,0,50-64,0.11615159200672891,Low
61,Female,29.8,157,127,187,0,0,1,10,Hypertension,Cardiology,1,50-64,0.2361018571897151,Medium
65,Female,26.4,125,97,151,1,0,2,7,Cardiac,Cardiology,1,65-79,0.5065947102636154,High
56,Female,22.4,113,99,199,1,7,1,2,Other,Cardiology,0,50-64,0.14515456625155318,Low
67,Female,22.6,110,116,209,1,7,3,3,Cardiac,Surgery,1,65-79,0.5420433838165105,High
44,Male,32.7,90,88,124,0,5,1,4,Hypertension,General Medicine,0,35-49,0.11264039018180114,Low
56,Male,29.3,120,101,172,0,0,0,2,Respiratory,Cardiology,0,50-64,0.13532121327784224,Low
60,Female,28.8,122,99,205,0,7,0,16,Other,Pulmonology,0,50-64,0.15534267302415194,Medium
69,Female,26.8,129,130,192,0,1,2,7,Other,General Medicine,0,65-79,0.3983974178530334,High
41,Male,20.3,96,79,113,1,6,0,3,Respiratory,Cardiology,0,35-49,0.0747647628860819,Low
69,Female,29.0,131,82,236,0,6,0,3,Other,General Medicine,0,65-79,0.1363072728004141,Low
93,Female,18.9,124,108,165,1,7,1,8,Cardiac,General Medicine,1,80+,0.517211752062542,High
66,Male,33.1,119,115,217,0,3,3,6,Other,Surgery,0,65-79,0.43252251714408474,High
43,Female,22.8,131,127,228,0,4,0,2,Hypertension,Endocrinology,0,35-49,0.07366908843079666,Low
62,Male,26.0,132,100,119,0,5,1,3,Other,General Medicine,0,50-64,0.17639676817746808,Medium
80,Female,34.0,111,113,219,0,3,5,13,Other,Endocrinology,1,80+,0.8306741346075847,High
58,Male,31.6,134,118,141,0,4,1,1,Respiratory,Surgery,0,50-64,0.17245965765536328,Medium
39,Female,37.8,123,125,228,1,7,0,3,Other,General Medicine,0,35-49,0.055049438319308974,Low
72,Male,27.0,138,78,232,0,4,2,2,Cardiac,General Medicine,1,65-79,0.4685487861072452,High
59,Male,27.9,119,138,203,1,1,4,3,Other,General Medicine,1,50-64,0.5324076249979098,High
46,Female,26.0,95,86,161,0,1,1,7,Other,Endocrinology,1,35-49,0.17405851025232458,Medium
54,Male,23.4,93,76,208,0,5,1,4,Other,General Medicine,0,50-64,0.1578607324958718,Medium
76,Male,28.2,129,110,149,1,1,3,5,Cardiac,Surgery,1,65-79,0.6492654521063759,High
62,Female,22.0,119,88,150,0,5,0,10,Other,Surgery,0,50-64,0.1371432151985111,Low
74,Female,32.2,137,112,264,0,1,2,4,Cardiac,Surgery,1,65-79,0.5268382732903454,High
38,Female,31.0,119,91,180,0,0,0,2,Other,Pulmonology,0,35-49,0.08215109730431237,Low
64,Female,24.0,135,65,115,0,6,2,1,Other,Surgery,0,50-64,0.25958778287335865,Medium
46,Male,28.3,138,110,147,1,0,0,2,Cardiac,Pulmonology,0,35-49,0.14808355665898013,Low
64,Female,30.3,143,113,225,0,2,1,10,Hypertension,Cardiology,1,50-64,0.2381847124859665,Medium
61,Female,21.9,115,103,220,1,5,1,8,Cardiac,Surgery,1,50-64,0.29987807883762513,Medium
52,Male,17.0,109,77,197,0,3,0,7,Hypertension,General Medicine,0,50-64,0.10615338135786187,Low
51,Male,30.5,132,115,151,0,7,0,6,Other,General Medicine,0,50-64,0.08154434009788683,Low
38,Male,37.9,115,110,190,0,0,1,9,Other,General Medicine,0,35-49,0.13367979536522576,Low
42,Male,30.5,105,98,163,0,1,0,2,Diabetes,Endocrinology,0,35-49,0.10400498432125381,Low
69,Female,28.6,129,95,203,0,2,2,11,Respiratory,Cardiology,1,65-79,0.45823217007989947,High
37,Female,20.2,136,135,172,0,3,0,4,Other,Pulmonology,0,35-49,0.07707857151044398,Low
45,Female,19.6,107,141,171,0,3,0,7,Other,Surgery,0,35-49,0.0924250545011291,Low
54,Female,32.8,113,106,160,0,3,1,3,Diabetes,Pulmonology,0,50-64,0.2299185364269771,Medium
63,Female,27.7,109,130,160,0,7,1,6,Other,General Medicine,0,50-64,0.1969473016378076,Medium
24,Male,31.7,98,126,209,0,6,0,1,Other,Pulmonology,0,18-34,0.04015802786719524,Low
69,Male,25.4,128,65,245,0,2,3,4,Hypertension,Surgery,0,65-79,0.44437223113617874,High
57,Female,27.5,136,78,231,0,4,1,4,Hypertension,Pulmonology,0,50-64,0.18091982430878312,Medium
62,Male,29.3,133,71,217,0,6,2,14,Cardiac,Cardiology,1,50-64,0.4515995759291878,High
65,Male,21.2,135,104,173,0,5,3,4,Cardiac,Cardiology,1,65-79,0.5583408540507065,High
49,Female,32.4,133,151,188,1,7,2,7,Diabetes,Surgery,0,35-49,0.24618106741951312,Medium
46,Female,31.6,114,65,188,0,0,1,4,Respiratory,General Medicine,0,35-49,0.18911773422760766,Medium
70,Male,36.5,102,145,148,0,3,3,2,Diabetes,Surgery,1,65-79,0.5130593098994862,High
74,Female,23.0,123,81,255,1,1,0,4,Other,Cardiology,0,65-79,0.18651338038993195,Medium
66,Male,28.3,112,110,218,0,6,2,4,Respiratory,Cardiology,0,65-79,0.33355776300635737,Medium
58,Male,24.2,124,65,156,0,6,0,9,Other,General Medicine,0,50-64,0.11394212276514465,Low
66,Male,24.7,145,77,211,0,1,1,5,Hypertension,General Medicine,0,65-79,0.22370061973784244,Medium
63,Female,26.4,126,99,188,1,7,1,6,Hypertension,Surgery,0,50-64,0.16611242767458326,Medium
88,Female,25.3,153,95,150,1,0,2,2,Other,Pulmonology,1,80+,0.5079143173958915,High
85,Female,28.0,148,100,219,1,5,3,8,Respiratory,Surgery,0,80+,0.6151078433463302,High
83,Male,28.3,136,147,147,1,6,2,2,Diabetes,Cardiology,1,80+,0.44078294395911605,High
70,Male,32.2,102,69,198,0,7,3,8,Other,Cardiology,1,65-79,0.45034327468316876,High
87,Male,28.4,140,130,177,0,1,0,1,Other,General Medicine,1,80+,0.22388694170154363,Medium
56,Male,29.9,105,124,179,0,5,0,7,Other,Cardiology,0,50-64,0.10592419727015286,Low
60,Female,34.8,148,140,200,0,1,1,4,Hypertension,Cardiology,0,50-64,0.19302047436702285,Medium
45,Male,31.3,132,102,210,1,6,0,2,Other,General Medicine,0,35-49,0.06190921533826543,Low
47,Male,21.8,129,78,252,0,6,1,3,Hypertension,Surgery,0,35-49,0.10689904009008612,Low
72,Male,30.3,134,101,210,1,4,3,6,Cardiac,Surgery,1,65-79,0.5927572736137203,High
38,Female,19.9,112,86,175,0,2,0,3,Cardiac,Cardiology,0,35-49,0.12738988429882186,Low
71,Male,31.7,117,131,271,0,3,0,1,Diabetes,Pulmonology,0,65-79,0.2005326834050924,Medium
37,Male,21.3,109,147,145,0,0,0,4,Other,Cardiology,0,35-49,0.07622156447593859,Low
63,Female,25.3,131,145,212,0,7,2,2,Diabetes,Endocrinology,0,50-64,0.3399633178768533,Medium
81,Male,32.8,119,151,209,0,0,1,1,Diabetes,Pulmonology,1,80+,0.394142804245963,High
44,Male,29.1,143,114,144,0,2,2,5,Hypertension,Surgery,1,35-49,0.18348020826719794,Medium
68,Male,22.9,121,107,214,0,5,1,5,Other,General Medicine,0,65-79,0.21891824863320297,Medium
33,Female,34.3,121,74,176,0,5,0,5,Diabetes,General Medicine,0,18-34,0.07679365143169417,Low
55,Male,33.0,131,119,167,0,5,2,3,Diabetes,Cardiology,0,50-64,0.28096864800384735,Medium
61,Male,35.8,117,126,211,0,4,0,2,Other,Surgery,0,50-64,0.10028421712359226,Low
69,Male,25.8,140,65,224,0,6,3,4,Cardiac,General Medicine,1,65-79,0.5718479652340243,High
66,Male,26.6,125,114,214,0,7,2,4,Cardiac,General Medicine,0,65-79,0.4118067073910303,High
78,Female,35.1,115,149,208,0,1,4,5,Cardiac,General Medicine,1,65-79,0.8058865629082924,High
39,Male,33.1,111,136,237,0,3,1,1,Hypertension,Endocrinology,0,35-49,0.09942929815145936,Low
65,Female,32.9,123,134,212,0,7,0,3,Cardiac,Endocrinology,1,65-79,0.19521433563105084,Medium
43,Male,16.0,116,115,190,1,2,1,4,Other,Endocrinology,0,35-49,0.13224854070727773,Low
92,Female,31.5,141,138,191,1,5,2,2,Other,General Medicine,1,80+,0.4581809865794404,High
75,Male,21.7,145,96,201,0,3,0,3,Hypertension,General Medicine,0,65-79,0.16101242739611224,Medium
71,Female,26.2,134,103,217,0,7,2,4,Other,Surgery,0,65-79,0.30899158459287684,Medium
84,Male,37.8,121,80,205,0,1,0,6,Cardiac,Endocrinology,1,80+,0.34898298505735936,High
64,Female,24.6,128,65,203,0,4,0,3,Cardiac,Pulmonology,0,50-64,0.2284683313534345,Medium
61,Female,27.7,120,129,168,0,2,0,3,Other,Pulmonology,0,50-64,0.14286930497628406,Low
74,Female,27.1,139,91,225,0,5,1,4,Cardiac,Surgery,0,65-79,0.35577068309768667,High
43,Female,22.0,124,106,150,1,6,1,4,Respiratory,Pulmonology,0,35-49,0.14763463133975377,Low
47,Female,26.8,125,83,147,0,3,1,2,Other,Pulmonology,0,35-49,0.14875308979769247,Low
79,Male,44.2,141,136,160,0,2,4,4,Hypertension,Endocrinology,1,65-79,0.6422530067806598,High
64,Female,32.1,134,106,222,0,3,1,9,Diabetes,General Medicine,0,50-64,0.2998132567239893,Medium
47,Male,21.4,136,69,232,0,6,1,15,Other,Endocrinology,1,35-49,0.1618101478790884,Medium
48,Female,35.4,90,165,169,0,4,0,4,Respiratory,General Medicine,0,35-49,0.109884078468847,Low
31,Male,27.0,94,132,210,1,0,1,2,Other,Cardiology,0,18-34,0.09530773513487426,Low
29,Female,32.5,113,90,219,1,5,0,1,Cardiac,Surgery,0,18-34,0.07160100363964396,Low
65,Male,35.1,154,108,161,0,1,3,3,Hypertension,Cardiology,1,65-79,0.41495209443460696,High
54,Female,20.8,141,65,230,0,5,0,1,Other,Endocrinology,0,50-64,0.09542838253825633,Low
28,Male,25.8,127,118,155,0,5,0,3,Other,General Medicine,0,18-34,0.04539592129236079,Low
44,Male,37.5,115,134,190,1,4,0,2,Other,Surgery,0,35-49,0.0603397813774337,Low
43,Male,30.5,125,121,151,0,3,1,4,Other,Pulmonology,0,35-49,0.12995697153194807,Low
58,Female,40.5,100,127,181,0,2,2,5,Other,Cardiology,0,50-64,0.291727391017025,Medium
50,Female,29.0,97,117,159,0,2,1,5,Cardiac,Endocrinology,0,50-64,0.2735106815954897,Medium
62,Female,20.8,90,97,191,0,5,1,3,Other,General Medicine,0,50-64,0.20306049159510578,Medium
66,Female,26.5,126,131,157,0,7,3,5,Cardiac,Cardiology,1,65-79,0.5672430255017028,High
54,Male,26.1,152,115,169,1,6,2,3,Hypertension,Endocrinology,0,50-64,0.19852171334079746,Medium
72,Female,22.5,141,65,182,0,4,1,6,Other,Pulmonology,0,65-79,0.27801215482716507,Medium
49,Male,37.8,119,152,155,0,2,0,1,Diabetes,Endocrinology,0,35-49,0.11142905737750478,Low
61,Female,16.0,151,81,216,1,0,1,3,Respiratory,General Medicine,0,50-64,0.2559568453390451,Medium
39,Male,16.0,134,81,141,0,7,0,8,Other,Pulmonology,0,35-49,0.07143309021481538,Low
46,Male,29.7,90,99,220,0,7,2,7,Other,General Medicine,0,35-49,0.19756106579056593,Medium
45,Male,31.1,129,119,248,0,0,2,3,Cardiac,Surgery,0,35-49,0.31438727736534694,Medium
64,Male,31.2,158,90,163,0,1,2,2,Diabetes,Surgery,0,50-64,0.3497138944598914,High
60,Female,30.0,128,170,242,0,0,1,1,Other,Endocrinology,1,50-64,0.21002542054058376,Medium
56,Male,25.5,104,112,219,1,0,0,10,Other,General Medicine,1,50-64,0.13859607229329332,Low
48,Female,22.8,92,81,180,0,5,0,3,Other,Surgery,0,35-49,0.08255709928956023,Low
66,Female,28.2,119,65,148,0,6,1,3,Other,Surgery,1,65-79,0.1871756530977099,Medium
77,Male,27.6,140,90,194,0,5,2,3,Other,Pulmonology,0,65-79,0.3751414251150418,High
64,Female,29.0,117,129,167,0,2,0,2,Other,General Medicine,0,50-64,0.14020370216458722,Low
50,Female,17.2,110,82,249,0,0,1,5,Other,Cardiology,0,50-64,0.18954801231645932,Medium
39,Female,19.5,117,89,160,0,5,0,5,Other,Endocrinology,0,35-49,0.0737434869582632,Low
63,Female,18.8,102,72,197,0,2,1,3,Cardiac,Cardiology,0,50-64,0.34360578087602195,High
50,Male,23.4,116,79,173,0,7,1,19,Other,Cardiology,0,50-64,0.18094742383720383,Medium
40,Male,21.9,145,115,236,0,5,2,2,Hypertension,Surgery,0,35-49,0.14320707761819895,Low
52,Female,26.7,121,113,199,0,4,5,5,Other,General Medicine,0,50-64,0.6272040608958273,High
65,Male,23.4,141,114,209,1,1,2,7,Other,Endocrinology,1,65-79,0.3426420066226527,High
28,Male,33.7,97,117,172,0,5,0,4,Other,Surgery,0,18-34,0.04302791927420518,Low
46,Male,22.6,120,65,193,0,6,1,5,Other,Surgery,0,35-49,0.11488080902670704,Low
70,Male,35.9,140,133,173,0,6,1,4,Cardiac,General Medicine,0,65-79,0.3097199806914441,Medium
46,Female,33.4,116,113,118,1,2,0,3,Other,Pulmonology,0,35-49,0.09032085146059808,Low
44,Male,30.3,94,69,211,0,5,2,3,Diabetes,General Medicine,0,35-49,0.2354714509321218,Medium
65,Male,21.1,119,104,144,0,7,0,9,Other,General Medicine,0,65-79,0.13396074543466585,Low
46,Male,27.8,102,100,165,0,7,5,3,Other,Cardiology,1,35-49,0.5161477343699143,High
42,Male,26.7,102,121,239,0,4,0,7,Other,Surgery,0,35-49,0.07372230743688511,Low
61,Male,23.3,146,76,180,0,1,1,6,Other,Cardiology,0,50-64,0.2100720091609942,Medium
45,Male,23.2,115,69,164,0,6,1,2,Other,Endocrinology,0,35-49,0.11344286491013139,Low
73,Female,24.3,129,112,192,0,6,1,3,Other,Cardiology,0,65-79,0.23424341161466525,Medium
61,Male,36.5,116,123,199,0,5,0,1,Other,General Medicine,0,50-64,0.10081130445750691,Low
63,Male,35.0,114,117,166,0,0,1,5,Other,General Medicine,0,50-64,0.22379579244444198,Medium
48,Female,31.5,128,69,231,1,6,2,3,Diabetes,General Medicine,1,35-49,0.2442983179189895,Medium
36,Female,24.9,116,108,201,0,6,1,6,Other,General Medicine,0,35-49,0.10581405227283798,Low
72,Female,34.9,112,116,199,1,7,2,3,Respiratory,Endocrinology,0,65-79,0.3622074336466048,High
48,Male,18.3,108,131,245,0,6,0,1,Other,General Medicine,0,35-49,0.07609141089385937,Low
59,Male,28.9,142,108,173,0,5,1,3,Diabetes,General Medicine,0,50-64,0.2083081535723042,Medium
45,Female,26.3,122,150,117,0,6,1,6,Diabetes,General Medicine,0,35-49,0.1718409613476792,Medium
44,Male,29.1,116,83,180,1,4,1,1,Diabetes,Cardiology,0,35-49,0.13928762369449563,Low
38,Male,28.5,100,88,205,0,1,0,1,Other,Pulmonology,0,35-49,0.07368782047676346,Low
78,Male,32.3,131,111,156,1,3,0,2,Other,Surgery,0,65-79,0.15220767307040264,Medium
50,Female,23.7,122,98,224,0,1,1,2,Diabetes,General Medicine,0,50-64,0.2144693162685028,Medium
63,Female,27.0,120,78,160,0,3,3,8,Diabetes,Cardiology,1,50-64,0.5462581879481156,High
82,Male,18.0,141,103,194,0,1,3,8,Hypertension,General Medicine,1,80+,0.6032883512599139,High
59,Female,26.4,121,92,197,0,0,2,3,Other,Cardiology,0,50-64,0.3143498273975871,Medium
72,Male,27.3,150,107,190,0,7,1,6,Other,General Medicine,0,65-79,0.21672543074351203,Medium
55,Male,28.8,116,121,139,1,3,0,3,Diabetes,Cardiology,0,50-64,0.1264637403869953,Low
50,Female,32.1,95,122,179,0,1,1,1,Other,General Medicine,0,50-64,0.1609760847733961,Medium
74,Female,25.6,120,132,202,1,2,1,2,Respiratory,General Medicine,0,65-79,0.3069323525901697,Medium
70,Male,32.6,141,142,110,0,1,0,5,Diabetes,Cardiology,0,65-79,0.2058378809650996,Medium
34,Male,30.4,114,76,131,0,0,0,2,Diabetes,General Medicine,0,18-34,0.08554325967563188,Low
27,Female,33.3,103,153,216,1,5,0,6,Diabetes,General Medicine,0,18-34,0.06654125897622867,Low
57,Female,32.7,129,101,139,1,7,2,2,Diabetes,Cardiology,1,50-64,0.2744405742929859,Medium
68,Male,29.1,108,96,166,1,4,3,8,Cardiac,Endocrinology,0,65-79,0.6110753880565183,High
71,Female,21.9,117,99,118,0,6,0,2,Diabetes,Surgery,0,65-79,0.17768034959965193,Medium
38,Male,30.7,121,95,233,0,1,1,4,Other,General Medicine,0,35-49,0.11659364488146327,Low
46,Male,23.9,116,70,242,0,3,2,3,Hypertension,Cardiology,1,35-49,0.19643845053642028,Medium
40,Female,27.5,122,98,200,1,0,1,1,Cardiac,General Medicine,0,35-49,0.20094383760372733,Medium
56,Female,26.4,127,101,192,1,2,2,2,Other,General Medicine,0,50-64,0.26338995597905646,Medium
77,Male,24.5,141,93,201,0,7,1,3,Hypertension,General Medicine,0,65-79,0.22257199186295368,Medium
59,Male,33.2,107,130,174,0,2,2,9,Other,Surgery,0,50-64,0.2965304758584948,Medium
41,Male,24.7,90,119,196,0,5,0,2,Respiratory,Surgery,0,35-49,0.07500536924672312,Low
57,Female,35.2,110,158,210,1,4,1,7,Other,Pulmonology,0,50-64,0.19417068014033226,Medium
50,Male,22.2,136,87,200,0,4,2,6,Other,Cardiology,0,50-64,0.22769725867361518,Medium
49,Male,29.9,101,103,152,0,2,3,4,Respiratory,Surgery,1,35-49,0.37132335429710633,High
72,Female,27.1,145,126,202,1,4,2,1,Hypertension,General Medicine,0,65-79,0.31827156521903754,Medium
28,Male,35.9,102,150,204,1,4,0,1,Diabetes,Cardiology,0,18-34,0.05598393639158503,Low
46,Female,21.8,109,138,169,0,1,1,15,Diabetes,Endocrinology,0,35-49,0.2685154950262958,Medium
53,Female,26.8,122,81,217,0,4,1,6,Other,General Medicine,0,50-64,0.17182526895868405,Medium
59,Female,20.0,106,85,245,0,4,0,1,Cardiac,General Medicine,1,50-64,0.19236161639385052,Medium
45,Male,31.0,96,111,181,0,4,3,3,Diabetes,Endocrinology,1,35-49,0.36464345510118484,High
35,Female,29.0,96,98,137,1,6,1,2,Cardiac,Endocrinology,0,35-49,0.14985459670748957,Low
60,Female,25.3,159,126,205,0,4,1,3,Hypertension,Cardiology,0,50-64,0.17329386491019064,Medium
65,Female,25.0,120,89,199,0,6,0,11,Other,Endocrinology,1,65-79,0.15617687225435428,Medium
32,Male,24.0,90,106,209,0,3,2,4,Other,Cardiology,0,18-34,0.1550774423032028,Medium
54,Male,20.9,102,83,208,0,1,1,3,Other,General Medicine,0,50-64,0.17999317160351255,Medium
32,Male,34.4,90,129,208,0,0,1,4,Other,General Medicine,0,18-34,0.10653815205526751,Low
61,Female,21.7,128,87,231,0,6,0,1,Other,General Medicine,0,50-64,0.11005227340601367,Low
18,Male,26.0,105,81,115,0,0,0,3,Other,General Medicine,0,18-34,0.04376224437752594,Low
39,Male,31.6,121,66,166,0,7,2,6,Cardiac,Endocrinology,1,35-49,0.2501172491945704,Medium
79,Female,26.9,169,115,139,1,4,2,5,Hypertension,General Medicine,1,65-79,0.38131606758491515,High
52,Male,32.0,119,94,230,0,6,2,7,Other,Endocrinology,0,50-64,0.22781024056318377,Medium
56,Male,30.4,119,95,220,0,5,1,5,Diabetes,Endocrinology,0,50-64,0.20962565034433622,Medium
23,Female,34.3,102,98,176,0,7,0,3,Diabetes,Endocrinology,0,18-34,0.05310172663825578,Low
74,Male,21.5,139,81,234,0,5,0,3,Other,Pulmonology,0,65-79,0.1633237558687401,Medium
60,Male,28.0,107,67,172,1,7,2,4,Respiratory,Surgery,0,50-64,0.26290748264338104,Medium
59,Female,34.9,136,147,145,1,4,0,2,Diabetes,Pulmonology,0,50-64,0.1460258555597089,Low
57,Male,29.6,135,123,218,0,1,2,4,Diabetes,General Medicine,1,50-64,0.3467247889864003,High
50,Male,26.4,125,127,206,0,6,0,3,Other,Endocrinology,0,50-64,0.08027067845788165,Low
78,Male,24.4,114,100,137,1,0,0,2,Respiratory,Surgery,0,65-79,0.21319349268923612,Medium
71,Male,26.6,151,100,175,0,0,1,11,Other,Pulmonology,0,65-79,0.31586645893143744,Medium
73,Female,32.6,135,166,216,0,4,1,10,Other,Surgery,0,65-79,0.26858281376286736,Medium
52,Female,32.5,137,117,152,0,7,4,3,Other,Endocrinology,0,50-64,0.4372404785351683,High
53,Male,26.6,115,100,210,0,3,0,6,Other,Cardiology,0,50-64,0.10400802737743375,Low
64,Male,26.6,116,65,116,0,2,1,1,Cardiac,Cardiology,0,50-64,0.30435879949311556,Medium
37,Female,24.1,125,103,172,0,6,0,2,Other,General Medicine,0,35-49,0.05922548097271063,Low
61,Female,29.3,120,115,174,0,2,0,3,Other,Pulmonology,0,50-64,0.14161213370326176,Low
74,Female,25.5,107,136,167,0,2,3,5,Other,Surgery,1,65-79,0.5295191957363956,High
60,Male,20.9,116,89,195,0,2,1,2,Other,Cardiology,0,50-64,0.18911089933466257,Medium
85,Male,23.7,116,87,236,0,7,2,5,Other,Endocrinology,0,80+,0.42010571966243404,High
30,Female,28.7,98,89,169,0,2,1,2,Other,Endocrinology,0,18-34,0.09760123999564863,Low
38,Female,24.6,103,97,177,1,4,2,3,Respiratory,Endocrinology,1,35-49,0.20644000503362975,Medium
42,Female,31.6,118,119,151,0,3,1,1,Other,Endocrinology,0,35-49,0.1201118592992252,Low
64,Female,30.0,110,112,214,0,0,0,1,Respiratory,Cardiology,1,50-64,0.17458911120882786,Medium
66,Female,16.0,127,65,207,1,0,1,2,Cardiac,General Medicine,0,65-79,0.36565480471037903,High
61,Female,25.8,102,98,231,0,2,0,3,Cardiac,Endocrinology,1,50-64,0.2245083387760394,Medium
73,Female,30.8,139,190,212,0,6,3,11,Other,General Medicine,1,65-79,0.5245245327623285,High
65,Female,22.0,124,65,206,0,1,0,12,Other,General Medicine,0,65-79,0.1923449102738857,Medium
42,Female,29.5,156,137,192,0,6,0,5,Other,General Medicine,0,35-49,0.06908907301903879,Low
51,Female,25.1,131,84,185,1,5,2,3,Other,General Medicine,0,50-64,0.21687779873641994,Medium
55,Male,29.0,124,106,272,1,3,0,2,Respiratory,Endocrinology,1,50-64,0.11519026993119268,Low
26,Female,21.9,100,117,196,1,6,0,2,Cardiac,Cardiology,0,18-34,0.07411357567460726,Low
55,Female,33.7,116,86,199,1,5,1,3,Diabetes,General Medicine,0,50-64,0.1958589188257317,Medium
57,Male,20.8,104,81,168,0,6,2,5,Other,General Medicine,0,50-64,0.2550039972600876,Medium
49,Male,29.8,116,96,190,0,4,2,4,Other,Endocrinology,1,35-49,0.21639640402526403,Medium
38,Male,31.4,107,149,242,1,4,0,6,Cardiac,General Medicine,1,35-49,0.1099877897849472,Low
43,Male,25.5,105,122,140,1,5,1,6,Diabetes,Endocrinology,0,35-49,0.15653929028420926,Medium
53,Male,26.6,111,138,110,1,5,0,1,Other,General Medicine,0,50-64,0.0818851552841788,Low
30,Female,22.8,96,143,173,1,2,0,7,Respiratory,Surgery,0,18-34,0.07473288606330115,Low
62,Female,29.7,120,99,213,0,3,6,4,Respiratory,Cardiology,1,50-64,0.8232692803915114,High
59,Male,17.2,128,65,141,0,4,1,7,Other,General Medicine,0,50-64,0.19472881589178737,Medium
62,Female,30.1,116,76,199,1,4,0,4,Diabetes,Endocrinology,0,50-64,0.1623597997251077,Medium
44,Male,28.6,114,122,190,1,3,1,4,Other,Surgery,1,35-49,0.11309682744379554,Low
46,Female,18.4,128,114,160,0,5,1,7,Other,Pulmonology,1,35-49,0.1574675257038215,Medium
24,Female,26.2,113,138,151,0,2,0,2,Hypertension,General Medicine,0,18-34,0.047460417601012994,Low
41,Female,32.6,126,124,181,0,2,0,4,Diabetes,Surgery,0,35-49,0.09800382038980641,Low
27,Male,29.9,121,101,224,0,6,0,1,Other,Cardiology,0,18-34,0.038850341063326334,Low
82,Female,32.4,140,97,217,1,7,2,3,Other,General Medicine,0,80+,0.370980657076288,High
57,Male,25.9,131,106,201,0,2,2,4,Other,Surgery,0,50-64,0.25762495722812884,Medium
71,Female,25.5,145,132,218,0,1,1,1,Respiratory,General Medicine,0,65-79,0.29693857833698417,Medium
63,Male,26.0,156,114,201,0,5,1,12,Hypertension,General Medicine,0,50-64,0.2085400017793399,Medium
59,Male,27.0,133,78,144,0,0,1,3,Other,General Medicine,1,50-64,0.1968528241295155,Medium
45,Male,28.5,128,116,187,0,7,1,2,Other,Pulmonology,0,35-49,0.11147968853594126,Low
19,Female,26.2,131,110,164,0,3,1,6,Other,General Medicine,0,18-34,0.07468718166875743,Low
34,Female,22.0,120,119,226,0,1,0,7,Hypertension,Endocrinology,0,18-34,0.07626192897611389,Low
29,Male,25.7,93,138,159,0,0,1,11,Other,General Medicine,0,18-34,0.1219017389871095,Low
48,Male,18.1,91,144,206,0,0,0,3,Other,Surgery,0,35-49,0.09757303515997333,Low
75,Female,25.5,125,94,222,0,6,1,3,Other,Cardiology,1,65-79,0.24444955190737885,Medium
32,Male,28.7,105,107,228,0,3,1,8,Other,General Medicine,0,18-34,0.10497318936342374,Low
55,Male,27.1,115,134,166,1,3,1,4,Cardiac,Cardiology,0,50-64,0.25180273994606805,Medium
78,Female,21.3,151,65,195,0,1,1,4,Other,Cardiology,0,65-79,0.30944507243263547,Medium
34,Male,26.8,104,96,196,0,6,1,4,Other,General Medicine,0,18-34,0.08876940915772899,Low
58,Male,31.4,126,105,247,0,5,0,1,Cardiac,General Medicine,1,50-64,0.15722701063539024,Medium
45,Female,19.3,90,65,168,0,3,3,7,Respiratory,General Medicine,0,35-49,0.4090180245773889,High
71,Male,29.1,132,83,180,0,2,2,6,Diabetes,General Medicine,1,65-79,0.4451070086793545,High
53,Female,28.9,106,65,270,0,0,0,6,Other,General Medicine,1,50-64,0.1286069694076573,Low
39,Male,27.9,140,89,118,0,7,1,5,Hypertension,Cardiology,0,35-49,0.08834594894685133,Low
30,Female,32.8,109,107,228,0,1,0,5,Other,Surgery,0,18-34,0.0596905897667869,Low
74,Female,27.9,124,65,169,0,5,1,4,Cardiac,Cardiology,0,65-79,0.3726157749784465,High
58,Female,28.6,104,110,186,1,0,0,3,Other,Cardiology,0,50-64,0.12767481809640624,Low
51,Male,32.9,102,118,206,0,3,0,1,Diabetes,General Medicine,0,50-64,0.11606442230135827,Low
26,Female,30.8,118,102,163,0,2,1,4,Diabetes,Endocrinology,0,18-34,0.11885703588471849,Low
53,Female,26.8,127,109,193,1,0,0,1,Other,General Medicine,0,50-64,0.10673076178022728,Low
47,Male,31.8,161,114,126,0,5,1,5,Other,Cardiology,0,35-49,0.1186881008757101,Low
73,Female,24.1,130,108,198,1,5,5,4,Respiratory,General Medicine,0,65-79,0.7703778844186306,High
55,Female,30.0,129,111,198,0,5,2,5,Other,Cardiology,0,50-64,0.2505042492606073,Medium
46,Female,29.9,94,88,161,0,3,0,9,Diabetes,General Medicine,0,35-49,0.13649004574231363,Low
23,Female,34.8,122,145,179,0,0,2,2,Diabetes,Cardiology,1,18-34,0.17212453276148826,Medium
65,Male,24.4,129,117,198,0,6,1,10,Other,Surgery,1,65-79,0.2033626843104145,Medium
71,Male,31.2,116,166,240,0,1,2,2,Diabetes,Cardiology,1,65-79,0.4304869024496741,High
90,Female,22.7,130,128,197,0,1,1,6,Cardiac,General Medicine,0,80+,0.5577587072165185,High
38,Female,28.3,123,108,252,1,7,0,4,Other,General Medicine,0,35-49,0.05768026011705138,Low
60,Male,22.5,112,65,203,0,4,1,3,Other,General Medicine,0,50-64,0.18148487815400252,Medium
53,Female,30.8,127,96,216,0,0,2,4,Other,Pulmonology,0,50-64,0.2977503322314459,Medium
53,Female,17.6,136,83,184,0,3,1,6,Hypertension,Surgery,0,50-64,0.16335939641200298,Medium
63,Female,21.7,126,156,207,0,0,0,1,Diabetes,Endocrinology,0,50-64,0.19547992641837272,Medium
77,Male,20.1,149,112,204,1,2,0,3,Respiratory,Surgery,0,65-79,0.19521212660140272,Medium
47,Male,27.9,135,139,252,0,6,0,14,Other,Endocrinology,1,35-49,0.09701528237137745,Low
67,Male,23.8,145,88,250,1,5,3,11,Cardiac,Surgery,0,65-79,0.5859241282757822,High
57,Male,19.8,107,145,192,0,4,1,5,Diabetes,Cardiology,0,50-64,0.23034893009471258,Medium
46,Female,27.1,125,110,162,0,0,3,6,Diabetes,Cardiology,0,35-49,0.443650326978785,High
47,Female,27.6,115,93,155,0,7,0,1,Diabetes,Cardiology,0,35-49,0.09437534241105537,Low
59,Male,30.0,125,137,193,1,5,1,3,Respiratory,Surgery,0,50-64,0.1742950723107836,Medium
56,Male,33.0,136,94,196,1,1,0,4,Diabetes,Surgery,1,50-64,0.13035197074918117,Low
55,Female,26.8,126,113,229,0,1,0,1,Other,Cardiology,1,50-64,0.11166637281702257,Low
94,Male,32.6,143,99,240,0,7,1,8,Hypertension,Pulmonology,0,80+,0.3580775788278252,High
68,Female,35.4,124,125,208,0,2,0,1,Other,Surgery,1,65-79,0.13565620189109615,Low
51,Female,21.7,102,122,205,0,6,0,9,Other,General Medicine,0,50-64,0.10776879306884615,Low
62,Female,29.0,125,83,152,0,6,1,7,Other,Endocrinology,1,50-64,0.20053251919470932,Medium
63,Male,26.5,114,65,156,0,2,2,3,Cardiac,General Medicine,1,50-64,0.44092353671577195,High
95,Female,18.2,120,65,235,0,7,2,3,Cardiac,Surgery,1,80+,0.622212197853592,High
26,Male,16.0,104,82,195,0,6,1,2,Other,General Medicine,0,18-34,0.07172056598852732,Low
59,Male,25.5,118,133,201,0,5,1,6,Hypertension,Cardiology,0,50-64,0.1706411665829313,Medium
41,Male,27.0,104,65,203,0,4,1,4,Other,Surgery,1,35-49,0.10681236806743966,Low
70,Female,29.9,130,190,206,0,5,1,4,Diabetes,General Medicine,1,65-79,0.2932973116190442,Medium
44,Male,20.7,126,120,189,0,0,2,6,Other,Pulmonology,1,35-49,0.2519723126084417,Medium
57,Female,27.0,124,126,205,0,0,2,10,Other,Surgery,0,50-64,0.3305765821598282,Medium
65,Female,33.0,123,161,203,0,3,0,1,Diabetes,Surgery,0,65-79,0.1613304762612617,Medium
53,Female,28.6,112,88,157,0,1,0,6,Other,General Medicine,0,50-64,0.1223830850643924,Low
55,Male,19.7,130,98,129,0,5,0,6,Other,General Medicine,0,50-64,0.10363635548444577,Low
62,Female,35.1,137,85,165,0,0,1,2,Other,Endocrinology,0,50-64,0.2147593568848182,Medium
58,Male,29.8,118,99,247,0,1,1,1,Other,General Medicine,0,50-64,0.1791748296217482,Medium
78,Male,24.1,122,103,176,0,6,0,2,Hypertension,Surgery,0,65-79,0.14230527080600414,Low
51,Female,29.5,117,110,223,1,6,0,6,Respiratory,General Medicine,0,50-64,0.10867714911682617,Low
54,Male,19.2,118,102,180,0,4,1,4,Other,Endocrinology,0,50-64,0.16463381668846502,Medium
43,Male,27.4,158,112,172,0,7,0,5,Other,General Medicine,0,35-49,0.06305477915633176,Low
79,Male,38.5,143,114,156,0,6,1,8,Other,General Medicine,0,65-79,0.26269376804450445,Medium
38,Female,28.0,91,133,174,1,5,1,2,Respiratory,General Medicine,0,35-49,0.12269424160366132,Low
54,Male,22.3,120,106,178,0,1,1,4,Other,General Medicine,1,50-64,0.1796573707693988,Medium
83,Male,32.5,140,118,231,0,1,0,3,Cardiac,Endocrinology,0,80+,0.32582344793439555,Medium
25,Female,25.2,120,105,154,0,6,1,3,Diabetes,Endocrinology,0,18-34,0.09821896722385179,Low
32,Female,16.0,107,99,152,0,6,1,4,Other,General Medicine,1,18-34,0.09526493669470774,Low
24,Male,30.4,109,93,183,0,3,0,1,Hypertension,Surgery,0,18-34,0.036856510537519094,Low
66,Male,21.9,127,118,197,1,6,0,9,Cardiac,Surgery,0,65-79,0.20470905690443228,Medium
30,Male,32.4,109,129,120,0,4,1,2,Diabetes,Endocrinology,0,18-34,0.10758487897874457,Low
39,Male,24.0,116,65,188,0,7,1,3,Other,Endocrinology,0,35-49,0.09520955886482103,Low
57,Male,26.6,141,94,154,0,7,1,4,Hypertension,Surgery,0,50-64,0.13032757149053317,Low
22,Female,36.9,95,105,188,0,3,1,5,Respiratory,Surgery,0,18-34,0.08796619266164361,Low
34,Male,37.9,90,157,206,0,3,0,8,Diabetes,Endocrinology,0,18-34,0.08995601550800092,Low
47,Female,31.0,129,96,233,0,3,0,1,Diabetes,Pulmonology,0,35-49,0.11791621039203079,Low
87,Male,34.0,148,91,233,0,2,0,1,Cardiac,Cardiology,1,80+,0.31647853547084304,Medium
47,Female,25.6,145,89,239,0,1,1,9,Hypertension,Surgery,0,35-49,0.15703721861246284,Medium
28,Male,24.0,101,86,216,1,5,0,2,Other,General Medicine,0,18-34,0.04378264411360627,Low
76,Male,21.7,98,65,205,0,4,0,6,Cardiac,General Medicine,0,65-79,0.2910001924838396,Medium
37,Female,24.6,108,90,146,0,0,1,4,Diabetes,General Medicine,1,35-49,0.1731690422547129,Medium
62,Female,26.0,113,84,225,1,2,1,4,Cardiac,General Medicine,1,50-64,0.32468773086924607,Medium
59,Male,20.8,155,79,164,1,7,0,2,Hypertension,Surgery,0,50-64,0.07752326381982237,Low
51,Female,27.8,97,76,185,0,4,0,2,Respiratory,Endocrinology,0,50-64,0.11614550779058569,Low
71,Male,33.4,104,139,193,1,5,0,2,Cardiac,Surgery,0,65-79,0.19903808278815457,Medium
65,Female,27.8,120,123,174,0,4,1,10,Other,Surgery,0,65-79,0.2321828495074848,Medium
53,Male,23.1,114,90,268,0,7,0,6,Cardiac,Endocrinology,0,50-64,0.15442686672312606,Medium
50,Female,27.6,96,102,213,0,4,2,3,Respiratory,General Medicine,0,50-64,0.2762793520730277,Medium
18,Female,33.9,125,139,207,0,7,0,2,Diabetes,General Medicine,0,18-34,0.04360327875968494,Low
60,Female,19.2,150,89,205,1,5,2,5,Hypertension,General Medicine,0,50-64,0.2668118180326419,Medium
52,Male,23.2,132,117,182,1,7,2,2,Hypertension,General Medicine,0,50-64,0.1828508452277485,Medium
59,Female,30.2,102,128,165,1,2,1,3,Diabetes,Surgery,0,50-64,0.23133079530915804,Medium
60,Male,26.4,90,123,153,0,1,1,2,Other,Pulmonology,0,50-64,0.21332823715627564,Medium
37,Male,24.0,105,84,200,1,2,3,4,Cardiac,Endocrinology,1,35-49,0.39350392657676847,High
46,Male,34.5,130,155,181,1,6,1,7,Diabetes,Pulmonology,0,35-49,0.1643723274182833,Medium
40,Male,34.1,119,125,195,0,5,0,4,Other,Endocrinology,0,35-49,0.06372058010547005,Low
44,Male,22.5,90,86,215,1,6,0,2,Cardiac,General Medicine,0,35-49,0.11272803970998263,Low
55,Female,28.3,108,99,127,0,2,2,7,Diabetes,Cardiology,0,50-64,0.36502167870388846,High
45,Male,34.8,100,121,192,0,2,2,4,Other,Endocrinology,0,35-49,0.21223649477283343,Medium
22,Male,21.5,116,66,170,0,2,1,1,Other,Pulmonology,0,18-34,0.07634140498787573,Low
68,Female,28.3,99,85,225,1,2,2,4,Other,General Medicine,1,65-79,0.3548937835519022,High
81,Male,29.0,111,98,219,1,4,2,2,Cardiac,Pulmonology,1,80+,0.5462336683203766,High
22,Female,20.0,125,110,122,1,4,2,1,Cardiac,Cardiology,0,18-34,0.17732146390867443,Medium
31,Male,31.1,100,88,224,0,2,2,9,Other,Cardiology,0,18-34,0.16935408590179565,Medium
73,Male,33.0,113,117,215,0,2,3,8,Other,Surgery,1,65-79,0.5104971333264859,High
49,Male,29.0,129,65,208,0,1,2,4,Other,General Medicine,1,35-49,0.23517944482793213,Medium
77,Female,26.1,130,105,211,0,1,1,1,Cardiac,General Medicine,0,65-79,0.42419726182446904,High
60,Female,28.1,120,119,130,0,2,1,3,Other,Cardiology,1,50-64,0.19983663308058705,Medium
73,Female,33.8,139,142,152,0,4,0,2,Diabetes,General Medicine,0,65-79,0.20041758627982342,Medium
73,Male,26.6,90,110,233,0,0,1,2,Other,Surgery,0,65-79,0.2607089992067442,Medium
55,Female,25.8,124,65,198,0,4,2,3,Other,Cardiology,0,50-64,0.2527218384581674,Medium
79,Female,32.8,124,121,173,0,2,2,5,Respiratory,Surgery,0,65-79,0.46837808444656565,High
21,Male,24.8,97,79,145,0,3,2,4,Other,Pulmonology,0,18-34,0.12580846420486044,Low
72,Male,30.3,118,126,196,0,5,0,2,Diabetes,General Medicine,0,65-79,0.18320788296953824,Medium
65,Female,29.9,111,126,239,0,5,2,3,Cardiac,General Medicine,1,65-79,0.44208476100945865,High
68,Male,33.4,122,92,242,0,0,2,5,Cardiac,Surgery,1,65-79,0.48344133255087685,High
61,Female,25.4,110,87,118,0,3,0,2,Cardiac,Endocrinology,1,50-64,0.2088397072387157,Medium
35,Female,28.5,118,112,119,0,4,0,3,Other,General Medicine,0,35-49,0.06184970279334094,Low
73,Male,24.6,155,82,236,0,5,0,4,Other,Surgery,0,65-79,0.13782241323635527,Low
34,Female,31.2,120,84,124,0,6,0,5,Other,General Medicine,0,18-34,0.05707779985521503,Low
77,Female,29.0,150,113,146,0,0,2,6,Hypertension,Endocrinology,0,65-79,0.4384874677920432,High
50,Male,23.4,132,126,208,0,5,2,3,Other,Cardiology,0,50-64,0.20640267504088536,Medium
60,Male,34.8,113,113,228,0,3,4,3,Diabetes,Endocrinology,0,50-64,0.6034780544893378,High
52,Female,23.0,109,109,183,0,2,0,2,Other,General Medicine,0,50-64,0.10726707282693797,Low
20,Male,26.2,90,98,129,0,6,0,6,Other,General Medicine,0,18-34,0.03937002230767245,Low
68,Male,25.2,141,96,202,0,6,4,4,Other,Endocrinology,0,65-79,0.5581672296969503,High
44,Male,22.9,138,131,237,1,0,1,1,Cardiac,Pulmonology,0,35-49,0.2207488251660272,Medium
38,Male,30.7,126,103,181,0,5,2,1,Diabetes,Surgery,0,35-49,0.17743056273687005,Medium
56,Female,24.2,90,97,205,0,4,0,10,Diabetes,Endocrinology,0,50-64,0.1795030036092663,Medium
45,Male,27.6,125,104,225,0,7,1,2,Other,General Medicine,0,35-49,0.10495408170490153,Low
54,Female,25.7,134,99,169,0,0,3,7,Other,Surgery,0,50-64,0.4123911362138637,High
43,Male,23.5,132,97,241,0,4,1,5,Diabetes,Surgery,0,35-49,0.15022520954105759,Low
46,Female,32.2,146,108,209,0,7,0,2,Other,Endocrinology,0,35-49,0.06870985078166507,Low
40,Female,29.3,138,95,171,1,1,0,1,Cardiac,Surgery,0,35-49,0.11104020339110919,Low
49,Male,30.1,124,87,224,0,1,0,5,Hypertension,Cardiology,0,35-49,0.0920645478693179,Low
47,Male,24.0,130,73,110,0,5,0,1,Cardiac,Endocrinology,0,35-49,0.12314513114459828,Low
40,Female,21.3,126,96,213,1,3,0,2,Respiratory,Cardiology,0,35-49,0.08412233192981822,Low
64,Male,30.8,131,110,183,0,4,0,1,Other,Surgery,1,50-64,0.10600006155542609,Low
68,Male,25.7,163,94,156,0,2,3,2,Hypertension,Surgery,1,65-79,0.4110105337171007,High
48,Female,22.9,120,65,167,0,1,3,2,Hypertension,General Medicine,1,35-49,0.34219493741940665,Medium
47,Female,21.5,109,116,167,0,1,1,4,Hypertension,Surgery,0,35-49,0.14783500453629075,Low
52,Male,35.1,107,161,209,0,0,0,4,Diabetes,General Medicine,0,50-64,0.14301534106886055,Low
35,Female,31.6,91,66,213,1,5,0,5,Respiratory,General Medicine,0,35-49,0.07365120566254227,Low
66,Female,21.2,155,66,148,0,0,0,1,Diabetes,Cardiology,0,65-79,0.19536589217164016,Medium
51,Female,22.6,113,101,204,0,7,1,3,Cardiac,Pulmonology,1,50-64,0.2391276432234753,Medium
71,Male,22.2,127,78,221,0,2,2,4,Cardiac,General Medicine,0,65-79,0.5084170832200312,High
69,Female,28.3,150,133,215,0,2,1,5,Hypertension,Cardiology,0,65-79,0.23936590166756203,Medium
38,Male,20.2,103,81,232,0,6,0,1,Other,Pulmonology,0,35-49,0.06180412765399556,Low
48,Female,25.4,146,86,164,1,5,2,4,Cardiac,Endocrinology,1,35-49,0.31640675293563975,Medium
56,Male,25.8,103,128,219,0,7,1,2,Other,Endocrinology,0,50-64,0.14562667193020817,Low
42,Female,27.4,121,103,204,0,7,0,1,Other,Pulmonology,0,35-49,0.06735715285332171,Low
73,Male,31.8,127,76,204,0,0,2,3,Diabetes,Endocrinology,1,65-79,0.4627689232539206,High
18,Female,36.4,115,119,209,0,0,2,4,Other,General Medicine,0,18-34,0.12381734797719793,Low
40,Male,22.0,128,114,143,0,3,0,3,Diabetes,Cardiology,0,35-49,0.09175161564323224,Low
84,Male,24.8,150,107,189,0,4,2,7,Other,Endocrinology,0,80+,0.44792514902763825,High
51,Female,25.3,118,108,169,0,1,1,4,Hypertension,General Medicine,0,50-64,0.16992719351951355,Medium
56,Female,21.4,141,150,201,0,0,0,3,Diabetes,Cardiology,0,50-64,0.16611812218621422,Medium
72,Female,29.9,137,123,159,1,4,1,6,Cardiac,General Medicine,0,65-79,0.37026384392007544,High
81,Female,32.0,136,89,187,0,5,0,3,Cardiac,Surgery,1,80+,0.2726564100291545,Medium
41,Male,33.6,90,98,172,0,3,0,4,Other,Cardiology,0,35-49,0.07155731557579706,Low
95,Male,20.8,141,126,224,0,0,0,10,Hypertension,Cardiology,0,80+,0.3229567610450922,Medium
32,Male,34.6,128,126,195,0,1,0,3,Other,General Medicine,0,18-34,0.057804354350708666,Low
60,Female,33.7,102,78,149,0,5,2,5,Other,General Medicine,1,50-64,0.2842219340985343,Medium
54,Female,27.0,135,109,179,0,1,2,3,Other,Surgery,0,50-64,0.2581656774770302,Medium
29,Male,27.2,117,127,154,0,5,0,2,Other,Endocrinology,0,18-34,0.0463379243445218,Low
48,Female,32.1,93,89,248,0,7,1,2,Cardiac,General Medicine,1,35-49,0.20224564003849613,Medium
34,Female,20.3,134,124,192,1,4,2,3,Respiratory,General Medicine,0,18-34,0.18398643810190915,Medium
74,Male,23.3,123,90,200,1,1,1,1,Respiratory,Cardiology,1,65-79,0.28934047104249266,Medium
62,Female,24.6,124,84,212,0,3,1,9,Cardiac,Cardiology,1,50-64,0.35191760565015157,High
48,Female,35.2,90,96,186,0,2,1,6,Other,Endocrinology,0,35-49,0.16617032518846364,Medium
42,Male,33.2,107,124,192,0,3,2,3,Other,Endocrinology,0,35-49,0.18650637673747716,Medium
33,Female,25.1,90,125,153,0,6,0,18,Other,Cardiology,0,18-34,0.08292202591752043,Low
53,Male,25.5,121,65,210,0,5,1,4,Other,Endocrinology,0,50-64,0.149253006987626,Low
74,Female,31.7,111,125,173,0,6,3,7,Diabetes,Pulmonology,1,65-79,0.6055659843194191,High
50,Male,30.4,120,108,181,0,5,1,3,Other,Cardiology,0,50-64,0.12912498938692696,Low
46,Male,29.9,106,112,178,1,1,1,10,Respiratory,General Medicine,0,35-49,0.19098526923392461,Medium
86,Female,33.5,104,122,201,0,6,0,2,Diabetes,Pulmonology,0,80+,0.274208377938725,Medium
37,Male,31.7,115,65,110,0,4,0,8,Diabetes,Endocrinology,0,35-49,0.09156139649099423,Low
70,Female,30.7,104,113,245,1,2,1,9,Respiratory,General Medicine,1,65-79,0.32354162016977456,Medium
68,Female,26.5,131,101,248,0,2,1,2,Diabetes,Pulmonology,0,65-79,0.3159901846068262,Medium
30,Female,38.5,91,131,131,0,5,0,5,Other,Endocrinology,0,18-34,0.054542943494431846,Low
67,Male,28.7,123,117,244,0,2,1,2,Cardiac,Surgery,0,65-79,0.31425260832272545,Medium
88,Male,18.4,148,79,180,0,4,1,3,Hypertension,General Medicine,0,80+,0.3152907690669857,Medium
72,Female,29.7,149,127,186,0,4,1,3,Cardiac,Surgery,1,65-79,0.3410538086395764,Medium
46,Male,29.8,91,139,230,0,0,0,5,Other,Endocrinology,0,35-49,0.10062539005326376,Low
61,Female,37.6,149,110,232,0,1,2,6,Diabetes,Cardiology,1,50-64,0.3870771014363716,High
58,Female,31.6,107,94,195,0,0,1,4,Other,Surgery,1,50-64,0.19945777523770902,Medium
46,Female,28.6,96,79,170,0,1,0,8,Other,Cardiology,0,35-49,0.10777296803725694,Low
25,Female,23.3,108,65,205,0,6,2,3,Cardiac,Surgery,1,18-34,0.18398872124615454,Medium
18,Male,26.1,95,99,224,0,4,1,2,Other,Cardiology,0,18-34,0.05972459779697866,Low
88,Female,32.0,151,147,231,0,1,1,7,Other,General Medicine,0,80+,0.3888201650197439,High
52,Female,19.6,90,107,140,0,5,1,6,Diabetes,Surgery,0,50-64,0.20854563505009502,Medium
49,Male,29.4,98,97,252,0,4,0,3,Hypertension,Cardiology,0,35-49,0.08012704559931975,Low
54,Female,23.7,118,90,192,1,6,0,2,Cardiac,Endocrinology,0,50-64,0.15158828278058847,Medium
18,Male,25.0,119,70,158,0,2,0,1,Hypertension,Endocrinology,0,18-34,0.03616067026765874,Low
78,Male,33.8,122,122,267,0,7,2,3,Other,Pulmonology,0,65-79,0.36071281569688346,High
52,Female,27.5,99,65,188,0,1,1,4,Hypertension,Endocrinology,0,50-64,0.1772785178231893,Medium
30,Male,33.1,118,111,185,0,4,1,8,Other,General Medicine,0,18-34,0.09191221247715291,Low
69,Male,30.5,147,76,225,0,1,0,1,Other,Cardiology,0,65-79,0.1408751475503454,Low
62,Male,33.2,108,73,157,0,2,0,9,Respiratory,General Medicine,0,50-64,0.1728076125119727,Medium
77,Female,25.9,136,123,197,1,7,1,9,Other,General Medicine,1,65-79,0.26974955122951905,Medium
60,Female,27.1,159,85,204,0,1,0,3,Other,Cardiology,0,50-64,0.1272682031835345,Low
81,Male,27.7,160,82,164,0,5,2,3,Cardiac,Cardiology,0,80+,0.5147828954051844,High
76,Female,34.7,154,113,118,0,1,0,4,Cardiac,General Medicine,0,65-79,0.2953221683454462,Medium
37,Female,27.8,124,108,118,0,1,0,1,Other,Endocrinology,0,35-49,0.07098605832175843,Low
77,Male,26.6,139,98,243,1,0,0,1,Other,Surgery,0,65-79,0.16617537422207268,Medium
80,Male,29.5,138,103,248,0,5,1,1,Other,Pulmonology,0,80+,0.26538452965934983,Medium
48,Female,19.5,116,65,174,0,7,2,12,Other,Surgery,1,35-49,0.23309749304972446,Medium
32,Female,38.4,96,80,191,1,5,0,1,Cardiac,General Medicine,0,18-34,0.08287417890602239,Low
72,Female,28.2,155,127,145,1,4,2,8,Other,General Medicine,0,65-79,0.3692060752753099,High
66,Female,18.2,127,86,134,0,2,0,1,Other,Surgery,0,65-79,0.13796703576729302,Low
26,Female,17.7,91,65,227,1,3,1,5,Other,Endocrinology,0,18-34,0.09230431348479069,Low
65,Female,21.7,129,115,203,0,5,1,2,Other,Surgery,0,65-79,0.19045475684670027,Medium
40,Female,36.3,149,141,147,0,7,0,5,Hypertension,Endocrinology,0,35-49,0.05887334297648893,Low
83,Female,24.7,128,83,253,0,0,1,4,Other,General Medicine,1,80+,0.36048389697862,High
20,Male,30.2,144,118,153,0,4,1,6,Hypertension,Pulmonology,1,18-34,0.0671835130595202,Low
73,Female,26.9,110,104,206,0,4,3,5,Other,General Medicine,1,65-79,0.516831308397399,High
61,Female,19.3,138,115,213,0,4,0,3,Other,General Medicine,0,50-64,0.12571542511406394,Low
52,Female,31.8,94,86,153,0,5,2,3,Other,General Medicine,0,50-64,0.23350273016074488,Medium
90,Male,35.7,154,89,206,0,2,2,4,Diabetes,Cardiology,0,80+,0.5472456628501088,High
31,Female,27.7,90,144,158,1,0,0,3,Cardiac,General Medicine,0,18-34,0.1117208394478097,Low
57,Female,33.4,128,105,200,0,6,1,10,Other,Surgery,0,50-64,0.17351710686868566,Medium
69,Female,26.3,134,103,136,0,6,2,4,Other,Endocrinology,0,65-79,0.3262156198019085,Medium
52,Female,32.0,135,125,234,1,0,0,1,Diabetes,Pulmonology,1,50-64,0.14270441630074482,Low
86,Male,26.3,132,134,213,0,4,0,2,Diabetes,General Medicine,0,80+,0.26120353299007515,Medium
59,Male,19.4,146,101,229,0,1,0,3,Hypertension,General Medicine,0,50-64,0.11845415604054182,Low
94,Female,25.4,138,141,172,1,2,2,6,Diabetes,General Medicine,1,80+,0.6210221433092427,High
82,Female,34.0,143,174,232,0,3,1,4,Other,Surgery,0,80+,0.29280465635691044,Medium
70,Female,28.9,122,65,177,0,1,4,5,Other,Surgery,1,65-79,0.6309020974501371,High
34,Female,27.9,112,80,198,1,0,0,2,Other,General Medicine,0,18-34,0.06695093634038712,Low
35,Female,32.7,112,166,202,0,2,0,7,Other,Cardiology,0,35-49,0.07350659466648046,Low
56,Male,25.1,109,122,183,0,6,1,7,Other,General Medicine,0,50-64,0.16753310418981854,Medium
47,Female,28.3,107,111,215,0,0,1,6,Other,Cardiology,0,35-49,0.17297072372486938,Medium
22,Female,17.7,137,88,163,0,0,2,3,Other,General Medicine,0,18-34,0.14101120027939557,Low
46,Male,34.7,122,125,201,0,7,1,8,Diabetes,Endocrinology,0,35-49,0.16152236345867305,Medium
72,Male,28.5,159,140,224,0,0,0,7,Hypertension,General Medicine,0,65-79,0.17746811519938838,Medium
85,Male,32.1,124,114,207,0,1,2,6,Cardiac,Endocrinology,0,80+,0.6246862142546081,High
65,Female,24.6,140,97,175,1,3,3,10,Respiratory,Endocrinology,1,65-79,0.5406169509523818,High
65,Male,26.8,121,137,194,0,7,2,3,Other,General Medicine,0,65-79,0.27116250327262303,Medium
79,Male,30.8,133,65,206,0,5,2,4,Cardiac,General Medicine,1,65-79,0.5173529781474002,High
59,Male,24.9,131,74,169,1,0,1,2,Cardiac,Endocrinology,0,50-64,0.29357166741188534,Medium
53,Male,30.2,125,101,205,0,3,0,10,Hypertension,Cardiology,0,50-64,0.10671527073857567,Low
56,Male,24.4,93,86,139,0,1,1,5,Other,General Medicine,0,50-64,0.19578696443947338,Medium
51,Male,28.4,105,105,167,0,3,0,1,Other,Pulmonology,0,50-64,0.09498830808258782,Low
32,Male,25.7,128,65,176,0,6,0,5,Diabetes,Surgery,0,18-34,0.06331523266395025,Low
52,Male,31.9,125,100,130,0,1,2,7,Diabetes,Surgery,0,50-64,0.3132548995367131,Medium
86,Male,29.5,145,95,195,1,0,3,4,Hypertension,General Medicine,1,80+,0.5854653063687374,High
50,Female,25.5,110,96,214,1,2,0,9,Respiratory,General Medicine,0,50-64,0.13750483915927367,Low
39,Male,29.9,138,116,167,0,1,1,4,Hypertension,General Medicine,0,35-49,0.11227922992849725,Low
52,Male,23.0,140,122,153,0,7,0,6,Other,Surgery,0,50-64,0.07974233667065612,Low
80,Female,29.4,149,89,172,0,5,2,2,Hypertension,Pulmonology,0,80+,0.3911242629632283,High
90,Male,31.6,133,119,223,0,0,2,3,Diabetes,Endocrinology,0,80+,0.5847791245633427,High
56,Female,19.5,155,88,207,0,0,1,3,Other,General Medicine,0,50-64,0.19902040648323965,Medium
60,Female,20.2,149,118,232,0,5,2,4,Hypertension,Surgery,0,50-64,0.25602020767819705,Medium
83,Male,27.1,132,87,244,0,7,4,4,Respiratory,General Medicine,0,80+,0.694659077594183,High
29,Female,30.8,90,65,194,0,1,0,4,Other,General Medicine,0,18-34,0.0628246819868036,Low
68,Female,16.4,125,65,176,0,7,1,6,Other,Cardiology,1,65-79,0.22264041805530543,Medium
63,Female,29.5,116,149,244,1,2,2,3,Cardiac,Endocrinology,0,50-64,0.4517136112118488,High
36,Female,22.4,118,96,155,0,3,1,4,Other,Surgery,0,35-49,0.10613028929506303,Low
75,Female,26.3,145,129,220,0,7,5,5,Hypertension,General Medicine,1,65-79,0.7248236031755172,High
37,Male,18.1,121,111,188,0,0,1,7,Other,Endocrinology,1,35-49,0.1367486411777801,Low
70,Female,27.2,128,75,172,0,7,0,6,Cardiac,General Medicine,1,65-79,0.23350312414645977,Medium
46,Female,32.5,152,107,198,0,0,0,3,Diabetes,Endocrinology,0,35-49,0.12449639776376396,Low
51,Male,29.5,134,85,199,1,3,1,6,Other,Pulmonology,0,50-64,0.15752689154848482,Medium
34,Male,23.6,107,92,188,0,6,0,8,Other,Surgery,0,18-34,0.056064054640979875,Low
63,Male,25.3,139,95,152,0,0,1,1,Cardiac,Cardiology,0,50-64,0.3141288913044152,Medium
62,Male,26.9,124,96,219,0,3,0,11,Diabetes,General Medicine,0,50-64,0.19311841410105507,Medium
83,Male,17.8,123,105,216,0,3,1,3,Other,Endocrinology,1,80+,0.3174710813433841,Medium
79,Female,29.3,139,110,216,0,5,0,10,Cardiac,General Medicine,1,65-79,0.32265709597982806,Medium
39,Male,21.0,105,98,209,0,4,0,1,Other,Pulmonology,0,35-49,0.06880653149826854,Low
52,Male,30.2,92,120,206,0,4,1,5,Diabetes,Cardiology,0,50-64,0.19956972999651088,Medium
50,Male,28.1,108,131,174,0,0,1,2,Other,General Medicine,0,50-64,0.16028952779913083,Medium
41,Male,19.9,92,83,191,0,5,0,2,Other,Pulmonology,0,35-49,0.07276334182961793,Low
35,Female,27.6,133,65,199,1,4,1,4,Respiratory,General Medicine,0,35-49,0.1176518742472408,Low
56,Male,25.8,108,110,218,0,1,1,3,Other,General Medicine,0,50-64,0.18417079157708377,Medium
68,Male,28.6,132,93,215,1,3,1,3,Hypertension,General Medicine,1,65-79,0.19949085420144005,Medium
55,Female,33.5,126,119,189,0,3,0,1,Other,Cardiology,0,50-64,0.09943136445098874,Low
52,Male,25.4,93,86,152,1,2,0,6,Other,General Medicine,0,50-64,0.10521295126698015,Low
44,Male,25.9,135,133,178,0,1,0,3,Other,Endocrinology,0,35-49,0.08363228651844988,Low
29,Female,28.1,102,89,158,1,0,2,8,Hypertension,Pulmonology,1,18-34,0.18247867324927364,Medium
64,Male,23.2,129,106,167,1,4,1,4,Respiratory,Cardiology,0,50-64,0.22307136652561446,Medium
61,Male,18.2,121,75,156,0,2,2,4,Other,Pulmonology,1,50-64,0.32419178409136296,Medium
60,Male,24.2,112,65,148,0,1,3,3,Other,Cardiology,1,50-64,0.41864843429963267,High
35,Female,25.0,114,119,177,1,0,1,5,Respiratory,Pulmonology,0,35-49,0.15724752287094332,Medium
33,Female,34.2,112,112,186,0,2,0,2,Other,General Medicine,0,18-34,0.061158187548597365,Low
52,Male,25.5,123,102,126,0,4,1,2,Other,Endocrinology,0,50-64,0.14396047011918214,Low
79,Female,16.0,131,96,219,1,2,1,7,Respiratory,Surgery,1,65-79,0.35889680403202173,High
60,Male,32.0,118,83,206,0,3,1,8,Other,Cardiology,0,50-64,0.1986886637203371,Medium
57,Female,31.9,111,108,145,0,7,1,2,Other,Cardiology,0,50-64,0.14919811037307046,Low
23,Female,26.2,108,132,158,0,7,1,3,Other,General Medicine,0,18-34,0.06686648374096783,Low
70,Male,23.9,132,122,246,0,6,2,5,Cardiac,Cardiology,1,65-79,0.4556792607378901,High
46,Female,25.2,139,156,177,0,3,0,5,Other,Surgery,0,35-49,0.0844770608988552,Low
51,Male,38.0,117,65,256,0,4,1,1,Cardiac,Surgery,0,50-64,0.19601182599823289,Medium
40,Male,21.7,108,84,146,0,7,1,6,Other,General Medicine,0,35-49,0.10638930233813249,Low
52,Male,30.0,121,85,246,0,5,1,3,Other,Pulmonology,0,50-64,0.14772524024983885,Low
54,Male,25.2,132,123,222,1,5,5,7,Other,Pulmonology,1,50-64,0.6280796253516917,High
56,Female,20.5,116,83,186,0,7,0,4,Other,Pulmonology,1,50-64,0.10916769398216394,Low
64,Male,20.4,121,66,192,0,5,0,4,Other,Cardiology,0,50-64,0.12286250912723067,Low
65,Male,31.8,135,97,234,0,4,2,13,Cardiac,Endocrinology,1,65-79,0.49448879032575543,High
74,Female,24.9,142,106,248,0,4,0,7,Other,General Medicine,0,65-79,0.1846251492580463,Medium
34,Male,23.5,143,103,133,1,6,0,9,Respiratory,General Medicine,1,18-34,0.06882532215888214,Low
56,Female,24.5,101,104,241,0,6,1,5,Other,Cardiology,0,50-64,0.17084048897637094,Medium
66,Female,22.8,102,95,193,0,7,1,5,Other,Pulmonology,0,65-79,0.22494899939026383,Medium
45,Female,26.1,104,94,205,1,5,0,7,Respiratory,General Medicine,0,35-49,0.10238276506403961,Low
64,Male,22.3,124,115,209,0,6,2,3,Cardiac,General Medicine,1,50-64,0.4079822247495109,High
75,Female,37.0,134,96,164,1,0,0,2,Cardiac,Cardiology,1,65-79,0.27547096427962875,Medium
95,Male,28.2,119,65,260,0,0,2,6,Cardiac,General Medicine,1,80+,0.7015311482251289,High
74,Male,34.3,106,120,171,0,0,0,2,Other,General Medicine,0,65-79,0.17775657676969184,Medium
52,Male,21.9,105,137,179,0,5,1,3,Other,Cardiology,0,50-64,0.1442222119462693,Low
65,Male,33.7,122,136,167,0,1,3,4,Diabetes,General Medicine,1,65-79,0.5319290875624387,High
39,Male,28.7,126,111,174,1,2,2,2,Respiratory,General Medicine,0,35-49,0.19732572792540834,Medium
18,Male,25.1,110,115,153,0,0,1,2,Other,General Medicine,0,18-34,0.0710543324132038,Low
59,Male,28.7,148,107,185,0,0,0,3,Hypertension,Surgery,0,50-64,0.10912899424769873,Low
48,Male,24.8,122,133,184,1,1,1,14,Other,General Medicine,0,35-49,0.1862433033928307,Medium
50,Female,21.6,120,98,188,1,6,1,3,Cardiac,Surgery,0,50-64,0.2040658748224909,Medium
88,Female,22.0,154,65,169,0,4,1,1,Hypertension,Surgery,0,80+,0.2969138484687797,Medium
62,Male,23.9,112,82,144,0,5,1,5,Cardiac,Cardiology,0,50-64,0.2921999230729908,Medium
48,Male,24.2,90,83,183,1,1,1,3,Respiratory,Surgery,1,35-49,0.16529712055840357,Medium
83,Female,25.1,108,65,225,0,5,1,2,Other,Surgery,0,80+,0.28434110100865967,Medium
81,Male,21.2,134,111,148,0,6,2,3,Other,General Medicine,0,80+,0.3833340464835454,High
60,Female,33.6,134,126,182,1,1,0,5,Respiratory,General Medicine,0,50-64,0.1559910151531883,Medium
46,Male,31.9,111,132,178,1,6,0,12,Diabetes,General Medicine,0,35-49,0.1128508862529476,Low
68,Male,31.0,146,126,224,0,1,2,8,Other,Cardiology,1,65-79,0.3634575663869735,High
60,Male,22.8,124,166,257,0,2,2,3,Respiratory,General Medicine,1,50-64,0.3393738144059311,Medium
18,Female,30.8,125,95,193,0,4,2,1,Respiratory,General Medicine,1,18-34,0.11891942849112402,Low
63,Male,22.8,121,82,197,1,7,0,6,Other,Surgery,0,50-64,0.10356053346245904,Low
70,Male,18.6,142,71,160,0,2,2,5,Other,General Medicine,0,65-79,0.36475867320308564,High
44,Male,24.3,122,85,110,0,4,0,6,Other,Cardiology,0,35-49,0.07830690261963262,Low
59,Male,29.6,123,116,227,0,6,3,5,Other,Pulmonology,1,50-64,0.3858802049433822,High
38,Female,35.5,124,120,142,0,2,1,9,Other,Pulmonology,0,35-49,0.1418040847277183,Low
58,Female,39.5,131,105,195,0,2,2,9,Other,Surgery,1,50-64,0.2937091508849396,Medium
41,Male,21.6,120,87,174,0,6,1,4,Diabetes,Cardiology,0,35-49,0.13871797283687684,Low
33,Male,32.6,123,137,198,0,0,0,6,Other,Endocrinology,0,18-34,0.06923717726825311,Low
73,Female,25.2,112,120,153,0,6,2,5,Cardiac,General Medicine,0,65-79,0.5065084790324932,High
55,Male,32.9,90,145,157,0,7,0,8,Diabetes,Pulmonology,0,50-64,0.14109949340972908,Low
60,Male,25.4,124,109,161,0,4,3,2,Other,Surgery,1,50-64,0.3602820131438414,High
32,Female,26.0,90,137,172,1,4,0,5,Other,Endocrinology,0,18-34,0.06118514090318502,Low
49,Male,32.1,108,146,116,1,5,1,1,Respiratory,Pulmonology,0,35-49,0.1503613497909341,Low
39,Male,29.5,97,129,224,0,5,1,2,Other,Pulmonology,0,35-49,0.10757780495340502,Low
64,Female,23.7,122,73,180,0,3,2,5,Other,Cardiology,0,50-64,0.3301035210589269,Medium
64,Female,38.8,117,134,184,0,2,0,7,Cardiac,Endocrinology,0,50-64,0.2445780743408923,Medium
62,Female,33.3,131,126,201,1,3,1,3,Other,General Medicine,0,50-64,0.1904497045648784,Medium
28,Male,30.6,116,70,186,0,3,2,2,Other,Pulmonology,0,18-34,0.1360426988547726,Low
43,Female,29.5,100,132,187,0,5,0,11,Other,Surgery,0,35-49,0.08589487722796404,Low
47,Male,36.5,129,131,127,0,5,2,3,Diabetes,Endocrinology,0,35-49,0.23962770533062686,Medium
68,Female,26.9,127,75,198,0,5,0,4,Cardiac,Cardiology,0,65-79,0.22694222353731927,Medium
49,Male,33.7,127,151,192,1,3,2,1,Other,Endocrinology,0,35-49,0.19669929751601234,Medium
30,Female,20.9,99,147,211,0,5,0,1,Other,General Medicine,0,18-34,0.05275378889454925,Low
66,Male,23.5,116,109,267,0,4,0,1,Other,General Medicine,0,65-79,0.12723950275801796,Low
57,Female,34.1,124,93,293,0,5,0,6,Other,Cardiology,0,50-64,0.10971306596549367,Low
44,Female,19.7,104,65,220,0,0,0,5,Other,Pulmonology,0,35-49,0.11150281906083147,Low
34,Female,25.3,130,147,131,0,2,1,7,Diabetes,General Medicine,0,18-34,0.15668265592014358,Medium
43,Male,29.1,123,92,149,0,0,0,3,Other,Pulmonology,0,35-49,0.08930435646568731,Low
18,Female,31.6,118,121,145,0,5,1,6,Other,General Medicine,0,18-34,0.06607715434609625,Low
34,Male,28.2,136,88,147,0,3,0,5,Other,Surgery,0,18-34,0.05530134675973644,Low
36,Female,22.5,97,68,182,1,3,0,3,Respiratory,Cardiology,0,35-49,0.07957365671631723,Low
66,Male,18.3,124,65,185,0,5,1,6,Other,Surgery,0,65-79,0.20214748481846978,Medium
49,Female,29.8,118,124,197,0,6,0,4,Other,Endocrinology,0,35-49,0.08588921347105732,Low
71,Male,31.3,130,87,191,0,1,4,5,Diabetes,Surgery,1,65-79,0.6852582546124373,High
36,Male,33.8,102,123,176,0,3,1,6,Other,Cardiology,1,35-49,0.10640476351175378,Low
67,Female,34.8,132,67,142,0,6,3,5,Cardiac,General Medicine,1,65-79,0.5747827176533641,High
69,Male,25.1,130,92,242,1,2,3,11,Cardiac,General Medicine,1,65-79,0.6547695834055768,High
73,Female,27.5,105,135,218,1,6,0,4,Respiratory,General Medicine,0,65-79,0.1831584456014668,Medium
43,Female,24.4,92,87,165,0,5,0,3,Cardiac,General Medicine,0,35-49,0.13057710812042586,Low
63,Female,25.6,112,111,225,0,1,3,10,Other,Cardiology,0,50-64,0.5112941989432174,High
48,Female,27.7,123,109,188,0,0,2,4,Other,Surgery,0,35-49,0.24207475003327258,Medium
46,Male,24.7,137,65,156,1,0,2,5,Respiratory,Pulmonology,0,35-49,0.27918411873842064,Medium
25,Male,27.3,103,65,123,0,2,1,6,Cardiac,General Medicine,0,18-34,0.14460039532460164,Low
69,Female,28.9,114,109,187,1,1,2,5,Diabetes,Surgery,1,65-79,0.42945664351258384,High
42,Female,26.1,119,115,144,0,2,0,5,Hypertension,General Medicine,0,35-49,0.08270332352719414,Low
45,Male,24.4,117,103,224,0,1,0,3,Other,Pulmonology,0,35-49,0.0936199546206919,Low
53,Female,35.7,118,115,224,0,1,1,4,Diabetes,Endocrinology,0,50-64,0.2318598780860139,Medium
27,Female,28.9,143,103,219,0,1,0,1,Hypertension,Pulmonology,0,18-34,0.05347349491115521,Low
91,Male,18.6,117,114,253,0,5,3,3,Other,Surgery,0,80+,0.5881701719545301,High
44,Male,34.9,120,115,220,0,0,0,3,Cardiac,Endocrinology,0,35-49,0.14255454977287896,Low
63,Female,16.9,122,95,255,0,6,0,5,Cardiac,Surgery,0,50-64,0.20025313770186268,Medium
53,Male,26.5,122,105,183,0,1,0,6,Other,General Medicine,0,50-64,0.11382944822923129,Low
73,Female,26.8,130,139,275,0,5,1,7,Cardiac,Cardiology,0,65-79,0.3896315078819658,High
74,Male,23.6,142,65,191,1,7,2,3,Hypertension,General Medicine,0,65-79,0.2980514941976916,Medium
53,Female,20.6,157,65,195,0,4,1,3,Hypertension,General Medicine,0,50-64,0.15094703298798987,Low
63,Male,28.8,123,72,177,0,2,0,8,Diabetes,Cardiology,1,50-64,0.18624469530813564,Medium
64,Male,30.7,116,115,184,1,7,2,4,Respiratory,Surgery,0,50-64,0.2821021455107247,Medium
52,Female,36.7,91,114,183,0,7,2,6,Cardiac,Surgery,1,50-64,0.3287474747177818,Medium
69,Female,31.6,138,81,189,0,5,1,4,Other,Pulmonology,1,65-79,0.23408258817813923,Medium
68,Female,34.3,117,120,185,1,4,0,1,Diabetes,Endocrinology,0,65-79,0.17213449430336214,Medium
56,Male,26.0,126,102,151,1,2,0,3,Cardiac,Cardiology,0,50-64,0.1688849051722729,Medium
32,Female,29.4,144,160,193,1,4,0,1,Respiratory,Endocrinology,0,18-34,0.061826095941113414,Low
30,Male,17.0,140,100,222,0,4,0,7,Other,General Medicine,0,18-34,0.05745348835866683,Low
25,Female,23.6,131,80,121,1,5,1,5,Cardiac,General Medicine,0,18-34,0.12678656179935535,Low
54,Male,31.2,115,119,157,0,2,3,9,Other,Cardiology,0,50-64,0.3987465378432137,High
76,Male,25.0,144,65,205,0,0,0,1,Hypertension,Endocrinology,0,65-79,0.1754144645695187,Medium
57,Male,31.5,137,124,207,0,3,2,3,Other,Cardiology,0,50-64,0.24911743224366814,Medium
33,Female,25.7,131,136,178,0,7,1,6,Other,General Medicine,0,18-34,0.09204947192330934,Low
75,Female,24.4,121,85,213,0,0,1,3,Other,Endocrinology,0,65-79,0.307826924725769,Medium
63,Female,24.5,113,94,211,0,7,2,6,Other,Pulmonology,0,50-64,0.3138319940371375,Medium
18,Female,30.1,108,136,139,0,4,3,5,Other,General Medicine,0,18-34,0.17725686407932367,Medium
86,Male,26.0,127,127,163,0,4,1,6,Cardiac,Endocrinology,0,80+,0.47300960344595816,High
87,Female,27.1,111,85,255,0,1,1,1,Cardiac,Endocrinology,1,80+,0.5043000983588158,High
39,Female,32.0,116,132,218,1,7,1,4,Diabetes,Surgery,0,35-49,0.11873773585444874,Low
51,Male,31.1,120,112,157,0,5,1,8,Other,Pulmonology,0,50-64,0.16158467308886149,Medium
43,Female,27.7,101,86,180,0,4,0,4,Other,General Medicine,0,35-49,0.08074547009053794,Low
46,Female,30.1,123,100,209,1,4,1,2,Other,General Medicine,0,35-49,0.12360628476478266,Low
88,Male,23.9,130,84,195,0,3,1,1,Other,Cardiology,0,80+,0.3192059330215958,Medium
48,Female,25.1,105,72,196,0,0,3,4,Other,Surgery,1,35-49,0.36082426545294843,High
59,Male,28.4,111,68,162,0,7,2,4,Other,Cardiology,0,50-64,0.23854164341528375,Medium
26,Male,23.4,98,65,174,0,2,0,3,Other,Cardiology,0,18-34,0.05023649651094608,Low
47,Female,31.2,134,87,159,1,7,1,3,Respiratory,Surgery,0,35-49,0.12582650967969883,Low
77,Male,30.7,120,145,225,1,0,4,5,Other,General Medicine,1,65-79,0.6766268190868614,High
60,Female,27.6,120,65,191,0,0,1,6,Other,Cardiology,0,50-64,0.22937327465807383,Medium
36,Female,25.1,100,70,186,0,7,0,1,Other,General Medicine,0,35-49,0.05499819118520047,Low
73,Female,21.2,123,83,187,0,1,1,1,Cardiac,Cardiology,0,65-79,0.399012699426619,High
58,Male,27.8,120,90,189,0,3,1,4,Cardiac,Surgery,0,50-64,0.263372425453627,Medium
46,Female,27.1,115,106,206,0,7,2,11,Other,Pulmonology,1,35-49,0.24105091483328378,Medium
88,Female,22.1,155,69,207,0,1,0,3,Other,Cardiology,0,80+,0.25223839293221,Medium
66,Male,30.5,122,73,238,1,5,0,2,Cardiac,Pulmonology,0,65-79,0.19916851270212202,Medium
54,Female,23.2,105,68,223,0,2,0,6,Other,General Medicine,1,50-64,0.12486139057671834,Low
31,Male,27.5,115,89,227,0,0,1,4,Other,Cardiology,0,18-34,0.10187140303931329,Low
47,Female,21.2,116,102,230,0,7,1,5,Other,General Medicine,0,35-49,0.13355087513537184,Low
31,Male,33.0,90,126,174,0,0,1,8,Other,Pulmonology,0,18-34,0.1234398037803298,Low
84,Male,29.7,133,100,193,0,5,2,6,Cardiac,Endocrinology,0,80+,0.5730436022593699,High
78,Male,31.0,112,119,140,0,4,1,5,Other,General Medicine,0,65-79,0.27454426665060905,Medium
59,Female,28.0,118,99,180,1,5,0,2,Other,General Medicine,0,50-64,0.10437914120259457,Low
53,Male,28.5,148,112,144,0,1,1,4,Hypertension,Endocrinology,1,50-64,0.1600167159140246,Medium
89,Male,30.2,133,131,205,0,4,3,2,Cardiac,Surgery,1,80+,0.6927819306809327,High
41,Female,22.9,120,102,213,0,5,1,3,Respiratory,General Medicine,0,35-49,0.140342804010456,Low
28,Female,33.2,101,126,206,0,2,1,1,Cardiac,Endocrinology,0,18-34,0.14820237467664504,Low
61,Male,25.5,118,140,221,1,3,1,3,Respiratory,General Medicine,0,50-64,0.21653324872003324,Medium
21,Female,20.8,112,101,129,0,4,3,4,Cardiac,Cardiology,1,18-34,0.2940043124064763,Medium
41,Female,25.3,106,96,236,0,6,1,10,Other,General Medicine,0,35-49,0.13416024974274315,Low
42,Male,31.9,108,146,206,0,4,0,2,Hypertension,General Medicine,0,35-49,0.06450052529312315,Low
69,Male,25.4,140,93,190,0,3,1,6,Other,General Medicine,0,65-79,0.237596783708128,Medium
65,Male,26.7,147,102,210,0,5,2,6,Other,General Medicine,0,65-79,0.2992271107247131,Medium
50,Male,32.2,102,101,176,0,1,1,8,Other,General Medicine,0,50-64,0.17500431761290516,Medium
41,Male,30.9,119,80,233,0,2,0,6,Hypertension,General Medicine,0,35-49,0.07474775652741726,Low
44,Male,25.5,131,96,185,1,5,1,7,Respiratory,Surgery,0,35-49,0.13397665471837616,Low
40,Female,35.4,131,119,168,0,1,0,3,Other,Endocrinology,0,35-49,0.07772296527785982,Low
62,Male,30.5,128,101,150,1,6,1,5,Diabetes,General Medicine,0,50-64,0.2168691732983511,Medium
39,Female,22.0,120,99,198,0,4,2,2,Hypertension,General Medicine,0,35-49,0.1714469050385776,Medium
70,Male,21.7,136,120,208,0,1,3,5,Other,Cardiology,0,65-79,0.5025491295420861,High
48,Female,29.1,118,103,110,0,0,0,3,Other,Surgery,0,35-49,0.09544749255446965,Low
53,Male,25.2,134,136,157,0,0,0,2,Other,General Medicine,1,50-64,0.1066129969771145,Low
68,Male,16.0,129,81,205,0,4,3,2,Other,Endocrinology,1,65-79,0.4493227415767786,High
61,Male,27.6,148,88,152,0,0,1,4,Other,Surgery,0,50-64,0.19382063810316766,Medium
75,Female,24.2,156,121,210,0,5,4,8,Hypertension,General Medicine,1,65-79,0.6464765050402219,High
37,Male,31.8,123,136,134,1,4,0,3,Respiratory,Cardiology,0,35-49,0.06737782375188693,Low
43,Male,26.4,129,99,189,0,6,1,5,Other,Pulmonology,1,35-49,0.11971274839996802,Low
73,Male,20.8,136,79,183,0,5,2,6,Other,Surgery,0,65-79,0.34020117772113334,Medium
62,Female,27.2,136,87,205,0,0,1,6,Diabetes,General Medicine,1,50-64,0.30293946253920884,Medium
78,Male,27.8,133,70,235,0,7,5,4,Other,Surgery,1,65-79,0.7131236399776111,High
68,Female,32.6,130,137,227,0,4,1,4,Other,Endocrinology,0,65-79,0.22873245539696385,Medium
61,Male,27.0,129,119,134,0,1,6,12,Cardiac,Endocrinology,1,50-64,0.8954050570072654,High
43,Female,27.9,127,128,170,0,4,0,3,Other,General Medicine,0,35-49,0.076468646966915,Low
63,Female,23.8,107,91,150,0,7,2,6,Cardiac,Cardiology,0,50-64,0.4279865634432079,High
54,Male,29.7,113,120,210,0,5,2,10,Other,Endocrinology,1,50-64,0.26717056919896315,Medium
55,Male,25.9,134,65,230,0,4,0,1,Hypertension,Pulmonology,0,50-64,0.09416600401130706,Low
51,Male,23.3,128,71,168,0,6,0,6,Other,General Medicine,0,50-64,0.08810571534626704,Low
48,Female,26.0,120,95,211,0,6,1,2,Other,General Medicine,0,35-49,0.1285875030100535,Low
43,Female,17.4,122,65,246,0,6,0,1,Respiratory,Endocrinology,0,35-49,0.08655757480571112,Low
70,Female,26.2,112,131,125,0,2,1,4,Other,Endocrinology,0,65-79,0.26604843355143987,Medium
68,Female,26.7,103,74,174,0,4,0,2,Other,Cardiology,1,65-79,0.14357969056692554,Low
39,Male,28.3,96,123,174,0,1,2,2,Other,Surgery,0,35-49,0.1746171369115477,Medium
65,Male,21.3,117,65,211,0,3,2,9,Diabetes,General Medicine,1,65-79,0.4272312258421155,High
47,Female,22.6,94,94,203,0,3,2,4,Other,General Medicine,0,35-49,0.23888864295916695,Medium
37,Male,34.3,95,85,178,0,7,0,1,Other,Surgery,0,35-49,0.046362636600629364,Low
56,Female,28.5,143,98,226,0,7,2,4,Other,Cardiology,0,50-64,0.23176855400921145,Medium
52,Male,29.9,128,105,226,0,4,1,5,Respiratory,Endocrinology,0,50-64,0.18094021282748582,Medium
66,Male,28.5,112,145,187,0,0,0,7,Cardiac,General Medicine,0,65-79,0.26663198680228894,Medium
53,Female,28.2,126,128,207,0,1,0,2,Other,General Medicine,0,50-64,0.11000803382080929,Low
65,Male,32.2,126,120,265,0,0,0,6,Cardiac,General Medicine,0,65-79,0.2485518002616395,Medium
60,Female,24.3,103,82,188,0,3,0,10,Other,Cardiology,1,50-64,0.15064559014834283,Low
41,Female,29.4,133,123,237,0,2,1,5,Other,Surgery,0,35-49,0.12340467202542922,Low
29,Female,33.6,90,136,163,0,4,1,3,Diabetes,Endocrinology,0,18-34,0.11829480780658909,Low
67,Female,24.2,126,102,262,0,3,0,2,Cardiac,Surgery,0,65-79,0.22110238566428664,Medium
33,Male,33.2,126,83,167,0,7,0,8,Other,General Medicine,0,18-34,0.052408986525948664,Low
95,Female,24.2,159,104,223,1,7,1,3,Other,General Medicine,0,80+,0.3386907880681675,Medium
47,Female,23.0,130,107,209,0,1,2,3,Other,Cardiology,0,35-49,0.23807471963402635,Medium
34,Female,31.9,119,87,180,0,6,0,2,Other,Surgery,0,18-34,0.048737861861372155,Low
82,Female,28.8,164,66,213,0,5,1,4,Other,Cardiology,1,80+,0.2833946818843384,Medium
61,Female,26.3,114,126,237,0,0,0,1,Other,Endocrinology,1,50-64,0.14183372563889887,Low
50,Male,30.2,113,85,145,1,1,2,6,Cardiac,Surgery,0,50-64,0.346178546943578,High
42,Female,20.6,126,94,240,0,3,0,10,Other,General Medicine,0,35-49,0.09656030528160159,Low
47,Male,30.7,102,121,132,0,6,0,3,Other,General Medicine,0,35-49,0.07333341157182391,Low
25,Female,29.3,110,117,153,0,0,1,5,Other,Pulmonology,0,18-34,0.10485890956118822,Low
37,Female,34.4,98,101,173,0,4,0,1,Respiratory,Cardiology,0,35-49,0.07386626073793706,Low
73,Male,36.2,122,130,206,1,1,0,3,Cardiac,Surgery,0,65-79,0.2382332725620316,Medium
24,Female,28.9,100,80,169,0,3,0,5,Other,Cardiology,0,18-34,0.05055701124420669,Low
76,Male,21.7,121,136,201,0,4,2,6,Other,General Medicine,1,65-79,0.39637528580588427,High
57,Male,39.3,113,103,222,0,1,1,15,Other,Cardiology,0,50-64,0.22803574034190888,Medium
26,Female,30.2,100,141,164,0,2,1,6,Diabetes,Surgery,0,18-34,0.11812253665475039,Low
73,Male,28.6,133,70,230,0,3,0,6,Respiratory,General Medicine,0,65-79,0.20038731735708237,Medium
53,Male,26.9,110,107,241,1,3,1,13,Other,Surgery,0,50-64,0.1781066760942,Medium
86,Female,21.1,150,85,253,0,7,1,5,Hypertension,Surgery,0,80+,0.28383086388882717,Medium
55,Female,35.7,134,92,192,0,3,1,6,Other,General Medicine,0,50-64,0.17753114601377581,Medium
32,Male,23.8,132,77,206,0,2,0,6,Other,Surgery,0,18-34,0.05785875299976821,Low
49,Female,31.5,124,75,141,1,6,0,1,Respiratory,Endocrinology,0,35-49,0.08938893042778219,Low
67,Male,30.8,132,125,193,0,2,0,2,Diabetes,General Medicine,0,65-79,0.17897305143839504,Medium
24,Female,19.5,122,65,145,0,7,1,12,Cardiac,General Medicine,0,18-34,0.14617467936756098,Low
72,Male,34.1,131,94,204,0,5,2,3,Other,General Medicine,1,65-79,0.320105777263672,Medium
56,Male,28.5,102,138,201,0,4,2,2,Respiratory,General Medicine,0,50-64,0.2868892020122598,Medium
67,Female,29.6,120,109,220,1,1,1,2,Cardiac,Pulmonology,0,65-79,0.3666483642554,High
37,Female,23.7,132,74,214,0,5,0,4,Hypertension,Cardiology,0,35-49,0.06051703517984714,Low
83,Male,30.7,144,100,254,1,3,2,8,Other,General Medicine,0,80+,0.4375028561711875,High
64,Female,31.3,115,94,233,1,2,2,2,Cardiac,General Medicine,1,50-64,0.4442090175081726,High
42,Male,21.8,120,65,212,0,2,2,5,Other,Pulmonology,0,35-49,0.219150552909517,Medium
52,Female,30.2,102,119,173,1,5,1,7,Other,General Medicine,0,50-64,0.15956059475484885,Medium
74,Male,27.4,124,65,243,0,5,1,10,Other,Endocrinology,0,65-79,0.27361495386315166,Medium
63,Female,28.5,141,127,186,0,2,3,9,Other,Cardiology,0,50-64,0.4789271626498452,High
71,Female,32.4,123,79,181,0,3,3,4,Other,Endocrinology,1,65-79,0.49703041050152924,High
66,Female,27.0,106,91,191,0,6,0,5,Cardiac,General Medicine,0,65-79,0.22240102026388628,Medium
25,Male,32.2,90,97,210,1,0,0,1,Other,Endocrinology,0,18-34,0.048197683695927265,Low
63,Female,18.0,98,73,231,0,4,2,6,Cardiac,Surgery,0,50-64,0.4575103285788872,High
53,Male,22.0,107,78,217,1,3,3,8,Other,Pulmonology,0,50-64,0.39821138050784544,High
57,Female,33.6,116,125,251,0,0,0,7,Other,Endocrinology,0,50-64,0.14343767458890352,Low
64,Male,17.6,125,81,186,0,5,0,6,Other,Surgery,0,50-64,0.12325643116831196,Low
51,Female,31.5,127,70,189,0,5,0,1,Other,Endocrinology,0,50-64,0.08501048561693278,Low
75,Male,34.0,120,90,166,1,0,1,4,Cardiac,Cardiology,1,65-79,0.39554115266570367,High
88,Male,27.6,129,65,229,0,5,5,4,Other,Cardiology,1,80+,0.7959312195640409,High
37,Male,26.0,103,98,255,0,2,1,2,Other,Cardiology,0,35-49,0.10676540562261302,Low
55,Male,27.8,147,106,238,0,1,0,2,Hypertension,Endocrinology,0,50-64,0.10133404862971304,Low
43,Male,30.9,111,65,160,0,1,1,7,Other,General Medicine,0,35-49,0.14272880433976037,Low
56,Male,26.4,118,105,209,0,0,0,5,Other,General Medicine,0,50-64,0.12563181318408798,Low
30,Female,22.0,113,82,148,1,0,1,4,Other,Endocrinology,0,18-34,0.10750353195373417,Low
47,Female,23.9,95,82,145,0,6,1,2,Other,General Medicine,1,35-49,0.1297083720817549,Low
47,Female,38.5,116,71,201,0,5,3,6,Other,General Medicine,0,35-49,0.31498429683015433,Medium
29,Female,27.1,108,96,139,0,4,1,5,Other,Cardiology,0,18-34,0.09120227117526156,Low
39,Male,26.7,114,92,197,0,7,0,5,Other,Pulmonology,0,35-49,0.06449459900360598,Low
49,Female,35.0,137,98,292,1,4,1,10,Respiratory,Surgery,0,35-49,0.17386892287952993,Medium
46,Female,17.9,118,100,193,1,3,0,2,Cardiac,General Medicine,0,35-49,0.14232402956884427,Low
58,Female,23.0,123,123,189,0,2,3,6,Diabetes,General Medicine,0,50-64,0.5190234288114954,High
43,Female,25.4,123,109,159,0,5,0,3,Other,General Medicine,0,35-49,0.074326199126603,Low
77,Male,20.1,146,112,247,0,5,0,3,Other,Pulmonology,0,65-79,0.17602694310800576,Medium
41,Male,30.7,121,107,149,0,2,0,6,Cardiac,General Medicine,0,35-49,0.1316623492009635,Low
31,Male,32.2,113,89,160,0,7,0,4,Other,General Medicine,0,18-34,0.045552679194966424,Low
24,Male,25.5,98,126,135,0,6,1,9,Other,Surgery,0,18-34,0.07281120740757008,Low
68,Male,26.2,114,112,189,1,7,0,1,Respiratory,Cardiology,0,65-79,0.13186325933585255,Low
51,Female,32.8,125,91,177,0,3,1,2,Other,Endocrinology,0,50-64,0.15166073635325247,Medium
66,Male,27.6,109,115,195,0,6,1,3,Other,General Medicine,0,65-79,0.19134888189746513,Medium
58,Female,19.9,120,112,144,1,0,2,4,Cardiac,Pulmonology,0,50-64,0.46992703013430553,High
68,Female,27.8,141,108,188,0,3,2,1,Hypertension,General Medicine,0,65-79,0.31446507543946095,Medium
62,Female,22.4,111,111,195,0,4,0,3,Diabetes,General Medicine,0,50-64,0.17143260247468015,Medium
31,Female,23.6,97,88,170,0,6,0,7,Other,General Medicine,0,18-34,0.05959253621652169,Low
75,Female,33.0,144,144,235,0,3,0,8,Hypertension,Cardiology,0,65-79,0.18329207284528806,Medium
58,Female,24.6,129,100,217,1,3,1,7,Respiratory,Endocrinology,0,50-64,0.2353729655986162,Medium
49,Male,26.5,121,119,225,0,4,1,2,Other,Surgery,1,35-49,0.12346056632553332,Low
47,Female,30.9,101,79,177,0,0,3,12,Diabetes,Pulmonology,0,35-49,0.519372363837546,High
60,Male,30.7,95,107,163,0,5,1,7,Diabetes,Endocrinology,1,50-64,0.24488175435203,Medium
51,Male,34.5,109,89,233,1,4,0,7,Cardiac,Surgery,0,50-64,0.14185058859576163,Low
30,Female,28.7,107,87,153,0,3,0,6,Respiratory,Surgery,0,18-34,0.06959095953191473,Low
68,Female,30.4,111,111,210,1,5,1,1,Respiratory,Surgery,0,65-79,0.2220272349982972,Medium
44,Female,26.4,126,94,110,0,0,0,1,Other,Cardiology,0,35-49,0.08672273428306801,Low
55,Male,23.1,138,65,217,0,3,2,2,Other,Pulmonology,1,50-64,0.2578444638095259,Medium
79,Female,25.6,120,73,237,0,3,0,3,Cardiac,General Medicine,0,65-79,0.3087166013619749,Medium
42,Male,18.8,119,96,205,0,2,3,5,Other,General Medicine,1,35-49,0.3121489334966453,Medium
50,Male,26.7,114,98,214,0,5,1,3,Other,Surgery,0,50-64,0.12517142439015386,Low
40,Male,26.4,119,87,155,0,0,0,8,Other,Cardiology,0,35-49,0.0875085866100515,Low
54,Male,34.5,118,115,167,0,3,1,4,Diabetes,Cardiology,0,50-64,0.2017445000169274,Medium
45,Male,23.5,129,112,141,1,6,1,2,Other,Surgery,0,35-49,0.09770464781726171,Low
35,Male,29.0,120,81,134,1,6,0,3,Cardiac,Pulmonology,0,35-49,0.09116862947279779,Low
73,Male,27.6,142,73,184,1,6,4,5,Cardiac,Cardiology,0,65-79,0.7072685919090692,High
24,Female,31.5,140,121,120,0,6,1,2,Diabetes,Pulmonology,0,18-34,0.09351087244163657,Low
61,Male,27.0,114,102,197,0,7,2,2,Cardiac,Cardiology,0,50-64,0.36193123276592104,High
22,Male,26.2,109,126,219,1,6,1,5,Cardiac,General Medicine,0,18-34,0.1074718596594906,Low
63,Male,26.1,150,109,224,0,1,0,1,Respiratory,General Medicine,0,50-64,0.15105399774051945,Low
66,Male,16.6,119,141,179,1,2,0,1,Diabetes,Surgery,0,65-79,0.1648230745425727,Medium
37,Male,17.4,104,103,148,0,4,0,4,Other,Cardiology,0,35-49,0.0655317672852988,Low
40,Male,22.5,119,122,211,0,5,1,4,Diabetes,Endocrinology,0,35-49,0.1453421509222767,Low
59,Male,30.0,137,93,212,0,7,0,1,Other,Surgery,0,50-64,0.08173172255508251,Low
58,Female,22.0,133,129,195,0,7,0,5,Other,Endocrinology,0,50-64,0.10903850838599384,Low
36,Female,26.9,113,68,176,0,3,0,5,Other,General Medicine,0,35-49,0.07075345653752503,Low
66,Female,29.6,119,109,211,0,0,1,2,Other,General Medicine,0,65-79,0.2434743192598169,Medium
68,Female,25.1,108,82,166,0,0,2,2,Cardiac,Cardiology,1,65-79,0.5135847356352952,High
63,Female,22.7,128,65,280,0,5,0,4,Cardiac,Cardiology,0,50-64,0.20672212027485543,Medium
34,Male,25.5,109,94,198,0,5,2,5,Hypertension,Cardiology,0,18-34,0.14319389034811966,Low
44,Male,32.4,105,132,159,0,3,0,1,Diabetes,General Medicine,0,35-49,0.09666446430734621,Low
66,Male,27.0,121,65,243,1,0,3,4,Respiratory,Cardiology,0,65-79,0.5138821673410363,High
76,Male,33.0,142,77,185,1,2,0,1,Cardiac,General Medicine,0,65-79,0.24711641734389664,Medium
70,Female,30.6,121,142,214,0,4,2,10,Other,Pulmonology,1,65-79,0.409699903739877,High
62,Male,33.6,132,133,202,0,4,3,2,Other,Endocrinology,0,50-64,0.38519226728406564,High
61,Male,33.5,121,78,132,0,0,1,2,Cardiac,General Medicine,0,50-64,0.30694555675453894,Medium
64,Female,34.9,114,110,207,1,5,2,4,Cardiac,Cardiology,1,50-64,0.4152940976058037,High
32,Male,26.3,118,91,120,1,6,1,2,Respiratory,Pulmonology,0,18-34,0.09701018619324712,Low
35,Male,29.0,122,71,211,1,6,1,4,Other,Cardiology,0,35-49,0.08224274056427155,Low
73,Female,32.1,131,107,210,0,1,2,1,Diabetes,General Medicine,1,65-79,0.4543551239119605,High
61,Female,22.7,108,73,175,0,2,2,5,Other,Surgery,0,50-64,0.31245311909022566,Medium
62,Male,29.3,130,103,173,0,6,2,2,Other,General Medicine,1,50-64,0.2516314775003143,Medium
53,Female,21.3,109,108,198,0,0,0,3,Other,General Medicine,0,50-64,0.123482487253651,Low
46,Female,26.2,122,116,204,0,5,1,4,Other,General Medicine,1,35-49,0.13356535994085547,Low
41,Female,20.6,101,88,206,0,0,2,14,Hypertension,General Medicine,0,35-49,0.2764715697269218,Medium
79,Male,35.3,140,145,228,0,6,3,6,Diabetes,Cardiology,0,65-79,0.5773555386072022,High
41,Female,20.8,106,65,161,0,7,3,3,Other,General Medicine,0,35-49,0.2646406260368433,Medium
63,Female,31.7,144,105,234,0,2,1,5,Hypertension,Surgery,0,50-64,0.19673217661449505,Medium
33,Male,27.1,91,110,195,0,1,2,9,Other,General Medicine,0,18-34,0.19278378903353946,Medium
57,Female,29.0,126,85,201,0,6,1,8,Other,Endocrinology,0,50-64,0.18290439087993052,Medium
57,Male,19.1,127,65,113,1,3,1,4,Respiratory,Cardiology,0,50-64,0.19954014822453878,Medium
64,Female,23.9,124,121,212,1,2,1,6,Cardiac,Endocrinology,1,50-64,0.35356607918144384,High
22,Female,30.9,124,146,191,0,5,0,8,Other,Endocrinology,0,18-34,0.04758042331111848,Low
56,Male,36.5,120,123,183,0,3,0,1,Other,General Medicine,0,50-64,0.09559027530352168,Low
71,Female,28.0,141,112,183,0,0,3,12,Hypertension,Cardiology,1,65-79,0.5676787368858871,High
46,Female,24.2,127,137,185,0,7,1,5,Other,Endocrinology,1,35-49,0.12852326594138033,Low
38,Male,22.8,102,65,137,0,3,2,2,Other,Pulmonology,0,35-49,0.18198709504335178,Medium
33,Male,39.6,121,136,225,1,7,1,6,Respiratory,Endocrinology,0,18-34,0.09447904563664117,Low
48,Male,21.6,126,113,177,0,4,0,4,Respiratory,General Medicine,0,35-49,0.10355546488658329,Low
45,Male,20.6,125,95,238,0,7,0,3,Other,General Medicine,0,35-49,0.06823529365984689,Low
55,Female,29.0,122,72,195,0,5,1,11,Other,Cardiology,0,50-64,0.18945390600450995,Medium
58,Female,23.7,138,138,127,0,0,1,7,Other,Cardiology,0,50-64,0.22475598650307504,Medium
67,Male,23.9,111,69,210,1,1,3,6,Cardiac,Pulmonology,1,65-79,0.6435482721906577,High
86,Male,27.7,141,95,254,0,7,4,7,Cardiac,Endocrinology,1,80+,0.7963975237754167,High
38,Female,28.1,101,102,152,0,0,2,3,Other,General Medicine,1,35-49,0.20581270462650056,Medium
64,Female,25.1,110,103,195,0,1,0,1,Other,Surgery,0,50-64,0.1357266150571082,Low
55,Female,28.4,113,129,198,0,3,1,5,Other,Endocrinology,0,50-64,0.18631757548750805,Medium
60,Male,28.1,128,109,204,0,4,1,4,Other,Surgery,0,50-64,0.1670204072603369,Medium
72,Female,20.5,130,110,200,0,5,3,4,Other,Cardiology,0,65-79,0.48812186819262443,High
44,Male,24.2,97,125,202,0,5,2,8,Diabetes,General Medicine,0,35-49,0.2690045275139436,Medium
52,Male,20.4,147,73,110,0,3,1,6,Hypertension,Surgery,1,50-64,0.14392957075698692,Low
57,Male,38.1,117,97,145,0,0,2,8,Diabetes,Surgery,0,50-64,0.35706347275623757,High
63,Male,36.1,133,84,205,1,2,2,6,Cardiac,General Medicine,0,50-64,0.43102678081144485,High
52,Male,31.5,123,116,236,0,7,1,2,Other,Surgery,0,50-64,0.11500335751544222,Low
57,Male,23.9,108,101,204,1,7,3,3,Other,Endocrinology,1,50-64,0.3328143435599864,Medium
66,Female,32.5,111,103,155,1,1,1,5,Other,Pulmonology,0,65-79,0.2533473666056996,Medium
37,Female,20.7,127,72,230,0,3,1,6,Other,Surgery,0,35-49,0.11434593283646424,Low
42,Male,28.6,91,110,246,0,3,0,4,Other,Surgery,0,35-49,0.07134658965845254,Low
69,Female,34.2,127,98,158,0,4,1,10,Cardiac,General Medicine,1,65-79,0.3860463002727763,High
25,Male,18.3,120,79,193,0,5,0,2,Cardiac,Endocrinology,0,18-34,0.07452172600495201,Low
26,Female,32.9,115,88,172,1,5,0,4,Diabetes,Endocrinology,0,18-34,0.06065356655062589,Low
62,Male,28.6,113,112,179,0,7,0,4,Other,Cardiology,0,50-64,0.10504846028951825,Low
68,Male,30.8,147,164,178,0,1,4,6,Cardiac,Surgery,0,65-79,0.7260890307336717,High
48,Male,29.3,94,87,159,0,2,2,4,Other,Endocrinology,1,35-49,0.23244318277111858,Medium
28,Female,33.5,107,84,110,0,7,0,2,Other,Endocrinology,0,18-34,0.04349122129889425,Low
75,Female,23.2,100,65,192,0,0,1,2,Other,General Medicine,0,65-79,0.30542985612094453,Medium
38,Female,35.4,102,128,191,0,4,2,3,Other,Endocrinology,0,35-49,0.17441422803469894,Medium
73,Female,32.5,130,128,239,0,1,4,7,Other,Surgery,1,65-79,0.6598990488908504,High
65,Female,25.9,154,81,198,1,6,1,10,Hypertension,Pulmonology,0,65-79,0.21875376823292425,Medium
89,Male,26.5,149,140,256,0,3,3,3,Other,Pulmonology,0,80+,0.6153490279712701,High
36,Male,23.5,117,119,178,0,5,0,2,Other,Endocrinology,0,35-49,0.05722015001031496,Low
68,Male,31.9,127,119,200,0,2,2,4,Diabetes,General Medicine,0,65-79,0.40972940149613,High
48,Male,27.6,120,106,169,0,5,1,14,Other,Endocrinology,0,35-49,0.16680450370362687,Medium
37,Female,30.9,132,122,207,1,0,1,4,Diabetes,General Medicine,0,35-49,0.15779169397264506,Medium
52,Male,30.9,122,87,176,1,5,1,3,Respiratory,General Medicine,0,50-64,0.1566524508350216,Medium
95,Male,25.3,140,83,185,0,7,2,3,Other,General Medicine,1,80+,0.4628129250855729,High
60,Female,32.4,126,86,208,1,4,1,2,Diabetes,Endocrinology,1,50-64,0.2239523628307277,Medium
40,Female,39.8,111,166,171,0,2,1,6,Diabetes,Endocrinology,0,35-49,0.17207504436112625,Medium
85,Female,25.8,133,65,262,1,2,6,8,Respiratory,Surgery,1,80+,0.9042244738560622,High
51,Male,23.8,121,83,234,1,5,0,3,Respiratory,Pulmonology,0,50-64,0.10638091790949279,Low
72,Female,18.5,113,68,148,0,4,3,5,Cardiac,Surgery,0,65-79,0.6382770927145092,High
49,Male,29.6,117,102,161,0,1,2,9,Other,Endocrinology,1,35-49,0.26722044090490765,Medium
23,Female,29.1,90,94,137,0,1,0,8,Other,Cardiology,0,18-34,0.05883663878398535,Low
54,Male,37.1,134,111,207,1,3,1,3,Other,Endocrinology,0,50-64,0.14491305446956887,Low
71,Male,23.7,129,126,182,1,1,1,8,Respiratory,General Medicine,0,65-79,0.3156365383199516,Medium
67,Male,26.5,119,65,191,0,1,4,5,Other,General Medicine,0,65-79,0.6146672084913327,High
60,Female,22.6,133,105,206,0,2,3,5,Diabetes,General Medicine,1,50-64,0.5231235275651992,High
74,Male,25.2,148,143,180,0,5,2,10,Diabetes,General Medicine,0,65-79,0.46248685506354587,High
76,Male,31.8,127,90,135,1,7,6,6,Respiratory,General Medicine,1,65-79,0.8415009356592243,High
55,Female,25.7,140,94,208,0,4,2,4,Hypertension,Surgery,0,50-64,0.23366750843979928,Medium
64,Male,25.8,113,91,150,0,6,2,3,Other,General Medicine,0,50-64,0.2758101586653404,Medium
40,Male,27.2,124,87,191,0,4,0,6,Other,General Medicine,0,35-49,0.07081787748070727,Low
49,Female,29.4,110,122,124,0,1,2,22,Other,Surgery,0,35-49,0.34456116560373773,High
53,Female,24.0,128,127,217,1,4,0,1,Respiratory,Surgery,0,50-64,0.10311294815767436,Low
50,Female,26.9,128,113,184,1,0,1,3,Cardiac,Endocrinology,1,50-64,0.2640029674922744,Medium
78,Male,23.6,123,65,123,0,4,0,10,Other,Endocrinology,0,65-79,0.20793356869060708,Medium
45,Female,24.0,108,95,126,1,2,0,1,Respiratory,General Medicine,1,35-49,0.09955045372847743,Low
65,Female,31.2,102,118,208,0,6,2,2,Cardiac,Surgery,0,65-79,0.4040116914481548,High
34,Male,20.8,107,95,118,0,5,2,2,Other,General Medicine,0,18-34,0.14423838477086562,Low
34,Female,29.5,131,92,182,0,2,0,1,Other,Cardiology,0,18-34,0.05986686152992345,Low
38,Male,29.1,122,113,159,1,2,1,7,Other,Endocrinology,0,35-49,0.11694900004265431,Low
60,Male,25.1,119,99,229,0,0,3,6,Other,General Medicine,0,50-64,0.454672777204003,High
40,Male,29.2,94,146,186,0,6,2,3,Diabetes,General Medicine,1,35-49,0.21027391438577245,Medium
47,Male,21.6,137,111,164,0,5,2,4,Diabetes,General Medicine,0,35-49,0.25513884073331317,Medium
34,Male,19.3,114,107,177,0,5,0,3,Other,General Medicine,0,18-34,0.05624258704032402,Low
54,Female,30.2,109,65,188,0,3,2,4,Other,Surgery,0,50-64,0.24842432798778474,Medium
29,Female,27.0,109,77,210,0,4,1,2,Other,Surgery,0,18-34,0.07964544790913891,Low
41,Female,26.6,100,137,191,0,4,0,7,Other,General Medicine,0,35-49,0.08398435499062537,Low
34,Female,30.0,103,103,241,0,4,2,3,Cardiac,Endocrinology,0,18-34,0.2570482485271574,Medium
56,Female,27.0,121,65,164,0,6,0,3,Other,General Medicine,1,50-64,0.09931778591870877,Low
59,Female,29.7,98,109,232,1,4,2,4,Cardiac,General Medicine,1,50-64,0.40856086759633925,High
70,Female,22.3,109,81,176,1,1,0,3,Respiratory,General Medicine,1,65-79,0.2028282824138357,Medium
68,Male,27.6,129,114,152,0,6,1,3,Other,General Medicine,1,65-79,0.19563415097596787,Medium
95,Female,19.1,148,113,270,0,2,7,5,Hypertension,Cardiology,1,80+,0.9460586819327991,High
76,Female,25.2,150,100,248,1,5,2,10,Cardiac,General Medicine,0,65-79,0.5493065450034477,High
58,Male,37.4,121,111,123,0,0,0,3,Diabetes,Surgery,0,50-64,0.14503594578358736,Low
70,Male,30.7,109,118,168,0,6,2,6,Cardiac,Pulmonology,1,65-79,0.4840349108384776,High
63,Female,21.4,120,74,181,0,1,0,3,Cardiac,Cardiology,0,50-64,0.23564774716515324,Medium
18,Male,30.3,118,142,234,0,0,1,3,Other,General Medicine,0,18-34,0.07099365547974187,Low
63,Female,36.2,127,158,182,0,3,1,11,Diabetes,Cardiology,0,50-64,0.30002405611896726,Medium
43,Male,28.8,100,145,139,0,1,2,7,Other,Endocrinology,0,35-49,0.2303812741353586,Medium
82,Female,37.6,106,86,203,0,1,1,2,Diabetes,General Medicine,1,80+,0.39407206596036043,High
64,Male,20.1,106,65,230,0,5,2,2,Cardiac,Cardiology,1,50-64,0.4148754918342908,High
61,Male,32.0,147,121,163,0,2,1,2,Other,Endocrinology,1,50-64,0.18345619267841848,Medium
68,Male,22.2,152,125,205,1,6,1,3,Other,Endocrinology,0,65-79,0.18981267282109632,Medium
40,Female,31.7,130,146,209,0,5,2,2,Diabetes,Endocrinology,0,35-49,0.21947425106650006,Medium
47,Female,25.3,154,88,192,0,2,1,7,Other,General Medicine,1,35-49,0.15950625634284665,Medium
76,Female,31.9,156,65,139,0,6,0,3,Hypertension,Surgery,0,65-79,0.1372882681783226,Low
62,Female,27.5,122,82,154,1,0,0,2,Other,General Medicine,0,50-64,0.1370404499328548,Low
18,Male,28.3,114,124,184,0,4,0,2,Cardiac,Endocrinology,0,18-34,0.06211150140511673,Low
39,Male,28.1,112,103,155,1,1,1,1,Other,Endocrinology,0,35-49,0.10916079769115708,Low
18,Female,31.2,90,129,212,0,7,1,9,Other,Pulmonology,0,18-34,0.07362370279907479,Low
44,Male,20.6,115,87,162,0,6,0,3,Other,Pulmonology,0,35-49,0.07498832797693177,Low
81,Female,17.5,101,104,179,0,6,1,3,Other,Endocrinology,0,80+,0.2998432291551589,Medium
60,Male,21.5,139,85,189,1,5,0,1,Respiratory,Surgery,1,50-64,0.10900762277550506,Low
49,Male,22.1,126,65,172,0,7,2,3,Other,Endocrinology,0,35-49,0.19291302121053366,Medium
28,Female,28.6,128,87,141,0,1,1,7,Cardiac,Pulmonology,0,18-34,0.18367139718727768,Medium
57,Male,36.8,93,116,257,0,1,2,4,Diabetes,General Medicine,0,50-64,0.35129004324882046,High
67,Male,26.3,142,107,224,0,4,1,3,Hypertension,General Medicine,0,65-79,0.19640288901373884,Medium
75,Male,29.5,135,141,209,0,2,1,4,Cardiac,Endocrinology,0,65-79,0.39776732252756025,High
54,Male,24.5,129,141,188,0,1,1,3,Diabetes,General Medicine,0,50-64,0.22299295602854588,Medium
36,Female,26.8,116,172,196,0,4,2,5,Diabetes,General Medicine,0,35-49,0.2281952169410365,Medium
64,Female,28.0,123,94,224,0,1,2,4,Hypertension,Pulmonology,0,50-64,0.3504743935218449,High
57,Male,22.5,111,141,198,0,7,0,4,Diabetes,Cardiology,0,50-64,0.12687819672621306,Low
79,Male,28.8,108,117,230,0,4,1,5,Other,Cardiology,0,65-79,0.2810786219485636,Medium
44,Male,23.9,108,109,176,1,3,3,3,Respiratory,Pulmonology,0,35-49,0.3514164259373866,High
36,Female,35.3,141,76,182,0,4,0,4,Other,General Medicine,0,35-49,0.06116753438023439,Low
73,Male,32.4,129,121,156,0,4,0,4,Other,Pulmonology,0,65-79,0.16349282532261042,Medium
66,Female,21.4,131,108,243,0,5,3,10,Other,Surgery,0,65-79,0.4702844718506092,High
64,Male,28.8,134,120,175,0,7,1,4,Other,Endocrinology,0,50-64,0.1759219132591953,Medium
47,Female,27.8,129,101,191,0,5,4,5,Other,Cardiology,0,35-49,0.43910245934506703,High
69,Female,23.4,116,103,226,0,1,0,1,Other,General Medicine,0,65-79,0.16520004318888465,Medium
47,Female,21.6,118,132,110,1,0,2,2,Respiratory,General Medicine,0,35-49,0.2792613203532205,Medium
49,Female,26.7,124,100,246,0,4,0,1,Cardiac,Pulmonology,0,35-49,0.15390207815091328,Medium
65,Male,29.4,111,123,251,1,3,2,3,Respiratory,General Medicine,1,65-79,0.3438308612724566,High
83,Female,33.8,132,134,220,0,6,3,8,Cardiac,Surgery,1,80+,0.686833438385909,High
81,Male,23.1,177,91,189,0,3,2,13,Other,General Medicine,1,80+,0.4691469181672906,High
56,Male,23.1,131,125,159,0,5,2,2,Other,Surgery,0,50-64,0.2198280852308235,Medium
24,Male,26.4,116,65,184,0,4,1,3,Other,General Medicine,0,18-34,0.07085932617460047,Low
37,Male,21.2,124,108,219,0,6,0,3,Other,Cardiology,0,35-49,0.05626795059477343,Low
21,Female,40.3,113,112,163,1,4,1,1,Other,Surgery,0,18-34,0.055454210245700956,Low
34,Female,24.6,119,84,174,1,1,0,3,Respiratory,Cardiology,0,18-34,0.07919791062319935,Low
89,Male,27.0,134,111,205,0,5,4,6,Other,General Medicine,1,80+,0.7173767879903615,High
95,Female,23.2,137,65,280,0,0,4,6,Cardiac,Cardiology,1,80+,0.8803140900501558,High
24,Female,20.9,100,108,180,0,3,3,5,Other,General Medicine,1,18-34,0.22149330665937572,Medium
49,Male,21.3,122,77,157,0,5,1,4,Other,General Medicine,0,35-49,0.13585832389293445,Low
50,Male,25.6,124,108,154,0,3,2,1,Other,General Medicine,0,50-64,0.21427848896906504,Medium
82,Male,19.3,155,91,205,1,7,2,6,Hypertension,General Medicine,0,80+,0.3704180791548118,High
45,Female,29.1,115,126,241,0,7,1,5,Other,General Medicine,0,35-49,0.12299780041765375,Low
95,Female,31.4,130,103,207,0,2,0,5,Cardiac,General Medicine,1,80+,0.42952660696387795,High
38,Male,27.5,117,127,209,0,5,3,9,Other,General Medicine,0,35-49,0.27500441884278554,Medium
60,Male,27.1,134,80,170,0,2,0,3,Other,General Medicine,1,50-64,0.11866464488445491,Low
60,Female,34.7,119,165,136,0,7,2,9,Cardiac,General Medicine,0,50-64,0.4165272496140587,High
36,Male,27.7,94,129,153,0,6,2,9,Other,Endocrinology,1,35-49,0.172360698136698,Medium
51,Female,33.2,128,101,237,0,6,2,9,Other,Surgery,0,50-64,0.22735355737926483,Medium
44,Male,29.7,139,123,220,0,4,0,1,Other,Pulmonology,1,35-49,0.07247833539486855,Low
32,Male,23.1,102,88,262,0,6,1,5,Other,Endocrinology,0,18-34,0.08957711161151616,Low
79,Female,26.3,128,100,199,0,0,1,4,Other,Endocrinology,0,65-79,0.3351671341746285,Medium
51,Female,25.7,123,80,244,0,0,1,4,Respiratory,Surgery,0,50-64,0.20268113064835683,Medium
54,Male,31.7,108,93,220,0,7,0,6,Other,General Medicine,0,50-64,0.09051682473270062,Low
58,Female,28.5,160,116,231,0,3,1,7,Hypertension,Endocrinology,0,50-64,0.19054892933590029,Medium
49,Female,32.7,103,99,164,0,5,1,3,Other,Surgery,0,35-49,0.12903173384747546,Low
57,Female,32.4,104,105,191,1,7,0,2,Cardiac,Cardiology,0,50-64,0.1493236912083532,Low
64,Female,28.9,126,97,236,0,3,0,6,Other,Cardiology,0,50-64,0.14459219795383746,Low
57,Male,37.2,129,125,156,0,6,1,3,Other,Pulmonology,0,50-64,0.15397731848149052,Medium
43,Male,26.8,117,86,225,0,5,0,2,Other,General Medicine,0,35-49,0.06705321229656895,Low
64,Male,26.8,127,132,219,0,5,2,3,Diabetes,Cardiology,0,50-64,0.3462565811331928,High
34,Male,27.7,109,75,174,1,1,1,3,Other,General Medicine,0,18-34,0.0999825482774442,Low
62,Male,32.5,105,108,208,0,5,0,2,Other,General Medicine,0,50-64,0.10945778417079893,Low
84,Female,28.1,115,109,187,0,0,1,3,Cardiac,Endocrinology,1,80+,0.5053313826772425,High
95,Female,30.6,135,93,110,0,0,5,9,Cardiac,General Medicine,1,80+,0.9303120673920269,High
31,Male,30.3,118,110,173,1,5,1,2,Other,Surgery,0,18-34,0.0690764727933469,Low
39,Male,23.0,116,108,155,0,4,1,4,Other,General Medicine,0,35-49,0.11013924054111704,Low
57,Female,31.0,121,72,174,0,0,1,2,Other,Pulmonology,0,50-64,0.20838927017326764,Medium
57,Female,33.6,145,128,241,0,7,2,3,Respiratory,Cardiology,1,50-64,0.26674386818929063,Medium
55,Male,18.2,112,101,206,0,4,0,9,Other,Surgery,0,50-64,0.11183464458597017,Low
28,Female,28.6,125,92,229,0,4,0,3,Respiratory,Cardiology,1,18-34,0.060925646396685504,Low
51,Male,27.1,104,133,159,0,6,2,3,Hypertension,Cardiology,0,50-64,0.19794595202917845,Medium
57,Male,26.8,119,123,189,1,4,2,3,Respiratory,Surgery,1,50-64,0.26734040142997284,Medium
59,Male,25.1,124,77,240,1,5,0,1,Cardiac,Cardiology,0,50-64,0.15556468440092092,Medium
51,Female,26.2,97,90,165,0,1,2,11,Other,Pulmonology,0,50-64,0.33123981006025555,Medium
56,Male,17.7,104,80,224,0,2,1,4,Other,General Medicine,0,50-64,0.18827888433580256,Medium
66,Female,26.0,140,104,237,1,4,1,2,Other,Surgery,1,65-79,0.18792519788991158,Medium
21,Male,28.4,113,83,191,0,3,1,1,Hypertension,General Medicine,0,18-34,0.06148169319710487,Low
18,Female,26.8,125,99,146,0,4,0,1,Other,Pulmonology,0,18-34,0.039547195364192725,Low
51,Female,30.1,119,65,246,0,7,4,9,Cardiac,General Medicine,1,50-64,0.62067007509636,High
47,Male,27.6,122,120,210,1,7,1,2,Cardiac,General Medicine,1,35-49,0.17472878147936782,Medium
46,Female,24.5,127,110,188,0,2,3,4,Other,Cardiology,0,35-49,0.33657158792668757,Medium
45,Female,30.4,112,129,179,0,5,0,1,Diabetes,Cardiology,0,35-49,0.09699966318464652,Low
73,Male,41.7,118,120,204,0,0,1,4,Cardiac,Endocrinology,0,65-79,0.3949696826354122,High
64,Female,33.3,131,101,214,1,7,2,6,Other,Cardiology,0,50-64,0.273987559162782,Medium
57,Male,20.4,121,71,212,0,2,4,10,Other,General Medicine,1,50-64,0.5759192366823187,High
28,Male,26.3,121,112,110,0,1,0,5,Hypertension,General Medicine,0,18-34,0.054413230752085935,Low
73,Female,24.8,111,110,254,0,1,2,7,Cardiac,General Medicine,1,65-79,0.5796504492886402,High
61,Male,30.3,128,106,200,0,3,1,14,Other,Endocrinology,0,50-64,0.2378731965639994,Medium
40,Female,26.4,106,93,130,1,4,3,9,Other,Pulmonology,0,35-49,0.3213126306391394,Medium
56,Male,27.7,115,91,187,0,1,4,6,Other,General Medicine,0,50-64,0.5449499023709977,High
51,Female,21.1,112,92,127,1,3,2,6,Respiratory,Endocrinology,0,50-64,0.30197950889488884,Medium
42,Male,27.9,110,130,174,0,5,1,4,Diabetes,Surgery,0,35-49,0.13833241712731464,Low
35,Male,34.7,101,135,125,0,6,0,5,Other,Endocrinology,0,35-49,0.05564864445375473,Low
48,Female,31.0,129,144,167,1,7,1,8,Respiratory,Surgery,0,35-49,0.1479225068282098,Low
58,Female,27.3,102,142,291,0,7,1,8,Diabetes,General Medicine,0,50-64,0.23972873623508775,Medium
31,Male,22.0,106,78,212,0,0,0,6,Hypertension,General Medicine,0,18-34,0.06604911819675129,Low
69,Female,25.9,136,83,252,0,1,0,4,Cardiac,Pulmonology,0,65-79,0.28532589259433194,Medium
39,Male,23.2,93,65,196,0,4,0,5,Other,Cardiology,0,35-49,0.0697805870870208,Low
58,Female,22.1,145,160,210,0,4,2,10,Diabetes,General Medicine,1,50-64,0.3877239771540473,High
60,Female,29.5,129,88,184,0,7,3,6,Other,Cardiology,0,50-64,0.3820650546894643,High
52,Female,30.8,124,145,223,0,4,2,5,Diabetes,Endocrinology,1,50-64,0.3148440216682139,Medium
50,Male,27.1,96,136,200,0,5,4,4,Other,General Medicine,1,50-64,0.45099126414882756,High
62,Male,22.3,118,128,217,1,1,0,6,Other,Surgery,0,50-64,0.13053766108112402,Low
80,Female,31.5,165,86,142,0,7,2,9,Cardiac,Cardiology,1,80+,0.5409407669609247,High
54,Male,32.6,109,114,238,0,3,1,3,Other,Cardiology,0,50-64,0.1553395775761952,Medium
64,Female,25.6,151,130,205,0,0,2,2,Cardiac,Surgery,0,50-64,0.45590986830727975,High
81,Female,23.4,126,67,162,1,3,3,3,Respiratory,General Medicine,1,80+,0.6066725024343902,High
63,Male,29.1,125,111,233,0,4,0,1,Cardiac,Cardiology,0,50-64,0.18326871841956227,Medium
67,Male,30.8,150,83,180,0,1,0,7,Hypertension,General Medicine,0,65-79,0.14986216837735228,Low
18,Male,20.1,118,85,193,0,3,1,10,Other,General Medicine,0,18-34,0.07812643983051784,Low
35,Female,33.3,99,77,225,0,7,2,5,Diabetes,Cardiology,1,35-49,0.1932716857132099,Medium
21,Female,29.3,104,155,177,0,2,0,6,Other,Pulmonology,0,18-34,0.05498540257075067,Low
70,Male,34.7,121,145,244,1,0,2,3,Cardiac,General Medicine,0,65-79,0.49182463258231013,High
46,Female,24.7,121,75,206,0,0,1,4,Other,General Medicine,0,35-49,0.1629293556925371,Medium
35,Female,21.8,90,129,189,0,2,1,8,Other,Cardiology,0,35-49,0.1315167311501283,Low
54,Female,33.9,131,147,201,0,4,3,2,Cardiac,Endocrinology,0,50-64,0.49223672493109283,High
75,Female,23.6,123,92,258,0,2,1,3,Cardiac,Surgery,1,65-79,0.39836059941064406,High
53,Male,35.2,161,120,198,0,1,0,3,Diabetes,General Medicine,0,50-64,0.12821399681756374,Low
47,Female,23.5,100,115,213,0,2,1,7,Other,General Medicine,0,35-49,0.1717560615820965,Medium
62,Female,26.3,135,126,230,0,5,4,4,Other,Endocrinology,1,50-64,0.5496632742824565,High
70,Female,22.3,127,73,238,1,2,0,11,Other,Pulmonology,1,65-79,0.2069117264634075,Medium
47,Female,32.8,143,86,235,0,4,1,8,Other,General Medicine,0,35-49,0.14826927898992534,Low
60,Male,24.1,122,113,255,0,6,3,6,Cardiac,Endocrinology,0,50-64,0.5355986514093528,High
71,Male,27.4,128,87,141,0,3,1,2,Other,Cardiology,0,65-79,0.22455332422461544,Medium
52,Female,24.4,124,112,214,0,4,0,1,Hypertension,General Medicine,0,50-64,0.08981606748727733,Low
56,Male,26.7,93,133,188,0,3,1,5,Cardiac,General Medicine,1,50-64,0.2839160061571631,Medium
43,Female,24.7,113,65,163,0,0,2,3,Other,Surgery,0,35-49,0.21540229566287566,Medium
38,Male,22.0,115,82,169,0,7,0,1,Respiratory,General Medicine,1,35-49,0.06523452031987757,Low
52,Male,30.0,118,87,189,0,2,0,2,Other,Cardiology,0,50-64,0.09319276375059493,Low
61,Female,27.2,135,104,163,0,0,0,3,Diabetes,Cardiology,0,50-64,0.18219672638553872,Medium
47,Male,21.6,123,84,290,0,5,0,2,Diabetes,Cardiology,0,35-49,0.10009807498727517,Low
41,Male,29.2,132,164,219,0,3,0,6,Other,Surgery,0,35-49,0.06970984249645774,Low
69,Female,32.2,140,86,184,0,4,1,4,Other,Endocrinology,0,65-79,0.229927923486589,Medium
18,Male,32.6,90,101,188,0,5,0,3,Diabetes,Surgery,0,18-34,0.04359820471757254,Low
55,Male,26.3,114,97,203,0,2,0,1,Diabetes,Surgery,0,50-64,0.12599987578753993,Low
26,Female,34.4,107,124,141,0,1,1,8,Diabetes,Cardiology,0,18-34,0.1324337808298203,Low
87,Male,20.1,100,80,302,1,1,3,8,Respiratory,General Medicine,1,80+,0.6943269995984597,High
61,Male,19.2,136,100,158,0,2,3,3,Cardiac,Surgery,0,50-64,0.5428748479721418,High
34,Female,29.1,128,131,179,0,5,0,3,Cardiac,Endocrinology,0,18-34,0.09896149526401418,Low
74,Male,24.8,113,99,216,0,2,1,2,Other,Cardiology,1,65-79,0.25627251582575644,Medium
56,Male,26.1,143,98,261,0,6,0,3,Hypertension,General Medicine,0,50-64,0.08676281437800691,Low
52,Female,25.8,140,103,176,1,0,1,3,Respiratory,General Medicine,1,50-64,0.20358915529067986,Medium
69,Male,29.4,137,88,215,1,1,0,7,Cardiac,Cardiology,0,65-79,0.25161547114384936,Medium
52,Male,23.4,98,137,184,0,1,0,1,Other,General Medicine,0,50-64,0.10263255586474253,Low
18,Female,26.6,109,99,131,0,1,2,17,Diabetes,Endocrinology,0,18-34,0.22231114827083193,Medium
71,Female,22.0,116,77,227,0,4,2,3,Respiratory,Cardiology,1,65-79,0.4071058504037544,High
52,Female,22.8,145,112,204,0,1,0,3,Other,General Medicine,0,50-64,0.10999999088018707,Low
48,Male,34.9,119,113,175,0,1,0,3,Diabetes,Cardiology,0,35-49,0.11665895892000988,Low
77,Male,20.8,124,65,176,0,4,2,5,Hypertension,Pulmonology,1,65-79,0.3999414335831663,High
37,Male,25.6,104,74,218,1,6,1,4,Hypertension,General Medicine,0,35-49,0.08764308899771336,Low
49,Male,33.7,112,110,110,1,0,1,3,Respiratory,Endocrinology,0,35-49,0.17814203009035345,Medium
34,Female,28.9,141,65,110,0,6,1,2,Hypertension,Surgery,0,18-34,0.0752705303767886,Low
33,Female,27.3,126,106,213,0,3,0,3,Other,General Medicine,0,18-34,0.06122904912223773,Low
47,Male,26.1,138,80,174,0,3,1,1,Other,General Medicine,0,35-49,0.1249097010365111,Low
61,Male,26.1,121,97,208,1,7,0,2,Respiratory,General Medicine,0,50-64,0.11415048821167699,Low
71,Male,40.5,130,119,196,0,6,1,2,Other,Endocrinology,0,65-79,0.19642523605059714,Medium
58,Female,25.1,107,65,267,0,1,2,4,Other,Endocrinology,0,50-64,0.3171718875150512,Medium
65,Female,35.3,129,138,232,0,2,1,1,Cardiac,Surgery,0,65-79,0.3050368040227881,Medium
39,Female,28.8,108,71,225,0,3,0,4,Other,General Medicine,0,35-49,0.07471346547459144,Low
68,Male,34.8,149,128,221,0,3,1,2,Hypertension,General Medicine,0,65-79,0.1955170252268139,Medium
33,Female,37.3,115,100,177,0,0,0,2,Diabetes,Endocrinology,0,18-34,0.08849783009549109,Low
23,Male,25.4,95,108,174,0,5,1,6,Other,General Medicine,0,18-34,0.07420926961519043,Low
56,Male,23.3,115,103,220,0,4,0,2,Other,Cardiology,0,50-64,0.09911351022673036,Low
82,Male,30.0,115,65,190,0,6,0,1,Cardiac,General Medicine,0,80+,0.26514783169340317,Medium
39,Female,26.5,125,109,213,0,5,1,2,Other,Pulmonology,1,35-49,0.1133127032500278,Low
95,Male,35.0,137,109,214,0,3,2,5,Other,Surgery,1,80+,0.49140263863549444,High
43,Male,29.2,116,124,173,1,7,1,5,Respiratory,General Medicine,0,35-49,0.12390997482838667,Low
22,Male,35.7,120,98,187,1,2,0,1,Cardiac,Endocrinology,0,18-34,0.06654004012500618,Low
63,Male,25.8,90,68,199,0,1,0,1,Other,General Medicine,0,50-64,0.13445863133350838,Low
24,Female,22.1,100,110,174,1,6,2,2,Cardiac,General Medicine,0,18-34,0.18319540015769414,Medium
74,Female,24.8,137,134,205,0,3,4,7,Cardiac,Surgery,0,65-79,0.7706079755362889,High
73,Female,31.2,145,103,285,0,0,0,1,Hypertension,General Medicine,0,65-79,0.16977822628263703,Medium
47,Male,31.3,125,127,218,0,6,2,7,Other,General Medicine,0,35-49,0.20118997696267232,Medium
46,Male,29.7,112,115,186,0,3,0,1,Other,Surgery,0,35-49,0.07087321747672207,Low
30,Female,29.6,119,99,199,0,0,0,5,Other,Pulmonology,1,18-34,0.07245341524612044,Low
72,Female,29.5,144,120,160,0,3,1,4,Other,Endocrinology,0,65-79,0.25663349683733583,Medium
38,Male,23.3,128,133,138,0,5,0,2,Other,General Medicine,0,35-49,0.05884419865605967,Low
40,Male,27.8,101,108,230,0,2,0,2,Other,General Medicine,0,35-49,0.07165822143226286,Low
67,Female,27.3,103,85,231,0,6,2,2,Hypertension,Cardiology,0,65-79,0.2924794677828114,Medium
33,Male,22.5,94,97,139,0,7,1,5,Other,Endocrinology,0,18-34,0.08876635868786888,Low
66,Female,31.8,119,65,200,0,0,1,2,Other,General Medicine,0,65-79,0.23995030696216857,Medium
67,Female,31.2,127,111,264,0,4,2,2,Cardiac,General Medicine,0,65-79,0.45348570655097886,High
30,Male,26.5,121,121,227,0,3,0,8,Other,Surgery,0,18-34,0.05579132982240128,Low
88,Male,26.8,137,65,166,0,5,1,3,Cardiac,General Medicine,0,80+,0.44477588712183347,High
48,Male,16.0,112,65,293,1,3,1,11,Other,Surgery,0,35-49,0.1574632637011767,Medium
63,Female,28.1,105,129,171,0,1,1,3,Cardiac,Pulmonology,0,50-64,0.3654598537258573,High
80,Male,32.7,129,142,221,1,0,1,3,Other,Cardiology,0,80+,0.2925160258024742,Medium
51,Female,28.1,116,130,167,1,7,0,1,Cardiac,Pulmonology,0,50-64,0.13754120379294774,Low
59,Female,29.0,102,80,182,0,3,1,4,Other,Cardiology,1,50-64,0.19519705048039443,Medium
47,Male,26.7,130,149,194,0,1,0,3,Other,Surgery,0,35-49,0.08327618507706316,Low
40,Female,42.4,128,122,178,0,1,2,2,Other,Cardiology,1,35-49,0.18317853917458873,Medium
37,Male,16.4,143,114,167,0,4,1,5,Other,General Medicine,1,35-49,0.10732409892674424,Low
87,Male,20.4,108,98,209,0,3,2,3,Hypertension,Surgery,1,80+,0.43598979411605626,High
57,Male,23.6,107,107,180,0,6,0,4,Respiratory,General Medicine,0,50-64,0.12174926848197529,Low
87,Male,26.4,158,115,168,1,1,1,4,Hypertension,Pulmonology,1,80+,0.339236556700946,Medium
44,Female,35.9,126,90,194,0,0,2,3,Cardiac,General Medicine,0,35-49,0.3384083483077194,Medium
88,Male,24.9,132,122,161,0,7,1,2,Hypertension,Surgery,0,80+,0.26243231291112995,Medium
36,Female,20.8,103,113,212,0,3,2,3,Other,Pulmonology,0,35-49,0.19364514213089715,Medium
68,Male,33.4,139,132,176,0,7,0,1,Other,Pulmonology,0,65-79,0.11757550353856135,Low
53,Female,27.4,117,110,217,0,1,2,5,Diabetes,Cardiology,0,50-64,0.3494113664555027,High
41,Male,36.9,90,87,179,0,1,0,7,Other,Cardiology,0,35-49,0.08278444840251355,Low
53,Male,30.5,105,80,165,0,1,2,5,Other,Endocrinology,0,50-64,0.26933781711027177,Medium
18,Female,31.0,98,65,189,0,1,1,4,Cardiac,Surgery,1,18-34,0.1193593833331883,Low
75,Male,25.7,109,106,140,0,4,3,8,Other,Cardiology,0,65-79,0.5274867316960087,High
50,Male,26.1,94,122,202,0,2,3,4,Other,Pulmonology,1,50-64,0.374845972571736,High
57,Female,29.1,145,144,160,0,1,1,4,Diabetes,General Medicine,0,50-64,0.25027499826839844,Medium
39,Male,37.2,147,129,216,0,3,0,5,Other,General Medicine,0,35-49,0.0652341598189994,Low
18,Female,39.2,107,156,145,1,3,1,5,Hypertension,Surgery,0,18-34,0.057625369263877124,Low
83,Male,40.0,133,121,158,0,6,2,3,Cardiac,Surgery,1,80+,0.49568941747941486,High
67,Female,21.6,127,119,257,0,6,1,7,Cardiac,Endocrinology,1,65-79,0.35264671569797396,High
55,Male,29.3,131,151,250,0,2,1,5,Diabetes,Surgery,0,50-64,0.21159321610682055,Medium
86,Male,30.2,136,74,189,0,5,3,4,Hypertension,General Medicine,1,80+,0.5434429625287006,High
58,Male,29.9,116,136,197,0,5,0,11,Other,Endocrinology,0,50-64,0.1255206807838151,Low
44,Male,21.8,125,118,137,0,3,0,6,Other,General Medicine,0,35-49,0.08439685209215261,Low
31,Female,34.2,130,114,209,0,7,0,1,Other,Surgery,0,18-34,0.04095422470923588,Low
39,Male,29.0,132,84,150,0,1,1,2,Other,General Medicine,0,35-49,0.11245124138893398,Low
47,Female,30.1,119,122,200,1,4,1,5,Other,Endocrinology,0,35-49,0.13904408556654096,Low
27,Male,26.4,114,100,111,1,6,1,3,Cardiac,General Medicine,1,18-34,0.11423625543616509,Low
34,Female,26.5,121,65,115,0,4,3,3,Other,General Medicine,0,18-34,0.24225657712335064,Medium
73,Male,21.9,145,135,270,0,0,1,3,Hypertension,Surgery,0,65-79,0.24812754390121058,Medium
91,Female,26.5,132,75,217,0,1,1,2,Other,Endocrinology,0,80+,0.3893563138307052,High
78,Female,17.6,126,124,170,0,2,1,6,Other,General Medicine,1,65-79,0.32924470972122505,Medium
56,Male,27.9,118,88,188,0,1,0,3,Respiratory,General Medicine,0,50-64,0.13661901330517728,Low
62,Male,35.6,138,98,163,0,6,1,4,Cardiac,Surgery,1,50-64,0.2464095145845268,Medium
56,Female,27.2,112,136,181,0,6,0,1,Other,General Medicine,0,50-64,0.09636194743093873,Low
35,Female,30.2,109,101,210,0,1,0,2,Other,General Medicine,0,35-49,0.06901406870026,Low
57,Male,28.1,118,65,249,0,6,3,6,Other,Cardiology,1,50-64,0.3584279709145847,High
70,Female,36.0,116,100,208,0,3,0,4,Respiratory,General Medicine,0,65-79,0.18900854993595245,Medium
30,Female,19.8,99,65,164,0,5,0,3,Respiratory,General Medicine,0,18-34,0.06723474832231309,Low
59,Female,28.2,126,84,148,0,5,0,1,Cardiac,Endocrinology,0,50-64,0.17578815384338908,Medium
51,Male,21.9,107,97,185,0,3,2,5,Other,General Medicine,0,50-64,0.24715389480465438,Medium
60,Female,29.9,131,90,110,0,4,1,3,Other,Pulmonology,0,50-64,0.19576757176680176,Medium
47,Female,17.3,131,115,187,0,3,1,10,Hypertension,Surgery,0,35-49,0.15708539560490506,Medium
42,Female,35.0,109,114,209,0,3,1,4,Other,General Medicine,0,35-49,0.12754148854400502,Low
49,Male,27.5,109,117,225,0,1,0,5,Cardiac,Surgery,0,35-49,0.15693563981705833,Medium
46,Male,27.0,116,78,203,0,1,1,5,Hypertension,Cardiology,0,35-49,0.14010514941470353,Low
44,Female,29.5,115,74,178,0,0,1,7,Hypertension,Surgery,0,35-49,0.14626443075983622,Low
64,Female,28.9,138,115,151,0,1,1,1,Cardiac,Cardiology,0,50-64,0.32545276719852445,Medium
81,Female,29.4,133,124,183,0,3,0,3,Other,General Medicine,1,80+,0.2035962175109317,Medium
45,Male,28.3,136,110,145,0,6,2,2,Respiratory,Cardiology,0,35-49,0.19896805075724183,Medium
63,Male,25.0,112,82,162,1,6,2,3,Cardiac,Surgery,0,50-64,0.3669703798427473,High
39,Male,29.9,136,101,201,0,4,0,2,Other,General Medicine,0,35-49,0.060411917862032045,Low
41,Female,29.8,95,102,186,0,3,1,10,Other,Endocrinology,1,35-49,0.15124456886104973,Medium
87,Male,33.0,127,73,227,0,7,2,10,Other,Surgery,1,80+,0.4284742748447598,High
34,Male,31.7,103,97,255,1,5,0,1,Diabetes,Pulmonology,0,18-34,0.07014413051631213,Low
68,Male,32.3,143,148,198,0,6,2,5,Hypertension,Surgery,1,65-79,0.2704877896142854,Medium
57,Male,35.3,123,145,150,0,5,1,1,Diabetes,Surgery,0,50-64,0.17686927768866645,Medium
67,Male,31.5,123,139,223,0,6,1,2,Other,Endocrinology,0,65-79,0.18822511989752222,Medium
43,Female,33.3,106,76,222,0,0,1,4,Other,Cardiology,0,35-49,0.14590126564237957,Low
43,Female,29.5,119,65,201,0,5,1,2,Other,Endocrinology,0,35-49,0.11701318633603441,Low
46,Male,22.7,136,71,213,1,3,1,3,Other,Surgery,0,35-49,0.11563226989366857,Low
75,Male,30.3,127,115,222,0,5,1,1,Other,Endocrinology,0,65-79,0.22871324820924832,Medium
55,Female,31.6,148,96,214,0,4,1,4,Other,Pulmonology,0,50-64,0.17460413678806744,Medium
23,Male,26.3,134,65,166,0,2,1,2,Other,Endocrinology,1,18-34,0.07239845742524205,Low
18,Male,34.6,114,123,239,0,1,0,4,Diabetes,Surgery,0,18-34,0.05153521656528196,Low
42,Male,34.1,120,110,199,0,4,2,6,Diabetes,Cardiology,0,35-49,0.23607061531731607,Medium
66,Female,26.4,115,148,198,0,2,2,3,Other,Surgery,0,65-79,0.3279806324444658,Medium
59,Female,25.6,135,101,204,0,7,0,1,Diabetes,Cardiology,0,50-64,0.1271095609330452,Low
66,Male,27.2,149,94,171,0,5,1,2,Hypertension,Pulmonology,0,65-79,0.18928160887080864,Medium
61,Female,32.3,120,120,232,0,4,0,3,Diabetes,Surgery,0,50-64,0.148089415692771,Low
85,Male,21.1,112,118,263,0,6,0,5,Other,Cardiology,0,80+,0.20494497904998144,Medium
40,Male,28.7,114,134,173,1,4,1,4,Other,General Medicine,0,35-49,0.10554401169333666,Low
41,Female,26.0,103,114,139,0,1,1,2,Hypertension,Surgery,0,35-49,0.11923185336578251,Low
38,Male,29.1,102,85,228,0,4,0,2,Other,Surgery,0,35-49,0.056951725616966924,Low
41,Female,23.6,105,100,233,0,4,0,8,Other,Cardiology,0,35-49,0.08518163949003375,Low
68,Female,33.2,135,131,255,0,5,0,1,Cardiac,General Medicine,1,65-79,0.2102359836165694,Medium
35,Male,33.8,105,116,131,0,4,3,4,Other,Endocrinology,1,35-49,0.23823240593194933,Medium
76,Female,21.3,149,75,166,0,3,2,3,Other,General Medicine,1,65-79,0.39582149749886003,High
69,Male,28.9,116,103,168,1,7,2,8,Other,Surgery,1,65-79,0.29300127468605763,Medium
51,Female,35.3,143,120,140,0,3,0,5,Other,Endocrinology,0,50-64,0.09894863123222968,Low
57,Female,28.3,160,112,213,0,6,0,2,Hypertension,General Medicine,1,50-64,0.09069686876591326,Low
65,Male,31.2,110,125,180,0,4,1,4,Other,General Medicine,0,65-79,0.20260334258954305,Medium
28,Female,29.2,118,77,164,0,0,0,3,Diabetes,Endocrinology,0,18-34,0.08217351443827851,Low
42,Female,29.5,118,142,207,0,0,0,2,Other,Surgery,0,35-49,0.08016840461028203,Low
39,Male,27.5,131,113,228,0,7,0,2,Other,Cardiology,0,35-49,0.05324142544584802,Low
42,Female,29.4,134,96,167,1,3,0,4,Respiratory,Surgery,0,35-49,0.08354236344181996,Low
50,Female,25.9,141,77,219,0,5,0,5,Other,Cardiology,0,50-64,0.09024320977748822,Low
47,Female,18.9,117,65,212,0,0,1,3,Other,Cardiology,0,35-49,0.165218059526662,Medium
42,Male,40.1,138,116,194,0,6,0,2,Other,Surgery,0,35-49,0.05269920288311946,Low
49,Female,28.0,102,133,165,0,6,1,8,Other,Surgery,1,35-49,0.14402466218341772,Low
36,Female,26.5,135,93,178,1,4,3,6,Cardiac,Cardiology,0,35-49,0.37754173929906004,High
37,Female,27.4,121,103,180,1,4,1,9,Respiratory,Endocrinology,0,35-49,0.14427450129788583,Low
29,Male,25.4,143,98,143,0,5,1,4,Other,Cardiology,0,18-34,0.07618132164517558,Low
50,Male,32.5,102,109,156,0,4,1,9,Hypertension,Endocrinology,0,50-64,0.15450220099802076,Medium
60,Female,16.2,164,76,158,0,4,0,3,Other,Surgery,0,50-64,0.11101551030553922,Low
35,Male,23.5,139,127,262,0,2,0,3,Other,Cardiology,0,35-49,0.06177225783032955,Low
61,Male,34.0,138,151,171,0,6,2,5,Other,General Medicine,0,50-64,0.2567517431401506,Medium
74,Female,23.7,132,65,196,0,2,4,4,Respiratory,Pulmonology,1,65-79,0.7241423221980127,High
77,Female,25.9,130,89,162,0,6,0,1,Hypertension,Surgery,0,65-79,0.14271723279765444,Low
37,Male,23.9,126,91,174,0,1,1,6,Other,General Medicine,0,35-49,0.12214202842368221,Low
52,Female,27.2,110,120,228,0,0,0,4,Other,Cardiology,0,50-64,0.11826126238094684,Low
71,Female,28.8,156,72,195,1,7,1,1,Hypertension,Endocrinology,0,65-79,0.18484084536675555,Medium
53,Male,33.2,123,99,323,0,3,2,4,Other,Cardiology,1,50-64,0.2356780276020584,Medium
67,Male,30.9,117,161,196,0,7,1,7,Cardiac,General Medicine,0,65-79,0.3131977369544141,Medium
85,Male,24.3,138,70,193,1,5,4,11,Respiratory,Cardiology,1,80+,0.7497431908798086,High
34,Male,33.5,90,125,159,0,7,0,2,Cardiac,Cardiology,1,18-34,0.08163656571957534,Low
51,Male,30.7,132,109,203,0,4,4,6,Diabetes,General Medicine,0,50-64,0.5447005959812469,High
63,Male,30.1,157,111,177,0,1,1,5,Cardiac,Endocrinology,1,50-64,0.3258709474120947,Medium
47,Female,32.6,129,86,152,0,4,1,5,Other,Surgery,1,35-49,0.12983917238005263,Low
49,Female,24.3,106,101,125,0,7,1,5,Diabetes,Cardiology,0,35-49,0.1787065289870165,Medium
63,Female,21.1,117,129,187,0,5,3,5,Other,General Medicine,0,50-64,0.4394776363309909,High
64,Male,23.9,123,92,194,0,4,1,7,Hypertension,Pulmonology,0,50-64,0.2191451410382929,Medium
52,Female,24.9,110,91,189,0,7,0,3,Other,Pulmonology,0,50-64,0.09473797266234676,Low
44,Female,28.6,112,145,155,0,5,0,1,Other,Endocrinology,0,35-49,0.07356071091644838,Low
49,Male,30.7,90,83,183,0,2,0,1,Diabetes,Pulmonology,0,35-49,0.12527173657578272,Low
55,Male,26.0,123,78,204,0,2,2,6,Diabetes,Cardiology,1,50-64,0.3380263330113292,Medium
76,Male,20.4,134,106,138,1,6,2,3,Other,General Medicine,1,65-79,0.33830078986835815,Medium
91,Male,32.1,157,94,191,0,1,0,1,Cardiac,General Medicine,0,80+,0.3558107728836269,High
18,Female,29.2,90,124,121,0,1,1,1,Other,Cardiology,0,18-34,0.07071976206063349,Low
46,Male,26.0,120,81,159,0,7,0,2,Other,Cardiology,1,35-49,0.06521766378871091,Low
79,Female,19.5,135,65,156,0,7,1,4,Other,Surgery,0,65-79,0.2525093661400115,Medium
76,Male,33.9,141,165,186,0,2,1,5,Diabetes,General Medicine,0,65-79,0.339458725397591,Medium
67,Male,30.9,111,114,166,0,4,0,2,Cardiac,Cardiology,0,65-79,0.20664505792906868,Medium
29,Male,33.9,95,109,175,0,4,0,1,Respiratory,General Medicine,0,18-34,0.056441702109163265,Low
44,Male,30.0,118,90,178,0,0,1,3,Other,Endocrinology,0,35-49,0.1397641973563977,Low
53,Male,25.0,140,118,181,0,4,4,7,Other,General Medicine,1,50-64,0.4920459229306251,High
33,Female,37.7,119,139,195,0,7,0,5,Diabetes,Endocrinology,0,18-34,0.07112609311421064,Low
77,Female,36.5,126,94,212,0,6,0,1,Diabetes,Cardiology,0,65-79,0.19658274108493068,Medium
26,Female,28.2,116,74,215,1,6,1,2,Cardiac,Surgery,1,18-34,0.10772399200932636,Low
95,Male,32.5,129,84,166,0,6,1,2,Cardiac,Cardiology,0,80+,0.4675117735336549,High
50,Female,34.7,139,101,150,0,3,0,3,Other,General Medicine,0,50-64,0.09099864057237354,Low
37,Female,34.1,110,140,122,0,3,1,11,Respiratory,General Medicine,0,35-49,0.1602141653890905,Medium
43,Male,22.8,110,145,185,0,1,1,4,Other,General Medicine,0,35-49,0.1395531762944301,Low
50,Male,25.8,117,126,163,1,0,0,1,Other,Pulmonology,0,50-64,0.0998816386606516,Low
73,Male,32.1,101,126,209,1,1,2,12,Other,Cardiology,0,65-79,0.424957401641519,High
39,Male,32.5,105,81,197,0,2,2,4,Other,General Medicine,0,35-49,0.1826513748240376,Medium
87,Female,30.4,127,78,247,0,1,6,5,Cardiac,General Medicine,1,80+,0.940279413408202,High
88,Female,29.6,142,109,177,1,6,0,7,Hypertension,General Medicine,0,80+,0.212849746097536,Medium
76,Male,31.5,99,87,246,0,2,1,2,Diabetes,General Medicine,0,65-79,0.33441698604888603,Medium
74,Female,30.0,127,165,201,0,3,0,8,Hypertension,General Medicine,0,65-79,0.1879191794429191,Medium
72,Male,21.0,149,97,209,0,0,1,4,Diabetes,General Medicine,0,65-79,0.3389605631649199,Medium
33,Female,26.9,112,102,199,0,1,1,2,Other,Endocrinology,0,18-34,0.10939434194667694,Low
64,Female,33.0,126,164,191,0,1,2,4,Other,Cardiology,1,50-64,0.33516956936055425,Medium
71,Female,26.8,119,149,266,0,4,3,8,Other,Surgery,0,65-79,0.5024731048154902,High
35,Male,38.6,98,123,208,0,0,0,1,Other,Cardiology,0,35-49,0.06211049347934384,Low
48,Male,32.3,135,124,217,0,3,0,5,Diabetes,Endocrinology,0,35-49,0.11606896599394631,Low
56,Male,25.7,111,99,191,1,4,2,7,Other,General Medicine,1,50-64,0.261551278632567,Medium
95,Female,33.8,164,65,270,0,0,4,3,Hypertension,General Medicine,0,80+,0.7690060240648658,High
43,Male,25.7,129,126,222,1,1,0,3,Other,Surgery,0,35-49,0.07156246051733457,Low
46,Male,19.8,118,90,232,0,3,0,2,Other,General Medicine,0,35-49,0.08188693291726738,Low
87,Female,30.2,155,106,214,0,5,3,3,Cardiac,Surgery,1,80+,0.6875659328056679,High
60,Female,30.4,130,143,219,0,0,0,1,Diabetes,Cardiology,1,50-64,0.169714651808657,Medium
66,Male,43.5,110,93,173,1,5,4,2,Cardiac,General Medicine,0,65-79,0.6504379856169682,High
60,Male,29.2,127,128,188,0,2,1,2,Other,Pulmonology,1,50-64,0.1957291704715711,Medium
27,Male,26.5,127,99,170,1,6,0,2,Cardiac,General Medicine,0,18-34,0.06742083238159914,Low
51,Male,33.7,90,147,224,0,7,0,1,Diabetes,Surgery,0,50-64,0.09277300895381463,Low
47,Male,26.4,120,89,199,0,2,2,5,Respiratory,Cardiology,0,35-49,0.2623525878298181,Medium
45,Male,23.2,146,65,170,0,7,0,5,Hypertension,General Medicine,0,35-49,0.065341351203451,Low
69,Female,40.2,130,139,235,0,0,4,8,Diabetes,Surgery,1,65-79,0.7106169367355804,High
26,Male,28.5,120,110,196,0,6,1,7,Diabetes,Cardiology,0,18-34,0.0991836062562756,Low
59,Male,24.8,95,97,195,0,3,1,2,Other,Cardiology,0,50-64,0.17919745486776972,Medium
55,Female,31.7,127,117,199,0,0,1,3,Other,Surgery,0,50-64,0.17819776791574257,Medium
44,Male,28.4,96,144,164,0,5,0,2,Diabetes,Surgery,0,35-49,0.08735378824508586,Low
41,Female,26.0,126,65,189,0,2,2,3,Other,Endocrinology,0,35-49,0.202949425653479,Medium
47,Female,26.9,116,123,163,1,7,1,1,Respiratory,Endocrinology,0,35-49,0.13653933349434033,Low
63,Male,25.3,141,122,158,0,4,1,8,Hypertension,Surgery,0,50-64,0.18812649838363937,Medium
50,Female,37.6,111,80,230,0,3,1,7,Hypertension,Pulmonology,0,50-64,0.16778736643598713,Medium
47,Female,30.4,132,97,174,0,2,2,4,Other,General Medicine,0,35-49,0.23006970282592476,Medium
35,Male,29.2,92,100,138,0,6,0,8,Other,General Medicine,0,35-49,0.061643367950939484,Low
46,Male,32.0,130,123,191,0,3,0,9,Diabetes,General Medicine,0,35-49,0.12112262045907995,Low
44,Female,33.3,131,91,207,0,5,0,1,Diabetes,Surgery,0,35-49,0.08552357989943514,Low
44,Male,30.2,134,147,131,0,0,1,1,Other,Endocrinology,0,35-49,0.1311038322043973,Low
29,Male,27.0,98,95,157,0,1,1,3,Other,General Medicine,1,18-34,0.09387007392761329,Low
67,Female,28.4,133,97,162,1,1,0,5,Cardiac,Surgery,0,65-79,0.2357731383573281,Medium
67,Female,31.1,153,146,247,0,0,2,15,Other,General Medicine,0,65-79,0.43851375405556814,High
65,Male,33.0,96,107,172,0,0,2,7,Other,Pulmonology,0,65-79,0.3818393540232874,High
47,Female,25.2,138,85,175,0,1,1,12,Other,Surgery,0,35-49,0.17689305222737883,Medium
75,Male,31.1,140,116,237,0,1,2,6,Diabetes,Surgery,1,65-79,0.46120594832130973,High
64,Male,30.9,114,111,218,1,2,1,5,Other,General Medicine,1,50-64,0.20816155093030933,Medium
62,Female,32.5,97,118,181,0,5,0,3,Other,Endocrinology,0,50-64,0.12349715779388025,Low
73,Female,23.0,113,80,213,0,6,1,6,Other,Surgery,1,65-79,0.24256174750827342,Medium
46,Male,27.5,110,83,144,0,2,0,7,Other,General Medicine,0,35-49,0.09388867800108083,Low
53,Female,30.9,139,109,205,1,2,1,4,Cardiac,Pulmonology,1,50-64,0.2740539327080684,Medium
28,Female,28.0,121,158,208,0,5,0,5,Diabetes,General Medicine,0,18-34,0.07028056620584601,Low
61,Male,24.0,125,99,256,0,5,0,4,Cardiac,General Medicine,0,50-64,0.18744254443002556,Medium
66,Female,26.4,122,119,209,0,1,0,2,Other,General Medicine,0,65-79,0.15428526554804342,Medium
47,Male,21.8,117,65,210,1,0,1,3,Cardiac,Cardiology,0,35-49,0.23287651505272763,Medium
70,Female,32.1,112,126,211,0,0,0,3,Other,Endocrinology,0,65-79,0.18036825827397715,Medium
91,Female,30.3,150,118,244,0,6,0,7,Hypertension,Surgery,0,80+,0.22101498253739893,Medium
60,Male,16.0,109,65,194,0,0,0,3,Other,General Medicine,0,50-64,0.1394081425649234,Low
71,Female,26.5,102,142,227,1,0,1,1,Other,General Medicine,1,65-79,0.2639205207918165,Medium
41,Female,27.0,123,165,208,0,6,0,8,Respiratory,Cardiology,0,35-49,0.09200546397713265,Low
72,Male,26.1,150,100,225,0,6,2,4,Other,Pulmonology,0,65-79,0.3375514535590623,Medium
67,Male,16.1,140,79,206,0,5,0,2,Other,Pulmonology,0,65-79,0.1372043683096083,Low
57,Male,33.4,109,95,206,0,3,1,1,Other,Endocrinology,0,50-64,0.16250668403170865,Medium
57,Male,30.6,130,76,190,0,3,1,6,Other,Endocrinology,0,50-64,0.18008682607630855,Medium
59,Female,24.7,142,116,223,0,5,6,4,Hypertension,Endocrinology,1,50-64,0.7559782608057192,High
32,Female,26.2,115,126,206,0,0,0,9,Hypertension,General Medicine,0,18-34,0.07734012108227752,Low
49,Male,23.1,129,103,136,0,4,4,7,Cardiac,General Medicine,0,35-49,0.6116074072235842,High
68,Female,22.3,140,115,234,1,5,1,7,Other,General Medicine,1,65-79,0.23054563167252984,Medium
42,Male,30.2,90,111,178,1,5,0,6,Respiratory,Pulmonology,0,35-49,0.09153705517082672,Low
70,Male,26.5,125,106,240,0,6,0,1,Other,Endocrinology,0,65-79,0.12795927509913982,Low
59,Male,24.9,120,132,197,0,2,2,4,Other,Surgery,0,50-64,0.27356929539570146,Medium
54,Male,25.5,130,68,170,0,5,0,4,Other,Surgery,0,50-64,0.08630789871677075,Low
39,Male,31.2,122,125,194,0,6,0,5,Cardiac,Surgery,0,35-49,0.09636385225981914,Low
30,Male,23.8,109,119,186,0,5,0,2,Other,Cardiology,0,18-34,0.04750307390515823,Low
70,Female,31.2,127,143,184,0,7,3,3,Diabetes,Cardiology,0,65-79,0.5104398320863172,High
31,Female,34.0,128,107,124,1,0,1,4,Other,Cardiology,0,18-34,0.09946090495183557,Low
44,Female,18.8,118,65,198,0,3,0,4,Respiratory,General Medicine,0,35-49,0.10682143188832127,Low
48,Female,22.8,113,100,188,0,0,3,4,Other,Pulmonology,1,35-49,0.39997871746801045,High
62,Male,17.1,113,93,209,0,5,0,15,Other,General Medicine,0,50-64,0.1599046177366498,Medium
53,Male,27.0,117,105,167,0,0,1,5,Other,Cardiology,0,50-64,0.1802419411700193,Medium
25,Male,38.6,104,97,141,0,0,1,5,Diabetes,Surgery,0,18-34,0.10731305039346171,Low
41,Male,28.8,102,74,214,1,2,1,5,Respiratory,Cardiology,0,35-49,0.14346971791456356,Low
39,Female,23.5,122,78,161,0,3,1,2,Other,Endocrinology,0,35-49,0.11740856148450263,Low
18,Female,33.5,117,99,215,0,7,2,3,Other,Endocrinology,0,18-34,0.09253256911922576,Low
27,Female,28.7,90,128,128,0,1,1,4,Other,Surgery,0,18-34,0.09182598071095807,Low
60,Male,29.4,137,83,214,0,7,3,2,Other,Surgery,0,50-64,0.32047998169832936,Medium
52,Male,25.5,115,111,198,0,4,4,6,Diabetes,Surgery,0,50-64,0.5437420551287397,High
43,Male,33.3,90,81,185,1,4,0,5,Respiratory,General Medicine,0,35-49,0.08734603544216389,Low
49,Female,26.4,137,97,184,0,6,1,7,Respiratory,Endocrinology,0,35-49,0.17575881169282812,Medium
65,Female,24.5,112,129,136,0,5,1,4,Other,Endocrinology,1,65-79,0.2162765342585895,Medium
62,Male,30.4,156,116,178,0,7,0,3,Other,Endocrinology,0,50-64,0.09927024772491913,Low
48,Male,24.7,139,77,178,0,2,0,4,Other,Pulmonology,0,35-49,0.09622548821120941,Low
59,Female,29.8,140,84,201,0,0,1,2,Other,Surgery,0,50-64,0.18942598262539562,Medium
49,Female,20.4,140,101,155,0,1,0,5,Other,General Medicine,0,35-49,0.10850539214014034,Low
49,Male,21.6,99,102,218,0,0,0,5,Other,Surgery,0,35-49,0.10208605306185235,Low
49,Male,25.8,99,114,209,0,7,1,1,Other,Cardiology,0,35-49,0.11608559889551161,Low
41,Male,29.9,137,70,211,0,3,0,7,Other,General Medicine,0,35-49,0.0755462146640131,Low
67,Female,30.8,129,97,158,0,7,2,2,Other,Pulmonology,1,65-79,0.30181674766448496,Medium
42,Male,35.9,100,97,214,1,1,1,2,Diabetes,Surgery,0,35-49,0.1433859476534132,Low
51,Male,25.6,105,149,148,1,2,2,5,Respiratory,General Medicine,0,50-64,0.284451770492864,Medium
56,Female,30.5,134,103,192,0,6,2,12,Cardiac,Surgery,0,50-64,0.39916985626601514,High
41,Male,29.2,124,93,129,0,6,0,3,Other,Cardiology,0,35-49,0.05977401869121275,Low
70,Female,30.6,110,79,181,1,1,0,2,Respiratory,Surgery,0,65-79,0.1784851853450217,Medium
64,Male,20.1,129,88,200,0,2,2,2,Other,Cardiology,0,50-64,0.3063282757463819,Medium
57,Male,37.0,105,75,191,0,7,2,4,Other,Surgery,0,50-64,0.21118391445361606,Medium
86,Female,41.5,142,154,201,0,1,1,5,Diabetes,Pulmonology,1,80+,0.447123940256371,High
87,Male,22.4,118,122,248,0,1,1,2,Diabetes,General Medicine,1,80+,0.4264827044775425,High
59,Male,26.8,112,65,195,0,4,0,1,Other,General Medicine,1,50-64,0.10418526399146605,Low
62,Female,26.9,150,90,200,0,0,2,4,Hypertension,General Medicine,0,50-64,0.3231949415145465,Medium
47,Male,25.4,136,112,165,0,7,2,3,Other,General Medicine,0,35-49,0.1784073874365199,Medium
60,Male,27.0,126,65,244,0,6,2,2,Cardiac,General Medicine,1,50-64,0.3660349785861413,High
62,Female,25.3,131,103,145,0,2,3,3,Other,Surgery,1,50-64,0.419951192779169,High
47,Female,30.0,116,117,186,0,4,0,2,Other,Surgery,0,35-49,0.07693431796058607,Low
79,Male,20.6,129,96,231,0,2,1,1,Other,Pulmonology,1,65-79,0.2991583535239392,Medium
57,Female,31.2,123,112,196,0,2,3,6,Other,Surgery,1,50-64,0.4016852191034543,High
77,Female,19.8,112,113,172,0,1,1,1,Cardiac,General Medicine,0,65-79,0.43814749775237366,High
45,Male,29.9,109,98,158,0,6,1,3,Cardiac,General Medicine,0,35-49,0.18488976064659043,Medium
47,Male,24.5,127,105,190,0,6,0,5,Cardiac,General Medicine,0,35-49,0.13037382298546477,Low
71,Male,22.4,125,107,207,1,4,2,5,Other,General Medicine,0,65-79,0.34065362817281286,Medium
41,Female,28.1,133,97,156,0,5,1,3,Other,Cardiology,1,35-49,0.10976362459806932,Low
38,Female,39.3,139,113,113,0,5,3,8,Other,General Medicine,1,35-49,0.2659157653832333,Medium
39,Female,24.8,139,110,134,0,4,0,2,Other,Endocrinology,0,35-49,0.0674564099160023,Low
49,Male,27.9,115,112,159,1,4,2,5,Diabetes,Pulmonology,0,35-49,0.28494641902576995,Medium
72,Female,19.7,107,84,206,0,7,3,4,Other,General Medicine,0,65-79,0.4780069873958576,High
50,Female,23.5,108,84,132,0,2,0,3,Other,Surgery,0,50-64,0.09614891124303507,Low
62,Female,39.7,138,115,165,0,4,3,3,Other,Surgery,1,50-64,0.37787424720129253,High
89,Male,28.2,116,123,206,0,0,3,4,Cardiac,Surgery,1,80+,0.747695678441596,High
32,Male,17.5,126,137,170,0,1,1,4,Diabetes,Endocrinology,0,18-34,0.14161653848066905,Low
23,Female,29.1,90,96,224,0,1,0,1,Hypertension,General Medicine,0,18-34,0.04760233511347242,Low
64,Male,23.8,126,124,223,0,6,2,6,Cardiac,Cardiology,0,50-64,0.42182675826882154,High
78,Female,26.7,134,100,190,0,1,1,6,Other,General Medicine,1,65-79,0.32571028207548125,Medium
67,Male,29.1,105,103,239,0,0,2,3,Other,Cardiology,1,65-79,0.3495069251363841,High
50,Female,23.1,128,95,164,0,1,1,9,Other,Cardiology,1,50-64,0.19065749939231308,Medium
31,Male,21.0,113,131,192,1,5,0,1,Respiratory,General Medicine,0,18-34,0.05682115386185983,Low
49,Female,32.9,125,129,174,0,1,1,3,Other,General Medicine,0,35-49,0.15873329284362359,Medium
28,Female,33.6,115,70,206,0,1,3,5,Other,Endocrinology,0,18-34,0.24442486085975457,Medium
59,Female,35.2,104,79,131,0,1,2,2,Respiratory,General Medicine,1,50-64,0.34203958408425833,Medium
52,Female,29.8,117,143,212,0,4,0,5,Cardiac,General Medicine,0,50-64,0.1701231042694314,Medium
71,Female,26.9,129,70,267,0,5,0,3,Other,Pulmonology,1,65-79,0.16097682063396374,Medium
74,Female,26.8,151,79,220,0,5,0,3,Other,Endocrinology,0,65-79,0.15984965918875238,Medium
59,Female,27.1,123,92,155,0,2,2,4,Other,Surgery,0,50-64,0.28552140590815955,Medium
48,Male,28.1,127,101,202,1,2,1,6,Other,Pulmonology,0,35-49,0.15476178973278432,Medium
39,Male,23.5,90,101,180,0,5,0,2,Other,General Medicine,0,35-49,0.0632873211048085,Low
56,Female,20.7,134,65,193,0,2,1,3,Hypertension,Surgery,0,50-64,0.1677379403102799,Medium
50,Male,24.4,120,126,210,0,0,3,7,Other,Endocrinology,1,50-64,0.39566981182938427,High
81,Male,18.8,139,80,229,0,4,2,8,Cardiac,General Medicine,1,80+,0.5857497851344963,High
54,Male,22.6,124,135,229,0,6,1,2,Diabetes,Pulmonology,0,50-64,0.19619174907766945,Medium
40,Male,28.6,128,126,176,0,1,3,3,Other,Endocrinology,0,35-49,0.2875752353227725,Medium
79,Male,19.5,109,65,142,0,0,1,3,Cardiac,Cardiology,0,65-79,0.4512717097137753,High
54,Male,28.3,109,112,251,0,1,1,1,Other,Cardiology,0,50-64,0.16324387836063226,Medium
69,Female,29.0,105,98,178,0,2,2,4,Cardiac,Surgery,0,65-79,0.49246628690635547,High
26,Female,38.1,142,125,134,0,0,1,4,Other,Cardiology,0,18-34,0.08856013061311403,Low
57,Female,24.3,119,126,163,0,6,1,2,Other,Pulmonology,0,50-64,0.17301995773764695,Medium
35,Female,30.7,98,103,197,0,0,0,11,Other,General Medicine,0,35-49,0.09198401911042979,Low
56,Male,29.0,160,83,272,1,6,2,2,Hypertension,Endocrinology,0,50-64,0.19934351744414708,Medium
41,Male,28.2,99,97,221,0,6,2,9,Other,Endocrinology,0,35-49,0.1924263297914275,Medium
58,Male,26.8,120,132,203,0,2,1,5,Diabetes,Surgery,0,50-64,0.2303389258598644,Medium
48,Female,35.6,110,110,225,1,5,1,3,Diabetes,Endocrinology,0,35-49,0.1683172362418355,Medium
79,Male,29.8,141,117,214,1,6,1,7,Respiratory,General Medicine,0,65-79,0.29957769479523283,Medium
84,Female,27.4,138,111,226,0,4,0,12,Other,Cardiology,0,80+,0.2529022761205472,Medium
51,Male,24.0,123,91,188,0,7,0,6,Hypertension,Surgery,0,50-64,0.07511887411174692,Low
41,Female,37.7,132,78,240,0,2,2,1,Diabetes,Endocrinology,0,35-49,0.2362484362818725,Medium
49,Female,25.1,90,91,174,0,5,1,4,Other,General Medicine,0,35-49,0.14937186437648986,Low
56,Male,22.8,123,103,212,0,2,1,5,Other,Surgery,0,50-64,0.17260585848247262,Medium
41,Male,26.3,100,104,167,0,6,2,5,Other,Cardiology,0,35-49,0.17162226437233294,Medium
51,Female,26.5,106,109,213,0,6,1,4,Other,Cardiology,0,50-64,0.14541251998107343,Low
66,Male,33.4,133,138,144,0,2,1,1,Other,Endocrinology,0,65-79,0.20356055925921795,Medium
86,Male,31.1,143,154,191,0,6,1,4,Cardiac,Endocrinology,0,80+,0.42561745332443995,High
73,Female,22.8,144,71,233,1,7,2,2,Other,Endocrinology,0,65-79,0.3187763419554508,Medium
67,Male,26.6,105,97,202,0,3,2,11,Other,Pulmonology,0,65-79,0.3950530501796787,High
75,Female,30.1,135,123,258,0,4,2,4,Other,Cardiology,1,65-79,0.37671651784952953,High
53,Male,23.7,110,65,160,0,7,0,2,Other,Endocrinology,0,50-64,0.0828743373013903,Low
87,Male,27.5,118,71,241,0,2,2,5,Cardiac,General Medicine,1,80+,0.6243573641001388,High
59,Male,30.7,134,65,198,0,3,0,3,Diabetes,Surgery,0,50-64,0.1339220737525122,Low
65,Male,31.7,162,106,235,0,7,2,7,Other,Cardiology,0,65-79,0.27309688315790237,Medium
26,Male,16.4,90,66,215,0,1,0,4,Other,Surgery,0,18-34,0.053242577451280845,Low
66,Male,24.6,128,121,193,0,5,1,3,Other,Pulmonology,0,65-79,0.20966293267102537,Medium
34,Male,29.4,131,87,201,0,7,1,2,Other,General Medicine,0,18-34,0.0770560474173967,Low
60,Female,21.8,151,65,164,0,1,1,2,Hypertension,General Medicine,0,50-64,0.19531979490886284,Medium
58,Male,24.7,143,65,181,0,6,2,6,Hypertension,Pulmonology,0,50-64,0.25645324936551395,Medium
30,Male,21.6,110,127,151,0,7,3,2,Other,Surgery,0,18-34,0.17699126093220058,Medium
62,Female,33.5,131,106,147,0,3,1,3,Other,Surgery,1,50-64,0.18471919744400872,Medium
58,Female,30.4,128,106,198,0,5,1,7,Diabetes,Pulmonology,0,50-64,0.2540745187508252,Medium
68,Female,27.6,131,126,189,0,3,1,3,Other,Pulmonology,1,65-79,0.24734950787440485,Medium
52,Male,28.0,123,106,171,0,4,1,8,Diabetes,Endocrinology,1,50-64,0.2131452180275649,Medium
48,Male,21.9,106,111,123,0,7,0,1,Other,Pulmonology,0,35-49,0.07633181667699328,Low
68,Female,28.3,109,108,182,0,6,2,2,Other,Surgery,1,65-79,0.29298169493004067,Medium
89,Male,35.2,111,105,234,1,3,1,3,Diabetes,Surgery,1,80+,0.37694670467314284,High
48,Female,25.9,113,65,233,0,7,2,2,Respiratory,Cardiology,0,35-49,0.22712983115949592,Medium
34,Male,16.0,111,92,190,1,1,2,4,Cardiac,Surgery,0,18-34,0.25513458383269416,Medium
78,Female,29.7,135,123,209,0,7,0,5,Hypertension,General Medicine,1,65-79,0.16356460426871394,Medium
74,Male,32.7,129,173,248,0,6,1,2,Diabetes,General Medicine,0,65-79,0.2760731325343674,Medium
47,Female,24.8,137,65,177,0,4,1,11,Other,Surgery,0,35-49,0.15405594409602466,Medium
40,Female,35.2,90,97,173,0,4,0,6,Cardiac,Cardiology,0,35-49,0.12739044354457882,Low
50,Female,24.5,128,65,151,0,3,2,2,Other,General Medicine,1,50-64,0.23269920483120832,Medium
59,Female,23.5,126,80,183,0,7,0,1,Other,General Medicine,1,50-64,0.09928455874871674,Low
63,Female,28.6,133,107,237,1,1,1,3,Other,Endocrinology,0,50-64,0.21574470421759392,Medium
81,Female,33.3,137,80,278,1,1,1,8,Cardiac,Endocrinology,0,80+,0.4800538483081707,High
25,Male,25.0,131,110,153,0,5,1,7,Other,General Medicine,0,18-34,0.07686775352803842,Low
52,Female,28.6,109,95,125,1,5,1,3,Respiratory,Pulmonology,0,50-64,0.18330948141519993,Medium
36,Female,24.7,130,137,123,0,2,3,3,Other,General Medicine,1,35-49,0.27253947134190376,Medium
59,Male,24.9,132,125,226,1,2,1,4,Respiratory,Surgery,1,50-64,0.20245843669367475,Medium
54,Male,25.8,121,65,154,0,0,0,1,Other,General Medicine,0,50-64,0.10700362482965833,Low
57,Male,31.6,116,110,192,0,1,1,6,Other,General Medicine,0,50-64,0.19491426370303494,Medium
54,Female,32.3,137,108,278,0,1,0,4,Respiratory,General Medicine,0,50-64,0.13832219424775075,Low
50,Female,18.9,121,69,144,1,3,2,3,Respiratory,General Medicine,0,50-64,0.2752888410858342,Medium
70,Male,21.8,128,130,222,0,3,1,2,Other,Cardiology,0,65-79,0.22686182568618954,Medium
51,Female,26.1,105,79,186,0,2,1,2,Other,General Medicine,1,50-64,0.16421052879332157,Medium
71,Female,40.1,124,110,209,0,7,4,4,Other,Pulmonology,0,65-79,0.5909879191352917,High
43,Female,26.2,132,68,213,0,0,1,3,Cardiac,Surgery,1,35-49,0.21800691402186984,Medium
44,Male,30.3,109,131,207,0,3,1,4,Respiratory,Surgery,0,35-49,0.1425498807043306,Low
34,Female,27.8,110,96,132,0,2,0,1,Other,Surgery,0,18-34,0.05822965777752497,Low
67,Female,17.6,125,95,209,0,2,2,2,Other,Endocrinology,0,65-79,0.3559272310683889,High
59,Female,28.2,128,111,164,0,3,0,6,Respiratory,Pulmonology,0,50-64,0.16575803490022598,Medium
60,Female,29.0,127,124,172,1,0,1,9,Cardiac,General Medicine,0,50-64,0.3567795870201139,High
44,Female,29.9,105,97,178,0,5,1,7,Respiratory,Surgery,0,35-49,0.15229434377904677,Medium
58,Male,19.9,113,65,174,0,0,2,4,Cardiac,Endocrinology,0,50-64,0.4476933063336896,High
29,Female,38.4,117,112,215,0,0,0,2,Other,General Medicine,0,18-34,0.05829765790502412,Low
68,Female,36.1,107,112,201,1,7,2,6,Other,General Medicine,0,65-79,0.3055115633924925,Medium
45,Female,36.2,124,82,163,0,7,2,6,Diabetes,Cardiology,0,35-49,0.23778178295777025,Medium
35,Female,30.3,107,94,180,0,4,4,9,Diabetes,Surgery,1,35-49,0.458807956887314,High
56,Male,34.5,130,127,199,0,5,0,2,Other,Pulmonology,0,50-64,0.09667466681638907,Low
44,Male,32.3,113,139,196,0,6,0,2,Other,General Medicine,0,35-49,0.06488932952536473,Low
43,Female,22.8,131,65,169,0,0,0,1,Hypertension,General Medicine,0,35-49,0.0829443054260955,Low
72,Male,30.5,135,101,148,0,2,3,4,Other,Surgery,1,65-79,0.469154796632643,High
52,Female,26.6,124,65,244,0,1,1,4,Cardiac,Endocrinology,1,50-64,0.28345046243569116,Medium
68,Male,29.5,130,111,192,0,5,0,8,Cardiac,General Medicine,0,65-79,0.23320876767805118,Medium
52,Male,28.1,125,103,193,0,4,0,1,Other,General Medicine,0,50-64,0.08527433886652977,Low
64,Female,21.9,132,103,151,0,2,2,2,Other,General Medicine,1,50-64,0.32550039727239494,Medium
53,Male,29.7,112,79,197,0,6,1,10,Other,Surgery,1,50-64,0.15147519289685288,Medium
57,Female,32.7,127,125,192,0,4,0,1,Other,General Medicine,0,50-64,0.10262834714616083,Low
73,Female,33.1,124,144,175,0,4,0,4,Diabetes,General Medicine,0,65-79,0.21398523308511264,Medium
65,Female,30.6,111,105,184,0,4,1,2,Other,Endocrinology,0,65-79,0.2091811082672838,Medium
85,Female,31.6,132,124,207,1,2,4,3,Other,Surgery,1,80+,0.6890403978248132,High
42,Male,31.2,116,134,181,0,6,2,4,Respiratory,Surgery,0,35-49,0.18702489770262565,Medium
58,Female,18.7,120,65,217,0,6,1,3,Other,Endocrinology,0,50-64,0.17539799396704261,Medium
66,Male,19.5,102,94,257,1,6,3,4,Other,Endocrinology,0,65-79,0.4189711505573237,High
24,Male,23.8,107,104,173,1,6,0,3,Cardiac,Endocrinology,0,18-34,0.06728795240848495,Low
79,Male,29.7,144,72,207,0,6,0,1,Cardiac,General Medicine,0,65-79,0.2420169116733776,Medium
21,Female,37.6,107,127,137,1,3,1,3,Other,Endocrinology,0,18-34,0.06836261166203711,Low
63,Female,31.8,135,98,196,0,4,3,2,Cardiac,Cardiology,1,50-64,0.5483429400608157,High
43,Female,30.2,114,125,211,0,7,1,5,Other,Endocrinology,0,35-49,0.11760767378657758,Low
67,Female,30.0,103,97,234,0,0,3,4,Cardiac,General Medicine,0,65-79,0.6513500777350748,High
77,Male,28.5,152,112,180,0,6,1,5,Cardiac,General Medicine,1,65-79,0.365792704373093,High
55,Male,36.4,116,85,205,0,6,4,4,Respiratory,General Medicine,0,50-64,0.507075137691043,High
44,Male,23.2,90,65,159,0,2,1,5,Other,General Medicine,0,35-49,0.1422615486162821,Low
67,Male,26.0,138,67,191,0,2,2,3,Cardiac,Surgery,1,65-79,0.44202137660733404,High
42,Female,21.1,141,88,164,0,0,1,6,Hypertension,Cardiology,0,35-49,0.14492390898880742,Low
42,Male,26.7,118,131,228,0,2,1,6,Cardiac,General Medicine,0,35-49,0.21640479227907267,Medium
53,Male,28.0,148,109,206,1,2,0,1,Other,Endocrinology,0,50-64,0.08937603268174125,Low
52,Female,31.4,100,87,147,0,4,1,9,Other,General Medicine,0,50-64,0.1801462054295369,Medium
30,Male,31.5,136,65,216,0,2,0,4,Other,General Medicine,0,18-34,0.05372534856466919,Low
31,Male,26.3,90,66,170,0,6,0,1,Other,General Medicine,0,18-34,0.04648671211519625,Low
45,Female,20.9,107,82,181,0,3,3,10,Other,Endocrinology,0,35-49,0.3754350587251448,High
52,Female,42.6,149,107,143,0,3,1,5,Hypertension,Endocrinology,0,50-64,0.14875964536445788,Low
39,Female,24.6,128,122,169,1,3,0,1,Cardiac,Pulmonology,0,35-49,0.11950663447556661,Low
64,Female,37.1,135,126,268,0,6,1,2,Other,Surgery,0,50-64,0.16705145830414525,Medium
82,Male,32.7,141,96,229,0,0,3,5,Hypertension,Surgery,1,80+,0.5545141817527632,High
54,Male,31.2,113,110,246,0,3,0,4,Other,General Medicine,0,50-64,0.10157884940189164,Low
81,Male,19.5,143,92,193,1,6,0,3,Cardiac,Endocrinology,1,80+,0.2670784872124286,Medium
55,Female,30.3,144,110,168,0,6,0,8,Other,Cardiology,0,50-64,0.10399913312250786,Low
75,Female,24.6,119,67,198,0,7,2,10,Cardiac,Endocrinology,0,65-79,0.5452594430553508,High
50,Male,24.1,133,121,212,0,0,1,9,Other,Surgery,0,50-64,0.17461195135751734,Medium
48,Male,22.8,143,132,218,0,1,2,12,Cardiac,Cardiology,0,35-49,0.402610600647302,High
50,Male,32.2,126,65,164,1,2,1,6,Respiratory,Surgery,0,50-64,0.16539178111906777,Medium
59,Male,23.4,106,103,201,1,2,0,3,Other,Surgery,0,50-64,0.10830845568827445,Low
69,Female,27.7,138,125,230,1,1,0,13,Other,Surgery,0,65-79,0.18729764138929195,Medium
87,Male,36.5,118,120,211,0,1,4,6,Diabetes,Cardiology,0,80+,0.7904303838262541,High
67,Male,24.4,107,99,242,0,2,2,7,Other,General Medicine,0,65-79,0.3638920895327795,High
36,Male,23.5,93,84,151,0,3,0,4,Other,General Medicine,0,35-49,0.06651943678253125,Low
75,Male,26.1,129,112,199,0,0,0,3,Other,Surgery,0,65-79,0.17583851900026556,Medium
67,Male,26.3,140,114,267,0,7,1,1,Other,General Medicine,0,65-79,0.1757496479708395,Medium
54,Male,36.4,132,97,166,0,2,2,4,Diabetes,Endocrinology,1,50-64,0.31164904284959744,Medium
34,Male,22.3,108,93,217,0,2,1,1,Other,Cardiology,0,18-34,0.09713984697102655,Low
52,Male,28.8,99,123,154,0,0,0,8,Other,Cardiology,0,50-64,0.12151119624442361,Low
42,Female,31.0,114,95,156,1,6,0,15,Respiratory,General Medicine,0,35-49,0.10712914408346183,Low
35,Male,21.7,115,100,125,1,6,1,2,Other,Surgery,0,35-49,0.0768489489051066,Low
83,Male,16.0,128,114,227,0,7,2,5,Other,Surgery,0,80+,0.3896193088185833,High
47,Male,25.8,109,123,175,0,4,2,6,Other,Cardiology,0,35-49,0.21639221957352986,Medium
59,Female,22.6,119,76,166,1,1,2,5,Other,Cardiology,0,50-64,0.3090443283896631,Medium
57,Female,32.4,118,128,166,0,4,1,2,Other,General Medicine,1,50-64,0.16919237742194876,Medium
57,Male,29.9,131,112,213,1,6,3,3,Other,Cardiology,1,50-64,0.3222019553638709,Medium
34,Male,23.9,108,122,193,0,1,0,8,Other,Surgery,0,18-34,0.0696692171491817,Low
38,Male,25.3,113,106,203,0,6,0,4,Other,Surgery,0,35-49,0.055442704170821644,Low
95,Male,29.2,170,90,214,0,6,2,5,Hypertension,Cardiology,0,80+,0.45613997576554044,High
78,Female,28.2,149,132,189,0,3,1,14,Hypertension,Cardiology,0,65-79,0.334555404061518,Medium
42,Female,27.0,132,123,168,1,5,1,10,Cardiac,Pulmonology,0,35-49,0.22619770059582728,Medium
75,Female,33.4,131,92,194,0,3,3,4,Diabetes,General Medicine,1,65-79,0.5971019581358992,High
30,Male,27.9,100,109,183,0,6,3,9,Other,General Medicine,0,18-34,0.22620354259520614,Medium
40,Female,34.5,113,90,163,0,6,2,3,Hypertension,Cardiology,0,35-49,0.15565899815170922,Medium
45,Female,22.9,111,98,185,1,6,3,2,Respiratory,Endocrinology,0,35-49,0.3252989232999972,Medium
69,Male,22.9,124,65,177,1,1,0,4,Cardiac,Pulmonology,1,65-79,0.2627601615950486,Medium
38,Male,20.1,96,113,177,0,7,1,6,Other,General Medicine,0,35-49,0.10391182079603069,Low
44,Male,24.3,111,75,221,0,4,0,1,Other,Surgery,0,35-49,0.06596369922533642,Low
62,Female,33.8,155,95,222,0,5,1,3,Cardiac,Cardiology,0,50-64,0.2765695512601423,Medium
51,Female,22.2,125,96,171,0,3,4,4,Respiratory,Cardiology,1,50-64,0.5445930873503372,High
56,Female,31.4,103,106,249,0,5,0,3,Other,General Medicine,0,50-64,0.1047064840545941,Low
65,Female,35.8,134,129,153,0,0,1,6,Other,General Medicine,0,65-79,0.24898096903587377,Medium
48,Male,20.1,132,108,251,0,3,1,7,Other,Endocrinology,0,35-49,0.1564719108507675,Medium
60,Male,22.8,144,101,185,1,6,2,8,Respiratory,Cardiology,0,50-64,0.30495837516125257,Medium
28,Female,28.5,90,153,209,0,7,1,10,Other,Surgery,0,18-34,0.08640046282279334,Low
73,Male,27.2,114,84,208,0,3,3,6,Respiratory,Surgery,0,65-79,0.5435987364293489,High
34,Male,27.6,107,141,177,1,2,1,4,Cardiac,Cardiology,0,18-34,0.16253965417494518,Medium
32,Male,30.7,106,134,207,0,5,0,6,Other,General Medicine,0,18-34,0.05534328114691755,Low
55,Female,16.0,124,78,220,0,5,1,2,Other,General Medicine,0,50-64,0.165327123911496,Medium
41,Male,24.7,99,65,143,0,4,3,4,Respiratory,General Medicine,0,35-49,0.32268098169190634,Medium
58,Male,24.0,106,122,232,0,4,2,2,Other,Cardiology,0,50-64,0.2563818580656364,Medium
75,Female,33.6,157,145,163,0,4,2,3,Other,Cardiology,0,65-79,0.3580927654517671,High
67,Female,30.8,122,92,143,0,0,0,3,Other,Surgery,1,65-79,0.1526201289899683,Medium
78,Male,34.9,138,147,133,1,6,1,6,Diabetes,Pulmonology,1,65-79,0.3213040675670172,Medium
47,Female,29.2,98,81,175,0,6,0,8,Hypertension,Cardiology,0,35-49,0.08538790978894478,Low
44,Female,27.7,115,75,225,0,7,2,2,Other,General Medicine,0,35-49,0.17606598827480321,Medium
75,Male,27.9,102,154,177,1,0,1,3,Respiratory,General Medicine,0,65-79,0.3239308861073218,Medium
35,Female,23.7,112,101,115,1,3,1,3,Other,General Medicine,0,35-49,0.1034929381479133,Low
36,Female,34.4,132,151,150,0,7,3,4,Other,Endocrinology,0,35-49,0.22782252720823093,Medium
63,Female,28.0,132,144,198,0,6,0,7,Cardiac,Endocrinology,0,50-64,0.2140848141706009,Medium
53,Male,22.8,112,90,198,0,4,1,7,Other,Cardiology,1,50-64,0.1661952075735457,Medium
51,Female,21.7,105,87,142,0,0,3,4,Other,General Medicine,0,50-64,0.4050320847155018,High
63,Female,32.1,142,149,234,0,6,3,10,Other,Cardiology,1,50-64,0.4368298007689932,High
45,Male,28.2,150,65,188,0,3,1,3,Hypertension,General Medicine,0,35-49,0.11627895752429705,Low
58,Female,24.6,90,93,232,0,4,4,11,Respiratory,General Medicine,0,50-64,0.6435612217340981,High
68,Male,24.0,136,93,209,0,4,0,2,Hypertension,Cardiology,0,65-79,0.12493526368102505,Low
74,Male,30.2,123,85,270,0,5,1,6,Other,Endocrinology,0,65-79,0.2500541767215528,Medium
43,Female,32.0,110,69,124,1,2,0,4,Cardiac,Surgery,1,35-49,0.12585052545865938,Low
56,Female,22.6,123,86,187,1,2,1,5,Respiratory,Endocrinology,0,50-64,0.22586064183773572,Medium
56,Female,27.2,126,147,294,0,3,0,6,Diabetes,Surgery,0,50-64,0.1498615736903735,Low
61,Male,25.5,141,65,190,0,6,2,4,Other,Surgery,0,50-64,0.2413745175231703,Medium
58,Female,24.5,114,88,149,0,3,2,6,Other,Endocrinology,1,50-64,0.3072504585090471,Medium
32,Female,24.3,116,87,168,0,1,0,3,Other,General Medicine,0,18-34,0.06641548518223543,Low
43,Female,17.8,97,65,228,0,2,0,1,Other,General Medicine,0,35-49,0.08576247543539436,Low
61,Female,26.4,114,108,223,0,6,0,10,Other,Endocrinology,1,50-64,0.13876426578741932,Low
20,Female,31.6,98,72,187,0,7,4,10,Diabetes,Surgery,0,18-34,0.3305902198646092,Medium
44,Female,27.6,113,118,154,1,1,2,1,Other,Endocrinology,0,35-49,0.20897602862579312,Medium
18,Female,23.5,112,93,188,0,0,0,3,Other,Cardiology,0,18-34,0.04703110122964184,Low
49,Male,38.3,97,130,195,1,5,0,7,Other,General Medicine,0,35-49,0.08302241039719331,Low
66,Female,29.2,112,125,274,0,0,1,4,Cardiac,Cardiology,0,65-79,0.37834475833617237,High
30,Female,23.6,112,108,180,0,7,1,3,Cardiac,Surgery,1,18-34,0.126801884435032,Low
44,Female,18.2,109,83,258,1,5,0,1,Respiratory,General Medicine,0,35-49,0.08849935771780695,Low
69,Male,16.4,143,106,150,0,7,1,3,Hypertension,Surgery,0,65-79,0.1785437763415251,Medium
73,Male,32.0,134,144,213,0,4,2,2,Cardiac,Surgery,0,65-79,0.45176487605214455,High
64,Female,23.1,121,97,220,1,0,2,2,Other,Cardiology,1,50-64,0.33233210293526244,Medium
68,Female,26.0,112,85,196,1,4,2,2,Respiratory,Endocrinology,0,65-79,0.3707985729309273,High
43,Male,31.9,110,136,205,0,0,0,7,Diabetes,Surgery,0,35-49,0.11504500991088439,Low
63,Female,32.4,140,110,197,0,7,0,6,Other,Endocrinology,0,50-64,0.11962021946544016,Low
62,Male,33.5,118,181,161,0,4,2,6,Other,Cardiology,0,50-64,0.2891713823957909,Medium
61,Female,26.7,138,122,179,0,3,1,3,Other,Pulmonology,1,50-64,0.21066563981392925,Medium
42,Female,22.3,117,128,181,0,5,1,3,Other,Surgery,1,35-49,0.11211140144570683,Low
85,Male,37.7,95,74,184,0,2,4,5,Diabetes,Pulmonology,0,80+,0.7872199092516109,High
63,Male,24.7,135,132,211,1,6,0,3,Other,Surgery,0,50-64,0.09815493305273393,Low
61,Female,24.4,135,76,206,0,7,2,3,Other,General Medicine,0,50-64,0.2621787782085552,Medium
28,Female,27.7,91,127,153,0,4,0,7,Respiratory,Cardiology,0,18-34,0.07103898931718723,Low
50,Male,39.8,101,119,167,0,1,1,2,Other,Endocrinology,0,50-64,0.1487951409359342,Low
35,Male,25.6,98,151,148,0,2,0,4,Other,Cardiology,0,35-49,0.06587605212265048,Low
43,Male,30.3,107,77,171,0,0,0,2,Respiratory,Endocrinology,0,35-49,0.10078212983864238,Low
49,Male,34.5,112,73,198,0,3,0,4,Other,Surgery,0,35-49,0.08067786225842424,Low
63,Female,38.0,137,112,241,0,1,2,2,Other,Cardiology,0,50-64,0.3064754383548666,Medium
61,Male,33.1,128,131,247,1,6,1,4,Cardiac,General Medicine,1,50-64,0.2536650781162364,Medium
62,Male,31.6,104,106,275,0,1,0,3,Other,Pulmonology,0,50-64,0.14229599712103047,Low
75,Male,32.3,123,134,182,0,4,3,4,Hypertension,Pulmonology,0,65-79,0.4987220929392236,High
66,Male,19.5,132,115,174,0,1,2,6,Other,Endocrinology,1,65-79,0.3621447686654753,High
59,Male,17.5,131,128,227,1,0,0,9,Other,Endocrinology,0,50-64,0.1485605547156284,Low
72,Female,30.9,118,75,206,1,5,1,4,Respiratory,Cardiology,0,65-79,0.26755376824493493,Medium
72,Male,26.9,115,107,219,0,3,1,2,Cardiac,Endocrinology,1,65-79,0.361870333467199,High
67,Male,23.3,122,94,186,0,5,2,4,Other,General Medicine,0,65-79,0.3099459243234795,Medium
68,Male,25.9,113,132,161,0,0,0,3,Other,Endocrinology,1,65-79,0.16433325770128057,Medium
43,Male,31.9,121,95,160,0,5,1,4,Diabetes,Surgery,0,35-49,0.13669283544135138,Low
63,Male,25.7,158,126,153,0,6,1,3,Hypertension,General Medicine,1,50-64,0.16288950171795694,Medium
55,Male,28.4,140,107,140,1,6,0,1,Other,Cardiology,0,50-64,0.07752998957503783,Low
59,Female,26.8,133,102,215,0,0,1,10,Other,Surgery,0,50-64,0.23181086653963567,Medium
66,Female,29.6,120,127,135,0,2,1,6,Other,Surgery,0,65-79,0.23146286420108886,Medium
41,Female,23.9,108,65,208,0,7,0,6,Other,General Medicine,0,35-49,0.071640347271069,Low
63,Male,27.1,132,141,139,0,7,1,13,Diabetes,General Medicine,0,50-64,0.2684046897914373,Medium
40,Female,20.7,127,82,186,0,4,1,3,Other,Endocrinology,0,35-49,0.11967870399265514,Low
76,Female,22.4,141,96,227,0,6,2,4,Hypertension,Cardiology,1,65-79,0.3564252559765138,High
67,Female,33.8,137,75,236,0,2,1,3,Diabetes,Endocrinology,0,65-79,0.2913723413909542,Medium
34,Male,21.5,107,140,177,0,6,4,4,Other,Surgery,1,18-34,0.3155514602032913,Medium
83,Male,24.0,160,115,207,0,0,1,3,Cardiac,Cardiology,1,80+,0.4596877939219997,High
84,Male,22.7,119,96,197,0,1,1,3,Other,Surgery,0,80+,0.3174704678611544,Medium
41,Male,26.3,128,82,141,0,7,1,2,Hypertension,Endocrinology,1,35-49,0.09089403568954091,Low
45,Female,31.3,116,96,142,0,3,3,6,Other,General Medicine,0,35-49,0.3308615127851108,Medium
60,Female,33.1,129,133,140,0,3,1,1,Other,Surgery,0,50-64,0.16930741942906288,Medium
88,Male,18.9,139,108,176,0,6,2,5,Other,Cardiology,1,80+,0.44297768093282247,High
74,Female,28.0,150,73,231,0,2,3,16,Other,General Medicine,1,65-79,0.607310004059125,High
49,Male,33.1,135,108,169,1,6,2,1,Other,General Medicine,0,35-49,0.17160873519593797,Medium
60,Female,24.2,140,123,233,1,4,1,7,Other,General Medicine,1,50-64,0.19792222096088455,Medium
18,Female,34.5,124,93,187,1,1,1,3,Diabetes,Surgery,0,18-34,0.08350654479003976,Low
83,Male,37.0,145,128,246,1,2,4,3,Hypertension,Cardiology,1,80+,0.6509835901393063,High
52,Female,24.6,132,65,200,0,6,2,2,Other,Surgery,0,50-64,0.20428772945841406,Medium
46,Female,22.8,119,130,110,0,6,2,3,Other,Endocrinology,0,35-49,0.20160688449576156,Medium
26,Female,28.3,90,69,142,0,6,0,4,Other,Endocrinology,0,18-34,0.04765333638021392,Low
63,Male,23.9,131,103,231,1,3,1,3,Other,Surgery,0,50-64,0.1769551006239466,Medium
22,Female,25.0,104,128,131,1,6,1,11,Other,General Medicine,0,18-34,0.08040043709303256,Low
64,Female,20.6,133,106,153,0,2,1,4,Other,Cardiology,0,50-64,0.227698726092254,Medium
25,Male,34.0,90,100,243,0,0,2,5,Respiratory,Cardiology,0,18-34,0.17186875657898762,Medium
80,Male,27.7,135,90,146,1,6,2,5,Cardiac,Surgery,0,80+,0.48914649951423184,High
47,Female,18.7,121,101,246,0,4,1,2,Hypertension,Surgery,0,35-49,0.12516674514751916,Low
29,Male,32.6,118,103,185,0,1,2,2,Other,Pulmonology,0,18-34,0.14978896615435586,Low
48,Female,32.8,92,130,135,0,7,2,4,Diabetes,General Medicine,0,35-49,0.25955606964237893,Medium
70,Female,21.4,139,146,250,0,2,0,8,Other,Cardiology,0,65-79,0.18680657957425234,Medium
36,Male,28.1,117,107,171,0,0,1,2,Hypertension,Endocrinology,0,35-49,0.10772390436161354,Low
59,Female,34.4,159,136,189,0,2,3,5,Hypertension,General Medicine,1,50-64,0.40142059026056837,High
54,Female,21.3,117,93,192,0,6,1,4,Other,Pulmonology,0,50-64,0.17099002541409913,Medium
80,Male,26.0,134,66,242,1,0,1,2,Respiratory,General Medicine,0,80+,0.3403042843588138,Medium
30,Male,25.9,92,65,173,1,1,0,2,Respiratory,General Medicine,0,18-34,0.06691574325757459,Low
68,Male,31.5,133,113,186,0,7,1,6,Other,Surgery,0,65-79,0.18499067819353066,Medium
71,Female,29.5,119,106,176,0,3,0,5,Cardiac,Cardiology,1,65-79,0.2652886366222747,Medium
69,Female,24.6,119,103,227,0,7,0,3,Other,General Medicine,0,65-79,0.13590181461339845,Low
49,Male,30.8,114,108,202,1,6,2,6,Respiratory,Pulmonology,0,35-49,0.24950800594136746,Medium
29,Female,28.7,106,101,126,1,1,2,6,Respiratory,Cardiology,0,18-34,0.19069483885888175,Medium
54,Female,28.7,101,88,214,1,6,1,3,Other,Cardiology,0,50-64,0.14495234013433964,Low
90,Male,29.2,143,65,234,0,1,0,1,Hypertension,General Medicine,0,80+,0.22755089547355775,Medium
34,Female,30.6,112,130,270,0,0,1,8,Diabetes,General Medicine,0,18-34,0.1736505993398445,Medium
47,Male,32.9,133,152,226,0,4,0,4,Diabetes,General Medicine,0,35-49,0.10503146429826969,Low
53,Male,32.5,116,111,183,0,5,2,6,Diabetes,Cardiology,1,50-64,0.29119793905346014,Medium
74,Male,24.3,129,127,198,1,4,0,4,Other,Cardiology,0,65-79,0.1535588610118892,Medium
43,Male,23.2,126,81,251,0,7,1,3,Other,Endocrinology,0,35-49,0.10538966754023894,Low
59,Male,30.7,124,105,208,0,0,0,1,Other,Surgery,0,50-64,0.11088308618765418,Low
52,Male,26.5,104,115,207,0,6,1,2,Other,General Medicine,0,50-64,0.1346668665676878,Low
65,Male,31.1,114,120,158,0,4,0,3,Diabetes,General Medicine,0,65-79,0.1645189980411201,Medium
52,Female,31.7,149,114,138,0,7,2,5,Hypertension,Surgery,0,50-64,0.1930728321918093,Medium
72,Male,29.0,121,94,227,0,7,1,5,Cardiac,Surgery,1,65-79,0.3133605284719753,Medium
66,Male,22.4,133,99,216,1,2,6,9,Respiratory,Cardiology,1,65-79,0.848797386348151,High
43,Male,17.7,92,116,186,0,1,0,1,Other,General Medicine,0,35-49,0.08374782570907403,Low
95,Female,27.7,126,142,216,0,7,4,4,Other,Cardiology,1,80+,0.7376101552381689,High
74,Male,36.3,119,130,205,0,0,0,1,Hypertension,Surgery,0,65-79,0.15192462372696433,Medium
63,Female,16.0,112,91,192,1,3,4,4,Other,General Medicine,1,50-64,0.5820929388956955,High
42,Female,32.3,131,125,210,0,6,0,11,Other,Pulmonology,0,35-49,0.08823991253705314,Low
67,Male,39.1,136,103,226,1,2,2,6,Other,Endocrinology,1,65-79,0.32168270538776883,Medium
39,Male,29.9,107,91,187,0,2,1,7,Diabetes,Surgery,0,35-49,0.15384811842671722,Medium
39,Female,27.7,127,94,148,1,0,0,5,Other,General Medicine,0,35-49,0.08122185544264549,Low
27,Male,25.8,117,95,149,0,0,1,3,Other,Surgery,0,18-34,0.08449609676324997,Low
18,Female,24.2,94,104,191,0,5,2,4,Other,Surgery,0,18-34,0.10157828449590588,Low
44,Female,36.3,104,126,216,1,2,1,7,Diabetes,Cardiology,0,35-49,0.18411196001452604,Medium
44,Female,29.9,90,65,223,1,3,3,3,Other,Cardiology,1,35-49,0.2999296450185428,Medium
45,Female,28.6,90,157,226,0,5,1,7,Diabetes,General Medicine,0,35-49,0.1886658323588587,Medium
48,Male,23.3,110,99,181,0,6,1,4,Diabetes,Pulmonology,0,35-49,0.17940659787021143,Medium
35,Female,26.1,100,148,159,1,2,3,6,Other,General Medicine,1,35-49,0.2804386973574547,Medium
59,Male,37.8,143,88,173,1,0,2,7,Cardiac,General Medicine,1,50-64,0.42623251093429904,High
60,Female,19.9,160,65,197,0,6,1,9,Other,General Medicine,1,50-64,0.1984293533280212,Medium
59,Male,29.6,99,100,164,0,1,0,3,Other,General Medicine,0,50-64,0.12442191071628847,Low
42,Female,25.5,129,100,212,1,7,0,5,Respiratory,General Medicine,0,35-49,0.08049799044939485,Low
44,Male,17.1,125,75,190,0,3,0,5,Other,Endocrinology,0,35-49,0.08498431245258654,Low
30,Female,27.8,100,108,113,0,3,0,1,Hypertension,General Medicine,0,18-34,0.05223947033256132,Low
28,Female,26.4,103,116,150,0,4,0,4,Other,General Medicine,0,18-34,0.054235889774815506,Low
30,Female,23.7,126,125,195,0,3,1,6,Other,Cardiology,0,18-34,0.10029552280700947,Low
57,Male,36.0,113,95,165,0,1,1,3,Other,Cardiology,1,50-64,0.17562401401671704,Medium
82,Male,17.4,106,79,265,0,1,0,4,Cardiac,Endocrinology,1,80+,0.35343324062238135,High
82,Male,18.8,151,77,241,0,5,2,4,Hypertension,General Medicine,0,80+,0.3934876765217406,High
48,Female,22.5,118,113,239,1,0,0,1,Hypertension,Surgery,0,35-49,0.08588347390223688,Low
30,Male,31.0,106,119,236,0,0,1,2,Diabetes,General Medicine,0,18-34,0.1270452547460755,Low
40,Female,32.9,152,83,179,0,6,1,2,Hypertension,Pulmonology,0,35-49,0.0994719593169617,Low
34,Male,21.7,114,101,177,0,6,1,1,Cardiac,General Medicine,0,18-34,0.13957502230518268,Low
72,Male,36.3,114,96,162,0,5,0,5,Cardiac,Pulmonology,0,65-79,0.24948308549564174,Medium
61,Male,41.8,125,127,184,0,6,2,1,Diabetes,Cardiology,0,50-64,0.28788764544817536,Medium
39,Male,21.5,119,123,146,0,6,1,2,Other,Surgery,0,35-49,0.08980872274328534,Low
68,Female,29.7,116,162,196,0,0,0,3,Respiratory,General Medicine,1,65-79,0.20388548600976814,Medium
61,Female,29.6,118,107,217,0,5,1,6,Other,Surgery,0,50-64,0.1858641419847951,Medium
31,Male,28.2,97,97,110,1,7,0,7,Respiratory,General Medicine,0,18-34,0.05957134492909223,Low
43,Male,27.2,90,109,257,1,2,1,10,Cardiac,General Medicine,0,35-49,0.23783694857026663,Medium
76,Male,27.7,128,131,227,1,6,3,6,Cardiac,Pulmonology,0,65-79,0.6428687124202014,High
43,Male,29.2,158,103,253,1,7,2,2,Cardiac,Surgery,0,35-49,0.21877408516155963,Medium
18,Male,23.9,94,105,147,0,5,1,3,Other,General Medicine,0,18-34,0.060319279388262696,Low
48,Male,29.8,97,91,223,0,3,1,2,Diabetes,Endocrinology,1,35-49,0.17970291992630946,Medium
49,Male,29.1,114,108,173,0,4,1,4,Other,Cardiology,0,35-49,0.13602209192462497,Low
68,Female,26.2,128,65,188,0,1,3,4,Cardiac,General Medicine,1,65-79,0.6425122710474407,High
65,Male,18.8,157,68,193,1,2,0,7,Cardiac,General Medicine,0,65-79,0.23024002978511515,Medium
59,Male,26.1,151,114,176,0,3,3,4,Other,Surgery,0,50-64,0.36837577378054465,High
37,Female,23.8,120,91,225,0,2,3,5,Diabetes,General Medicine,0,35-49,0.3632719850733713,High
70,Female,26.9,139,88,201,0,5,0,2,Other,Endocrinology,0,65-79,0.14340684164497927,Low
46,Male,33.8,131,156,161,0,1,0,1,Other,Endocrinology,1,35-49,0.08110306152638737,Low
58,Female,23.0,119,78,196,0,0,4,5,Cardiac,General Medicine,1,50-64,0.7190750769898397,High
51,Male,19.0,134,102,245,0,4,1,1,Cardiac,Cardiology,0,50-64,0.2204072625379682,Medium
47,Male,28.9,116,65,181,0,3,1,8,Cardiac,Endocrinology,1,35-49,0.24223094104929405,Medium
46,Male,30.2,120,149,222,0,4,1,7,Diabetes,Endocrinology,0,35-49,0.1816262882600474,Medium
26,Female,27.0,102,117,204,0,3,0,5,Other,General Medicine,0,18-34,0.0551911366306424,Low
49,Female,28.6,121,104,189,0,1,0,7,Other,Endocrinology,0,35-49,0.11391383128572245,Low
32,Female,30.1,98,128,154,0,6,0,8,Other,Pulmonology,0,18-34,0.06564564543771453,Low
65,Male,31.5,154,67,151,0,3,3,4,Cardiac,General Medicine,1,65-79,0.564020172826244,High
63,Male,31.6,121,151,216,0,7,0,5,Hypertension,Endocrinology,0,50-64,0.10696375644844064,Low
35,Male,27.8,99,72,187,0,6,1,10,Other,General Medicine,0,35-49,0.10593513467657273,Low
46,Male,20.2,116,96,195,0,2,1,7,Cardiac,Surgery,1,35-49,0.23207520176528096,Medium
49,Male,21.5,159,94,149,0,4,1,7,Other,Cardiology,0,35-49,0.14331162158575414,Low
50,Female,31.1,130,110,149,0,4,0,4,Other,Cardiology,0,50-64,0.09065292885542575,Low
39,Male,34.3,134,104,212,0,5,1,1,Diabetes,Surgery,0,35-49,0.11213749325543586,Low
42,Female,33.7,100,144,231,1,4,1,1,Hypertension,General Medicine,1,35-49,0.10586560097712522,Low
50,Female,22.9,119,65,153,0,1,0,3,Hypertension,General Medicine,0,50-64,0.10196797780382136,Low
34,Male,35.8,129,96,140,0,4,0,9,Cardiac,Surgery,0,18-34,0.0979809714359181,Low
57,Female,30.2,136,152,202,1,7,0,5,Diabetes,Pulmonology,0,50-64,0.13621873753390712,Low
72,Male,27.7,120,65,198,1,2,3,6,Respiratory,General Medicine,1,65-79,0.5516543407044564,High
51,Male,35.5,113,136,234,0,6,1,3,Other,Endocrinology,0,50-64,0.12978071509383304,Low
33,Female,20.7,107,134,198,0,4,0,5,Hypertension,Cardiology,0,18-34,0.061484525853290006,Low
57,Male,24.1,115,89,173,1,2,1,5,Respiratory,Surgery,1,50-64,0.2006736005673562,Medium
81,Male,30.6,137,120,200,0,3,3,8,Other,Surgery,1,80+,0.5514904907496068,High
42,Male,19.5,116,74,194,0,4,1,5,Other,General Medicine,0,35-49,0.1236716925710507,Low
18,Female,29.3,99,101,121,0,3,2,5,Hypertension,General Medicine,0,18-34,0.11239344836945654,Low
57,Female,28.0,136,99,145,0,0,1,1,Other,General Medicine,0,50-64,0.19116563613966106,Medium
38,Male,24.7,128,65,219,0,7,1,4,Other,Endocrinology,0,35-49,0.09362181839981722,Low
40,Female,33.6,112,133,197,0,1,0,6,Other,Cardiology,0,35-49,0.08454509764158277,Low
33,Male,22.4,126,124,181,0,7,1,5,Other,Cardiology,0,18-34,0.0833418546798865,Low
60,Male,26.6,120,105,216,0,2,1,4,Other,Cardiology,0,50-64,0.19287868661124158,Medium
54,Female,30.9,132,65,204,1,0,2,3,Cardiac,General Medicine,1,50-64,0.3965205321486909,High
45,Female,24.1,112,83,242,1,5,0,3,Respiratory,Endocrinology,0,35-49,0.09364352736313007,Low
40,Male,27.3,90,95,209,0,6,0,4,Hypertension,General Medicine,0,35-49,0.06146455885707618,Low
61,Female,24.5,121,107,190,0,3,2,5,Cardiac,Cardiology,1,50-64,0.4477195317924532,High
80,Male,23.7,114,65,201,0,1,1,9,Other,Cardiology,0,80+,0.34303525962769826,High
36,Male,33.3,117,94,234,1,6,1,4,Respiratory,Surgery,0,35-49,0.0955306298071801,Low
69,Female,30.9,138,105,274,0,7,2,3,Other,Surgery,0,65-79,0.2854915591782304,Medium
39,Female,24.8,109,77,228,0,1,0,2,Cardiac,Surgery,0,35-49,0.12324578315362096,Low
30,Male,28.8,103,122,202,0,4,2,4,Other,Surgery,0,18-34,0.1295498254499704,Low
54,Male,28.8,133,79,228,0,0,1,4,Other,General Medicine,0,50-64,0.17858250645773271,Medium
58,Female,19.6,148,91,171,0,0,1,4,Other,General Medicine,1,50-64,0.21426829149631907,Medium
69,Male,26.9,90,94,212,0,4,1,5,Other,General Medicine,1,65-79,0.23531786802375493,Medium
81,Female,28.1,128,118,227,0,0,5,7,Hypertension,Pulmonology,1,80+,0.8333791442954779,High
62,Female,25.0,139,83,140,0,1,1,2,Cardiac,Cardiology,0,50-64,0.32206281241588086,Medium
51,Male,18.4,147,128,170,0,2,4,4,Cardiac,Surgery,1,50-64,0.6087313092996918,High
59,Male,30.6,101,107,174,1,6,0,1,Other,Surgery,0,50-64,0.08457964292582637,Low
35,Female,18.5,134,65,182,0,4,1,13,Other,Cardiology,0,35-49,0.13119297709010483,Low
42,Female,20.7,123,96,134,0,3,1,8,Other,Endocrinology,0,35-49,0.1485184659976348,Low
53,Male,30.7,113,99,200,0,7,1,5,Diabetes,Surgery,1,50-64,0.16836390926809908,Medium
56,Male,16.8,114,67,246,0,3,0,1,Other,General Medicine,0,50-64,0.10550649537769498,Low
93,Male,32.2,153,148,164,0,1,4,3,Diabetes,Surgery,1,80+,0.7905150532062326,High
18,Male,27.9,104,85,191,1,0,0,3,Other,Surgery,0,18-34,0.03823602931866118,Low
77,Male,30.0,122,154,214,0,2,1,14,Respiratory,Surgery,0,65-79,0.37178167262145956,High
22,Female,27.0,110,103,231,0,3,0,4,Hypertension,Surgery,0,18-34,0.04187769400676281,Low
39,Male,27.7,136,107,219,0,3,1,3,Other,General Medicine,0,35-49,0.10717852594705182,Low
60,Female,21.9,114,65,137,1,4,2,8,Other,Cardiology,1,50-64,0.3053732289678809,Medium
40,Female,32.4,118,155,135,0,4,1,2,Diabetes,General Medicine,0,35-49,0.1463453135669266,Low
70,Male,32.2,115,90,216,0,1,1,2,Diabetes,Cardiology,0,65-79,0.2969100699097861,Medium
39,Male,35.5,110,73,179,1,6,1,3,Diabetes,Surgery,0,35-49,0.109766008215451,Low
82,Female,22.5,121,109,204,0,6,0,2,Cardiac,Pulmonology,1,80+,0.31219137354447934,Medium
66,Female,30.6,137,137,197,0,0,0,1,Respiratory,Endocrinology,0,65-79,0.18241045864626862,Medium
65,Male,35.2,128,105,209,0,5,4,8,Other,Endocrinology,0,65-79,0.567601563483351,High
76,Female,21.0,122,85,248,0,2,1,2,Cardiac,General Medicine,0,65-79,0.4220471681940594,High
22,Male,23.2,120,110,167,0,4,2,15,Other,Endocrinology,0,18-34,0.15126250533904206,Medium
87,Female,30.1,147,117,232,1,1,0,1,Hypertension,Surgery,0,80+,0.20344853797631307,Medium
56,Female,29.1,132,124,112,1,1,2,3,Respiratory,Surgery,0,50-64,0.2994172580518873,Medium
69,Male,38.3,126,137,231,0,2,1,3,Respiratory,Cardiology,0,65-79,0.25849103830690906,Medium
51,Female,23.3,91,103,253,0,5,2,3,Hypertension,Surgery,0,50-64,0.21526192947342934,Medium
39,Female,28.6,101,93,162,1,4,0,2,Other,General Medicine,0,35-49,0.06517576814046484,Low
62,Male,33.8,98,114,110,0,6,1,2,Cardiac,Endocrinology,0,50-64,0.26615857595055925,Medium
60,Male,34.3,148,148,207,0,3,1,2,Diabetes,General Medicine,0,50-64,0.21901689381160674,Medium
63,Male,29.1,101,105,141,0,6,1,7,Other,Endocrinology,0,50-64,0.1972545775616305,Medium
59,Male,24.3,118,108,227,0,5,2,11,Other,Endocrinology,0,50-64,0.30686273894746685,Medium
37,Male,37.6,130,102,187,0,6,0,8,Other,Endocrinology,1,35-49,0.06038994541189666,Low
89,Female,30.8,130,69,256,0,1,0,5,Other,Endocrinology,0,80+,0.2733515878288862,Medium
52,Female,31.6,110,102,203,0,3,0,1,Other,Cardiology,0,50-64,0.09450417677451801,Low
46,Female,31.6,115,84,135,0,1,0,7,Diabetes,General Medicine,0,35-49,0.1359355800242704,Low
75,Female,23.5,91,136,244,0,7,2,7,Cardiac,Surgery,1,65-79,0.5142342074692675,High
39,Female,38.0,134,102,173,0,7,1,1,Cardiac,General Medicine,0,35-49,0.1479083036829152,Low
72,Female,27.6,132,104,193,0,4,1,7,Other,Surgery,1,65-79,0.25056472624175047,Medium
56,Male,19.4,136,85,221,0,1,1,9,Other,Cardiology,0,50-64,0.2066383441144614,Medium
55,Female,25.1,130,79,225,0,2,2,5,Other,Endocrinology,0,50-64,0.28840397253365446,Medium
48,Female,20.3,115,77,222,1,6,0,3,Respiratory,General Medicine,0,35-49,0.0971957245114491,Low
45,Female,31.7,104,109,205,0,1,0,4,Other,General Medicine,0,35-49,0.094750743917769,Low
36,Male,31.1,121,109,173,1,1,0,2,Diabetes,Surgery,0,35-49,0.07581305941089234,Low
85,Male,39.6,129,87,259,0,5,1,7,Other,Pulmonology,0,80+,0.3213230841472345,Medium
70,Male,27.1,90,149,219,0,3,2,8,Diabetes,General Medicine,1,65-79,0.4605368090272481,High
65,Male,23.0,138,68,238,0,2,1,2,Cardiac,Cardiology,1,65-79,0.3161919266714147,Medium
64,Female,36.4,111,91,209,0,7,0,1,Other,Cardiology,0,50-64,0.10663347115826272,Low
76,Female,19.1,127,72,203,0,7,2,8,Hypertension,General Medicine,1,65-79,0.3839417513677686,High
94,Male,30.1,150,131,176,0,2,3,3,Diabetes,General Medicine,1,80+,0.7051895949356146,High
60,Male,31.0,135,115,168,0,5,2,5,Other,Cardiology,0,50-64,0.25909659748539127,Medium
61,Female,35.9,110,127,152,1,6,0,2,Other,Surgery,0,50-64,0.09529330943528311,Low
59,Female,28.7,91,93,162,1,2,3,6,Other,General Medicine,0,50-64,0.43558961412418584,High
46,Male,28.6,116,87,123,0,1,0,4,Cardiac,General Medicine,0,35-49,0.14940445834401891,Low
51,Female,19.6,121,102,243,1,2,0,2,Cardiac,General Medicine,0,50-64,0.16585812614489634,Medium
71,Female,25.8,122,97,187,0,1,2,2,Other,Pulmonology,0,65-79,0.3991587555303161,High
59,Female,29.6,126,91,215,1,4,0,10,Other,Surgery,0,50-64,0.12139706391436897,Low
43,Male,18.1,129,86,212,1,4,0,3,Other,Endocrinology,1,35-49,0.0711284573938793,Low
81,Female,35.9,156,110,202,0,6,0,2,Other,Cardiology,1,80+,0.16567672564400726,Medium
52,Female,22.8,126,147,244,1,7,1,1,Respiratory,Cardiology,0,50-64,0.15247352057283456,Medium
65,Female,24.2,138,147,180,0,0,0,2,Other,General Medicine,1,65-79,0.15551648008613794,Medium
62,Female,24.8,110,72,216,0,1,1,3,Cardiac,General Medicine,0,50-64,0.3424028962095969,High
51,Female,30.5,115,65,117,0,4,2,4,Other,Endocrinology,0,50-64,0.23922538796402584,Medium
72,Female,30.4,114,112,231,0,0,0,2,Other,General Medicine,0,65-79,0.18357718545331964,Medium
27,Male,22.1,128,144,142,0,3,0,8,Diabetes,General Medicine,0,18-34,0.07564338091034546,Low
63,Female,16.0,108,84,181,1,4,1,2,Other,Pulmonology,0,50-64,0.2143833948020616,Medium
18,Male,25.7,110,130,113,1,7,1,2,Cardiac,General Medicine,0,18-34,0.08561015356982034,Low
55,Male,30.1,120,110,205,0,0,1,5,Hypertension,Surgery,0,50-64,0.16937881045693,Medium
87,Male,20.3,122,131,185,1,2,0,2,Cardiac,General Medicine,0,80+,0.33972315644130774,Medium
60,Female,24.2,142,87,145,0,7,2,9,Hypertension,General Medicine,0,50-64,0.27766858068550404,Medium
53,Female,27.4,125,136,169,0,6,2,4,Other,Surgery,0,50-64,0.21906819576799905,Medium
84,Male,24.2,135,89,157,0,7,1,4,Other,Surgery,1,80+,0.25988248732987435,Medium
46,Female,26.4,135,107,231,0,0,1,5,Cardiac,Pulmonology,1,35-49,0.2746697371201017,Medium
41,Female,23.7,111,141,207,1,3,1,1,Diabetes,Surgery,0,35-49,0.14237809998104162,Low
95,Male,31.9,147,108,203,0,7,0,3,Hypertension,Cardiology,1,80+,0.20883310801805716,Medium
48,Male,24.8,121,67,161,1,5,1,7,Respiratory,Surgery,0,35-49,0.14938959867043106,Low
73,Male,37.9,117,146,226,0,4,1,8,Diabetes,Endocrinology,1,65-79,0.32413349139858677,Medium
78,Female,24.3,121,65,263,0,1,1,3,Other,General Medicine,1,65-79,0.31382727879752387,Medium
76,Male,25.4,128,121,145,0,4,1,3,Cardiac,Surgery,1,65-79,0.35909697000500834,High
65,Male,24.4,141,131,182,0,5,0,6,Cardiac,Surgery,0,65-79,0.19742166651620208,Medium
40,Female,26.8,137,128,200,0,2,2,4,Other,Surgery,0,35-49,0.18621000035724605,Medium
75,Male,16.7,111,94,275,0,4,0,2,Cardiac,Surgery,0,65-79,0.25011063340079487,Medium
49,Female,35.7,114,110,234,0,0,0,8,Diabetes,General Medicine,0,35-49,0.15465400227600312,Medium
46,Male,24.9,112,121,190,1,7,0,5,Respiratory,Surgery,0,35-49,0.07871263185889088,Low
38,Female,32.0,90,99,240,0,4,0,6,Respiratory,General Medicine,0,35-49,0.09021282821183757,Low
87,Male,35.3,135,92,200,0,2,5,9,Other,Endocrinology,1,80+,0.8316109456244819,High
24,Male,34.5,111,113,197,0,5,3,2,Diabetes,Endocrinology,0,18-34,0.21861421160622937,Medium
39,Male,18.4,112,65,219,0,3,0,4,Other,General Medicine,0,35-49,0.07232373719351357,Low
41,Female,29.7,114,124,185,0,7,1,2,Respiratory,Cardiology,0,35-49,0.12142883627297998,Low
56,Male,27.3,135,107,261,0,7,2,3,Other,General Medicine,1,50-64,0.21919628153673024,Medium
64,Female,21.7,134,150,180,0,3,2,6,Other,General Medicine,1,50-64,0.342093956443961,Medium
42,Female,24.6,108,115,170,1,3,2,5,Other,Cardiology,1,35-49,0.20148620465767894,Medium
74,Male,29.2,132,128,192,0,6,2,8,Other,General Medicine,1,65-79,0.3610584303206487,High
43,Male,24.8,110,65,211,0,1,0,7,Other,Endocrinology,0,35-49,0.0929750046045187,Low
75,Male,21.5,129,65,185,0,6,1,2,Other,General Medicine,0,65-79,0.22927805143688487,Medium
51,Female,17.1,120,123,184,1,0,1,9,Cardiac,General Medicine,1,50-64,0.3153591413480986,Medium
90,Female,30.6,143,65,217,1,2,1,4,Hypertension,General Medicine,1,80+,0.3485142666104208,High
48,Female,19.8,97,67,199,0,5,0,6,Respiratory,Cardiology,0,35-49,0.11514001102843581,Low
55,Male,31.5,123,143,220,0,3,0,1,Diabetes,Cardiology,0,50-64,0.12450652639664313,Low
73,Female,30.3,112,118,164,0,2,2,5,Cardiac,Surgery,0,65-79,0.5247881298423267,High
53,Male,32.2,127,93,173,0,7,1,1,Other,Surgery,0,50-64,0.11334657479298427,Low
51,Female,31.9,106,89,154,1,3,1,5,Cardiac,Surgery,1,50-64,0.23548095455737506,Medium
63,Male,25.1,90,102,221,1,0,0,3,Other,Cardiology,0,50-64,0.1391409891819426,Low
31,Female,25.5,110,108,190,0,7,1,2,Other,Surgery,1,18-34,0.07465359995147543,Low
76,Male,20.5,123,79,271,0,2,1,7,Hypertension,Endocrinology,0,65-79,0.2943324806957266,Medium
57,Male,29.6,111,156,183,0,7,0,8,Other,Cardiology,0,50-64,0.10254320146771569,Low
42,Male,30.0,91,141,249,0,0,1,1,Diabetes,General Medicine,0,35-49,0.17092212279464242,Medium
52,Female,30.3,97,98,171,0,0,2,2,Cardiac,Pulmonology,0,50-64,0.4203902943460848,High
45,Male,25.4,90,86,170,0,5,1,1,Other,Surgery,0,35-49,0.10808292533725633,Low
70,Female,27.2,124,93,199,0,7,0,1,Cardiac,Endocrinology,0,65-79,0.21306842615469407,Medium
51,Female,35.2,102,115,187,1,4,3,10,Respiratory,General Medicine,0,50-64,0.4249161305178794,High
64,Female,22.6,121,127,124,1,0,1,6,Cardiac,General Medicine,0,50-64,0.37308337803172653,High
36,Female,25.7,97,65,165,0,6,0,3,Other,Surgery,0,35-49,0.055913307341029575,Low
65,Male,31.3,127,114,189,0,7,3,5,Cardiac,Endocrinology,0,65-79,0.5406510093422938,High
69,Female,23.0,137,120,212,0,0,2,6,Cardiac,Pulmonology,1,65-79,0.5680183509768914,High
60,Female,24.7,126,81,231,0,0,0,2,Other,General Medicine,0,50-64,0.13832792120944767,Low
59,Male,24.3,136,89,196,0,7,0,2,Other,Cardiology,0,50-64,0.09144611787662187,Low
47,Male,31.3,90,78,169,0,3,0,4,Other,General Medicine,0,35-49,0.08617495989088961,Low
55,Female,29.4,153,83,167,0,4,0,10,Hypertension,Endocrinology,0,50-64,0.11557732325395972,Low
58,Male,29.7,110,111,224,0,0,2,5,Other,General Medicine,1,50-64,0.3068306529236,Medium
60,Male,24.8,108,82,225,0,3,2,8,Other,General Medicine,1,50-64,0.3131199534709144,Medium
81,Female,23.8,109,78,202,0,6,1,10,Other,Endocrinology,0,80+,0.33245443344984593,Medium
49,Male,29.3,125,77,190,0,7,0,5,Other,General Medicine,0,35-49,0.07622848094578932,Low
59,Male,35.8,133,81,133,0,4,0,5,Diabetes,Endocrinology,0,50-64,0.14346364351843777,Low
41,Female,21.7,119,148,183,1,2,1,3,Diabetes,Surgery,1,35-49,0.15527095158205628,Medium
64,Male,30.9,140,108,155,0,2,2,8,Other,General Medicine,0,50-64,0.3315442541084626,Medium
88,Male,30.2,139,65,220,0,1,1,7,Diabetes,Cardiology,0,80+,0.4436742309541248,High
39,Male,30.2,108,117,200,1,2,0,3,Other,General Medicine,0,35-49,0.06666439442493083,Low
57,Female,26.8,133,123,203,0,2,1,7,Other,General Medicine,0,50-64,0.20643358915616447,Medium
59,Female,31.7,101,119,213,0,2,0,2,Other,General Medicine,0,50-64,0.12465216906075864,Low
95,Male,40.9,142,145,232,0,4,4,4,Diabetes,General Medicine,1,80+,0.7912278883590054,High
60,Female,30.9,150,145,197,0,7,0,6,Hypertension,General Medicine,0,50-64,0.10453931500096775,Low
78,Male,32.1,152,128,192,0,1,1,3,Hypertension,General Medicine,0,65-79,0.26951122886790546,Medium
41,Female,29.8,130,129,187,0,3,1,2,Other,Cardiology,0,35-49,0.11633657653331915,Low
61,Female,27.1,123,103,182,0,4,1,6,Other,Cardiology,0,50-64,0.20373343984404138,Medium
56,Male,29.0,125,107,198,0,6,1,6,Other,Cardiology,0,50-64,0.1551397648596152,Medium
56,Male,28.0,98,120,201,1,0,1,14,Other,Pulmonology,1,50-64,0.24868551509647477,Medium
42,Female,22.6,116,123,168,0,0,1,4,Other,Cardiology,1,35-49,0.1482107920577483,Low
69,Female,20.3,127,97,186,0,2,2,5,Other,Surgery,0,65-79,0.3621030122417882,High
56,Female,22.4,166,65,168,0,1,3,3,Hypertension,Surgery,0,50-64,0.3686919316582256,High
95,Female,21.9,149,93,250,0,5,5,4,Hypertension,Surgery,1,80+,0.8235687549877994,High
52,Male,22.3,119,92,181,0,4,1,3,Other,Cardiology,0,50-64,0.14646919455251114,Low
49,Female,24.4,109,65,212,0,5,2,3,Other,General Medicine,0,35-49,0.22181402986923485,Medium
51,Female,19.8,130,67,227,0,0,1,10,Other,Surgery,0,50-64,0.19909602009068775,Medium
57,Female,31.5,129,130,183,0,2,2,5,Other,General Medicine,0,50-64,0.29171514091224354,Medium
60,Female,17.4,130,97,215,1,3,2,6,Other,Endocrinology,0,50-64,0.3128160275325788,Medium
52,Female,31.4,113,159,152,0,6,0,2,Other,Cardiology,1,50-64,0.08569999809561478,Low
50,Male,19.4,112,109,220,1,3,2,6,Cardiac,General Medicine,0,50-64,0.3598558739905019,High
42,Male,32.5,114,93,186,0,4,0,3,Cardiac,General Medicine,0,35-49,0.11567668640126517,Low
71,Male,23.0,140,65,189,1,5,1,14,Respiratory,Endocrinology,0,65-79,0.311206541519225,Medium
81,Male,29.7,131,91,219,0,1,1,5,Cardiac,Cardiology,1,80+,0.44949680853957646,High
77,Male,27.6,132,65,330,0,2,1,3,Cardiac,General Medicine,0,65-79,0.40422939876376135,High
75,Female,31.7,133,119,190,0,7,1,5,Other,Endocrinology,0,65-79,0.24462880746837037,Medium
52,Female,22.3,142,97,190,0,6,0,8,Hypertension,General Medicine,0,50-64,0.09735825047410972,Low
48,Female,26.2,131,89,152,1,5,3,7,Other,General Medicine,1,35-49,0.32548888541892634,Medium
18,Male,40.5,108,154,161,0,5,0,1,Diabetes,Cardiology,0,18-34,0.04144452303955946,Low
40,Female,28.3,98,95,232,1,6,0,4,Respiratory,Surgery,0,35-49,0.07366754339304302,Low
61,Female,26.1,129,71,143,0,0,0,2,Other,General Medicine,0,50-64,0.13949802540300485,Low
50,Male,34.2,105,123,196,1,0,0,3,Diabetes,General Medicine,0,50-64,0.12680282643990257,Low
58,Male,27.4,135,148,202,0,7,2,1,Diabetes,Cardiology,1,50-64,0.27484813420896737,Medium
53,Male,23.5,154,114,194,0,4,2,2,Other,General Medicine,1,50-64,0.22161060183870127,Medium
18,Female,25.0,107,131,112,0,2,2,4,Other,Surgery,0,18-34,0.11253012862315465,Low
29,Male,23.5,108,97,126,0,1,3,2,Other,Cardiology,0,18-34,0.22456772701403305,Medium
62,Female,22.1,115,126,170,0,0,0,8,Other,Surgery,0,50-64,0.16058114509406782,Medium
38,Female,30.0,90,113,203,0,2,2,6,Other,Surgery,1,35-49,0.19289826507840432,Medium
64,Female,29.1,122,134,147,0,4,1,7,Respiratory,General Medicine,0,50-64,0.2640959177201117,Medium
65,Male,19.4,119,106,221,1,7,3,7,Other,General Medicine,0,65-79,0.4124718749287283,High
38,Male,25.8,120,65,296,0,7,0,1,Cardiac,General Medicine,0,35-49,0.09005250862255797,Low
57,Male,20.7,98,65,174,0,6,2,9,Other,Surgery,1,50-64,0.2619198551731247,Medium
57,Male,30.1,113,96,141,0,5,1,4,Other,Pulmonology,0,50-64,0.17150505516754572,Medium
60,Male,34.6,107,76,221,0,5,1,4,Other,Endocrinology,1,50-64,0.17282714933855697,Medium
50,Female,20.3,139,65,181,0,5,2,3,Other,Surgery,0,50-64,0.20900544570076104,Medium
50,Female,25.1,90,139,194,0,7,0,4,Other,General Medicine,0,50-64,0.08865815064238927,Low
43,Male,31.7,106,104,194,0,4,0,1,Diabetes,Pulmonology,0,35-49,0.09692652528781152,Low
41,Female,29.6,126,113,193,0,3,1,18,Other,Pulmonology,0,35-49,0.18637149742852516,Medium
24,Female,20.1,95,70,183,0,6,1,1,Other,Pulmonology,0,18-34,0.07603230968861752,Low
37,Male,33.2,114,105,110,0,0,1,11,Other,Surgery,0,35-49,0.12960416571290537,Low
52,Male,29.9,118,67,197,1,0,2,10,Cardiac,General Medicine,0,50-64,0.4159010861062213,High
70,Male,32.9,112,115,209,0,0,2,11,Other,General Medicine,0,65-79,0.42091173405647125,High
58,Female,32.0,109,136,181,0,3,3,2,Other,Cardiology,1,50-64,0.3900875758381601,High
54,Female,30.4,104,109,200,0,7,0,2,Other,Cardiology,0,50-64,0.08768587474311294,Low
66,Male,27.4,132,136,248,1,2,1,4,Other,Cardiology,0,65-79,0.2098495240126244,Medium
20,Female,25.5,117,98,147,0,2,2,5,Diabetes,General Medicine,0,18-34,0.16832566480327785,Medium
91,Female,27.1,155,128,207,0,6,1,2,Hypertension,Endocrinology,0,80+,0.31900073279751595,Medium
58,Male,19.1,107,69,185,1,1,2,2,Respiratory,Cardiology,0,50-64,0.319504201953847,Medium
46,Male,34.5,139,116,199,0,1,0,5,Other,Cardiology,0,35-49,0.08585383561410992,Low
19,Female,24.0,111,101,154,0,4,5,5,Other,Surgery,1,18-34,0.3791332102525016,High
61,Female,22.0,120,104,223,0,2,0,10,Cardiac,Surgery,0,50-64,0.24184436294723813,Medium
45,Male,28.0,119,112,158,0,6,0,1,Other,General Medicine,0,35-49,0.06542739771231319,Low
32,Male,35.4,138,120,205,0,4,0,6,Other,Endocrinology,0,18-34,0.054744165499574636,Low
41,Female,38.1,104,91,153,0,6,1,7,Other,Cardiology,0,35-49,0.11493377801640389,Low
20,Female,20.6,142,81,167,0,3,2,8,Hypertension,General Medicine,0,18-34,0.12613019917391408,Low
39,Female,38.0,105,101,264,0,7,1,6,Other,Endocrinology,0,35-49,0.10600969109466526,Low
78,Male,34.1,127,162,174,0,3,2,5,Cardiac,Endocrinology,1,65-79,0.5442149141658786,High
42,Male,28.0,97,89,176,0,7,0,2,Other,General Medicine,0,35-49,0.060894535755563875,Low
64,Male,29.9,146,78,211,1,4,2,6,Cardiac,Surgery,0,50-64,0.3990562667460816,High
79,Male,23.4,101,154,193,0,0,2,5,Diabetes,General Medicine,0,65-79,0.5395788211305106,High
52,Male,24.5,128,80,215,0,0,0,7,Other,General Medicine,0,50-64,0.11858860807056383,Low
65,Female,23.2,125,102,195,0,5,0,3,Other,Cardiology,0,65-79,0.13059987003787987,Low
37,Female,28.7,121,99,245,0,4,0,7,Other,General Medicine,0,35-49,0.07263809743091476,Low
54,Female,35.5,100,110,186,0,6,0,9,Diabetes,Cardiology,0,50-64,0.14133671715598412,Low
46,Male,21.6,97,65,177,1,3,0,8,Other,General Medicine,0,35-49,0.09197284364466624,Low
51,Female,29.4,120,68,213,0,0,1,3,Other,Surgery,0,50-64,0.16400673484249378,Medium
67,Female,34.8,120,119,193,0,3,1,8,Respiratory,Surgery,0,65-79,0.27394871555876066,Medium
45,Female,26.9,112,88,141,0,7,1,6,Diabetes,Endocrinology,0,35-49,0.16764134885817558,Medium
44,Male,23.4,126,147,183,0,6,0,10,Diabetes,General Medicine,0,35-49,0.10963085222922622,Low
55,Male,33.2,155,135,215,0,2,1,6,Hypertension,Endocrinology,0,50-64,0.16573050026985436,Medium
59,Male,25.2,112,65,146,0,5,0,5,Other,Surgery,0,50-64,0.10313413825712636,Low
78,Female,31.6,120,129,163,0,6,2,2,Other,Cardiology,0,65-79,0.3638738888444651,High
61,Male,24.1,113,111,183,0,1,1,4,Other,Surgery,0,50-64,0.1979224092889639,Medium
34,Male,27.5,95,115,216,0,6,2,4,Other,Cardiology,1,18-34,0.1419432606045432,Low
19,Female,24.2,90,94,124,0,7,3,4,Diabetes,General Medicine,0,18-34,0.2130125797738694,Medium
52,Male,18.5,153,93,162,1,6,0,4,Respiratory,Pulmonology,0,50-64,0.10569086877589969,Low
44,Male,22.0,90,94,235,1,4,3,8,Respiratory,Pulmonology,0,35-49,0.38203732517490513,High
33,Male,27.3,118,103,228,0,2,1,2,Other,General Medicine,0,18-34,0.09545140312151232,Low
36,Male,16.5,90,70,195,0,6,0,2,Other,Endocrinology,0,35-49,0.05842317772246221,Low
50,Female,29.8,132,65,146,0,7,1,2,Other,Pulmonology,0,50-64,0.13352943116681457,Low
47,Male,26.5,123,120,119,0,6,1,1,Respiratory,Cardiology,0,35-49,0.13327063115863338,Low
55,Female,27.6,125,95,205,0,4,1,4,Other,General Medicine,1,50-64,0.17098770445411476,Medium
60,Female,23.3,110,99,253,0,2,2,8,Other,General Medicine,0,50-64,0.34397562896913164,High
59,Male,27.8,133,123,154,0,1,0,4,Other,Endocrinology,0,50-64,0.12530010097440808,Low
49,Male,32.1,112,104,171,0,4,2,3,Cardiac,General Medicine,0,35-49,0.31993879767519084,Medium
43,Male,22.0,118,119,188,0,4,1,5,Other,Surgery,0,35-49,0.11683759060976118,Low
42,Male,22.9,92,71,208,0,4,1,6,Other,Cardiology,0,35-49,0.12627646547037438,Low
64,Male,27.3,132,97,187,0,1,2,5,Other,Surgery,0,50-64,0.3114947667612549,Medium
84,Male,22.7,115,107,189,1,7,3,11,Respiratory,Endocrinology,1,80+,0.6267767756886736,High
81,Female,28.2,142,134,203,1,3,2,8,Hypertension,General Medicine,1,80+,0.43576327399057224,High
66,Female,22.9,135,91,211,0,5,6,14,Cardiac,General Medicine,1,65-79,0.9046246692017507,High
46,Female,23.7,149,96,262,0,7,1,4,Respiratory,General Medicine,0,35-49,0.145162197473182,Low
73,Male,32.6,115,118,203,0,4,4,5,Other,General Medicine,1,65-79,0.6186580909601159,High
47,Female,28.8,123,97,207,0,4,1,4,Other,Pulmonology,0,35-49,0.14986946861201292,Low
66,Male,23.8,110,127,164,0,7,3,9,Other,General Medicine,0,65-79,0.44363138553024484,High
64,Female,20.9,134,134,234,0,5,1,5,Other,Cardiology,0,50-64,0.21011939596223375,Medium
55,Female,19.6,108,126,172,0,1,0,1,Respiratory,Endocrinology,0,50-64,0.1457212088189705,Low
64,Male,31.0,139,101,166,0,4,1,7,Other,General Medicine,0,50-64,0.20471331462763484,Medium
46,Female,31.1,99,86,206,1,4,2,8,Respiratory,Cardiology,1,35-49,0.26189750906128134,Medium
60,Female,25.9,112,105,123,0,6,2,7,Diabetes,Pulmonology,1,50-64,0.3802767842855679,High
23,Female,36.7,126,101,115,0,4,1,2,Diabetes,General Medicine,0,18-34,0.09129020597168602,Low
56,Female,33.6,154,106,201,0,0,0,4,Other,Surgery,0,50-64,0.11344008445298029,Low
56,Female,21.3,109,104,208,0,3,2,3,Hypertension,Endocrinology,0,50-64,0.27358275287584854,Medium
20,Male,33.8,104,99,169,1,5,2,3,Respiratory,Surgery,0,18-34,0.10482346349505973,Low
75,Female,21.2,130,87,202,0,6,1,6,Other,Endocrinology,1,65-79,0.269574481333921,Medium
38,Male,28.4,117,94,201,0,1,0,2,Diabetes,General Medicine,0,35-49,0.09231975466601615,Low
50,Female,29.8,139,145,152,1,7,1,1,Other,General Medicine,0,50-64,0.11643469168728579,Low
32,Female,29.4,104,77,190,1,7,1,6,Hypertension,General Medicine,0,18-34,0.08209440845888978,Low
62,Male,33.5,119,128,256,0,7,3,5,Cardiac,General Medicine,0,50-64,0.5171268520657324,High
38,Female,29.4,113,118,188,0,2,0,1,Other,Pulmonology,0,35-49,0.07499914087176673,Low
18,Male,23.4,119,108,195,0,0,2,9,Other,Endocrinology,0,18-34,0.13893082014354896,Low
48,Male,23.6,132,104,150,0,7,4,8,Other,Cardiology,1,35-49,0.4277507770298385,High
69,Male,29.1,120,106,157,0,7,2,2,Other,General Medicine,0,65-79,0.2850161657622443,Medium
68,Female,26.6,130,65,157,0,4,1,2,Other,Surgery,0,65-79,0.20540888162973545,Medium
42,Female,26.0,112,124,186,0,3,3,13,Other,General Medicine,0,35-49,0.36545570299934554,High
50,Male,25.1,142,129,171,0,7,3,3,Other,Pulmonology,0,50-64,0.3035092801273452,Medium
57,Female,32.0,90,107,203,0,2,1,2,Diabetes,Pulmonology,0,50-64,0.25620526760902956,Medium
94,Male,26.4,155,131,165,1,5,0,4,Other,Surgery,1,80+,0.21617965959139074,Medium
29,Male,38.0,112,120,117,1,5,2,7,Respiratory,General Medicine,0,18-34,0.15164962826765954,Medium
71,Female,28.4,100,110,177,0,5,1,7,Other,General Medicine,0,65-79,0.25968293468281656,Medium
72,Male,23.7,130,81,172,0,1,1,5,Other,General Medicine,0,65-79,0.269744801837252,Medium
57,Female,24.5,138,81,207,0,3,2,3,Other,General Medicine,0,50-64,0.27486395729492735,Medium
65,Male,18.2,145,102,250,0,0,0,3,Cardiac,Cardiology,0,65-79,0.2377532711071702,Medium
47,Male,34.3,115,101,173,0,5,1,1,Respiratory,General Medicine,0,35-49,0.13738332515389887,Low
73,Female,28.1,156,111,189,0,7,4,3,Cardiac,Pulmonology,1,65-79,0.7308115464124173,High
64,Female,30.2,110,124,257,0,2,2,3,Respiratory,General Medicine,1,50-64,0.37907957934307646,High
70,Male,30.5,116,130,256,1,0,0,7,Cardiac,General Medicine,0,65-79,0.27608522178038425,Medium
36,Female,24.7,98,132,189,0,7,1,4,Other,Surgery,1,35-49,0.0917752212976989,Low
64,Female,31.1,132,124,196,0,7,2,5,Cardiac,Surgery,0,50-64,0.39676655030438707,High
36,Male,34.0,120,114,113,1,6,1,2,Other,General Medicine,0,35-49,0.07981593106509788,Low
60,Female,26.8,121,95,180,0,7,0,3,Diabetes,Cardiology,0,50-64,0.1380913609088979,Low
68,Male,29.4,121,121,164,0,3,0,1,Diabetes,General Medicine,0,65-79,0.17526008471695567,Medium
27,Male,21.1,94,80,116,0,2,2,2,Other,Surgery,0,18-34,0.12843931213580834,Low
24,Female,25.2,108,121,181,0,1,0,1,Respiratory,Pulmonology,0,18-34,0.0672203074701386,Low
56,Female,31.1,97,101,235,0,5,3,2,Respiratory,General Medicine,0,50-64,0.4141961382587832,High
44,Male,21.0,110,109,173,0,4,0,3,Other,General Medicine,0,35-49,0.07662558381328594,Low
84,Female,25.7,120,87,170,0,2,0,11,Hypertension,General Medicine,0,80+,0.2639982065894406,Medium
31,Female,21.5,120,65,157,1,7,0,4,Other,Endocrinology,0,18-34,0.04952895304812257,Low
46,Male,28.3,101,129,195,1,0,3,3,Respiratory,Endocrinology,1,35-49,0.3797322328122544,High
59,Male,26.4,119,75,200,0,7,0,3,Other,Endocrinology,0,50-64,0.09753855478439516,Low
27,Female,17.8,98,65,220,0,4,1,3,Other,Cardiology,0,18-34,0.08714290006496747,Low
41,Male,31.5,136,136,225,0,6,1,3,Other,Pulmonology,0,35-49,0.10542578585613041,Low
30,Female,19.2,141,82,223,0,3,1,3,Respiratory,Cardiology,0,18-34,0.11218769220208866,Low
87,Male,24.2,146,120,248,0,7,4,14,Other,General Medicine,1,80+,0.7332335964975392,High
47,Female,20.6,97,117,215,1,0,0,2,Other,General Medicine,0,35-49,0.10040541159614753,Low
55,Female,22.0,104,82,156,0,0,2,7,Other,General Medicine,0,50-64,0.3273098438847114,Medium
84,Male,34.8,138,136,232,0,7,0,8,Other,Cardiology,0,80+,0.18939172785233893,Medium
52,Female,26.9,133,65,121,0,5,1,2,Other,General Medicine,0,50-64,0.14366085219059324,Low
58,Female,19.9,148,65,191,0,5,2,6,Hypertension,Cardiology,0,50-64,0.2667069530270914,Medium
62,Female,24.3,127,102,160,0,7,0,2,Other,Surgery,0,50-64,0.10175065960352074,Low
50,Male,33.8,133,156,230,0,3,0,10,Diabetes,Surgery,0,50-64,0.126983362761597,Low
49,Male,32.6,105,68,203,0,3,2,8,Other,General Medicine,1,35-49,0.24147119100315756,Medium
48,Male,19.9,130,66,174,0,6,0,1,Other,Cardiology,0,35-49,0.0711432438234203,Low
42,Male,26.6,120,65,197,0,1,1,3,Diabetes,General Medicine,1,35-49,0.1673167367455898,Medium
69,Female,26.7,139,97,216,0,6,1,2,Other,Surgery,0,65-79,0.19468954839882127,Medium
43,Male,18.7,95,90,130,1,2,1,14,Cardiac,Pulmonology,0,35-49,0.2795328258907525,Medium
68,Female,23.6,115,192,226,1,4,0,4,Cardiac,General Medicine,0,65-79,0.2385663491410731,Medium
21,Female,24.9,117,83,213,0,2,0,3,Other,Endocrinology,0,18-34,0.047638552645870975,Low
49,Female,27.5,130,117,158,1,6,0,2,Other,Surgery,0,35-49,0.0704103337268854,Low
60,Female,37.0,108,158,239,0,6,1,4,Other,Cardiology,0,50-64,0.1734955190612264,Medium
70,Female,26.2,99,123,201,0,1,1,6,Diabetes,General Medicine,1,65-79,0.35723409327917094,High
40,Female,28.3,150,123,178,1,4,1,2,Respiratory,Cardiology,0,35-49,0.12282369123538567,Low
69,Female,34.2,115,81,254,1,6,3,3,Respiratory,Pulmonology,0,65-79,0.49789470288773074,High
43,Male,19.1,134,65,203,0,1,2,3,Cardiac,General Medicine,0,35-49,0.32010783991905895,Medium
55,Female,25.7,92,90,174,0,4,1,4,Cardiac,Surgery,1,50-64,0.2633568569709474,Medium
85,Male,22.0,129,110,248,1,3,1,4,Respiratory,Cardiology,1,80+,0.358262378732716,High
46,Female,27.6,115,94,260,0,6,2,3,Cardiac,General Medicine,1,35-49,0.3049451088159849,Medium
58,Male,37.7,119,166,166,0,2,4,3,Other,Surgery,0,50-64,0.4935617890749502,High
59,Female,23.7,127,87,155,0,4,2,4,Hypertension,Cardiology,0,50-64,0.2720873295728155,Medium
95,Female,23.2,168,109,228,0,6,2,2,Other,Endocrinology,1,80+,0.48660379135131915,High
64,Male,33.8,134,76,208,0,7,1,7,Other,General Medicine,0,50-64,0.1818036658729368,Medium
42,Female,29.1,90,146,162,0,0,2,8,Diabetes,Endocrinology,1,35-49,0.321656338171187,Medium
46,Female,34.0,132,117,188,0,2,1,4,Other,Surgery,0,35-49,0.1333039851887404,Low
66,Female,27.5,146,65,148,1,0,3,3,Respiratory,General Medicine,1,65-79,0.521892695817013,High
62,Male,18.6,124,65,116,0,6,0,3,Other,Endocrinology,0,50-64,0.11260286187198368,Low
63,Female,33.0,138,117,128,1,5,0,4,Diabetes,Surgery,0,50-64,0.14193625583773753,Low
42,Female,27.1,111,89,144,1,4,0,2,Cardiac,General Medicine,0,35-49,0.11894438154231476,Low
35,Female,26.8,96,65,188,0,2,1,13,Other,General Medicine,0,35-49,0.14534753749289267,Low
47,Female,25.0,101,65,197,0,6,0,1,Other,Pulmonology,0,35-49,0.08288450667756861,Low
32,Male,29.8,146,88,145,0,7,0,4,Diabetes,General Medicine,0,18-34,0.061234459563460505,Low
41,Male,35.7,95,146,171,0,0,0,3,Diabetes,Pulmonology,0,35-49,0.11396810518180388,Low
47,Female,23.1,142,96,199,1,3,2,4,Hypertension,Pulmonology,0,35-49,0.22189030676630112,Medium
81,Male,24.6,101,149,244,0,5,1,2,Cardiac,General Medicine,0,80+,0.4077212052264188,High
67,Male,30.7,132,171,230,0,7,4,3,Hypertension,General Medicine,0,65-79,0.5154238740339638,High
52,Female,29.3,118,89,200,1,7,1,4,Other,General Medicine,0,50-64,0.13493961035263766,Low
55,Male,18.2,144,127,201,1,5,4,8,Cardiac,General Medicine,1,50-64,0.6386873211306495,High
26,Female,29.8,90,127,216,0,2,0,8,Diabetes,General Medicine,1,18-34,0.08401683899774089,Low
60,Female,24.5,109,65,165,1,0,1,2,Cardiac,Cardiology,1,50-64,0.3170130993637687,Medium
53,Female,35.3,118,113,231,0,5,1,3,Other,General Medicine,0,50-64,0.1495698043771746,Low
81,Female,26.6,137,111,273,0,1,0,8,Cardiac,General Medicine,0,80+,0.3692870729965094,High
31,Male,24.7,133,120,142,0,2,0,10,Other,Endocrinology,0,18-34,0.06833278959578051,Low
44,Male,33.7,129,86,189,0,0,2,16,Other,Endocrinology,0,35-49,0.27928322858761295,Medium
66,Male,29.3,140,125,178,0,4,1,5,Hypertension,Surgery,0,65-79,0.18561344743321162,Medium
34,Female,32.6,107,115,179,0,0,0,6,Hypertension,Endocrinology,0,18-34,0.07449632053467327,Low
60,Female,35.8,125,113,178,0,6,1,5,Other,Cardiology,0,50-64,0.1735860715015153,Medium
36,Male,20.6,94,65,158,0,4,0,7,Respiratory,Endocrinology,0,35-49,0.08579609110264291,Low
57,Female,23.3,113,65,207,1,3,1,3,Respiratory,General Medicine,0,50-64,0.21231434223500623,Medium
46,Female,33.3,134,94,157,1,7,0,2,Other,Surgery,0,35-49,0.05990932922918524,Low
47,Female,23.5,103,146,135,1,5,0,11,Respiratory,Endocrinology,0,35-49,0.12259099729553245,Low
50,Male,34.9,124,163,204,0,7,2,5,Cardiac,General Medicine,0,50-64,0.3043438484254769,Medium
40,Male,24.3,137,100,200,0,7,1,2,Cardiac,General Medicine,0,35-49,0.15354082951373718,Medium
73,Male,26.5,138,105,209,0,5,4,9,Other,Cardiology,1,65-79,0.6298451208983861,High
43,Female,26.7,116,137,166,1,6,1,3,Other,Endocrinology,0,35-49,0.1125467763842246,Low
46,Female,29.1,159,81,128,0,4,0,1,Hypertension,General Medicine,0,35-49,0.07092586507093523,Low
40,Male,32.3,116,77,204,0,6,1,3,Respiratory,Surgery,1,35-49,0.1086465973582413,Low
45,Female,24.1,120,86,165,0,3,1,7,Hypertension,Endocrinology,0,35-49,0.147692052734117,Low
65,Female,39.5,111,108,173,0,0,1,1,Cardiac,General Medicine,0,65-79,0.34201475024204536,Medium
62,Female,31.6,109,99,145,0,2,2,2,Diabetes,General Medicine,1,50-64,0.3795582193816158,High
93,Female,28.8,107,121,199,0,3,4,4,Other,Endocrinology,1,80+,0.7699914813810493,High
42,Female,31.9,90,98,178,0,2,0,3,Diabetes,Surgery,0,35-49,0.10243948035674043,Low
34,Male,34.1,128,178,193,0,6,0,2,Diabetes,General Medicine,0,18-34,0.06510726525074721,Low
75,Female,24.4,122,90,214,1,2,2,9,Respiratory,Surgery,0,65-79,0.4657971766886823,High
47,Female,24.5,90,129,222,0,3,2,9,Other,Cardiology,0,35-49,0.26214097025408295,Medium
57,Female,20.6,138,77,229,0,4,1,6,Respiratory,Pulmonology,0,50-64,0.23919349885833197,Medium
57,Male,20.4,120,104,165,0,1,0,2,Cardiac,Cardiology,0,50-64,0.1894517369057235,Medium
40,Male,28.4,131,82,212,0,7,0,3,Other,Surgery,0,35-49,0.052349597994827086,Low
55,Male,22.0,102,96,251,0,2,3,16,Other,Endocrinology,0,50-64,0.4797927214205088,High
63,Male,31.5,138,135,122,0,0,1,2,Hypertension,Endocrinology,0,50-64,0.20093728782245854,Medium
50,Male,29.4,112,113,232,1,4,3,9,Other,Cardiology,0,50-64,0.34205738682335046,Medium
43,Male,25.8,147,65,180,0,1,5,5,Hypertension,Pulmonology,0,35-49,0.5746851078104894,High
42,Female,19.2,111,94,216,0,7,0,1,Other,Endocrinology,0,35-49,0.06693868447134124,Low
63,Female,26.6,124,108,192,0,2,3,8,Other,General Medicine,1,50-64,0.48440739018475126,High
60,Female,25.1,136,134,187,0,2,2,3,Respiratory,Cardiology,0,50-64,0.34534040923533244,High
61,Female,27.8,138,137,138,1,6,1,6,Cardiac,Surgery,0,50-64,0.2662311600216486,Medium
72,Male,34.1,149,138,208,1,6,1,3,Hypertension,Surgery,1,65-79,0.17624885112463784,Medium
51,Female,25.8,131,107,166,0,5,1,1,Other,General Medicine,1,50-64,0.13891543869401046,Low
49,Male,26.6,116,106,219,0,4,0,4,Other,General Medicine,0,35-49,0.0869078001939933,Low
56,Female,25.5,124,105,170,0,0,1,5,Other,Surgery,0,50-64,0.19630203946087801,Medium
65,Male,26.9,138,99,139,0,2,1,5,Other,Surgery,0,65-79,0.20499364166270426,Medium
66,Female,31.4,163,65,182,0,7,0,5,Hypertension,General Medicine,0,65-79,0.11544169904116922,Low
30,Male,34.0,111,75,146,1,5,1,8,Other,General Medicine,0,18-34,0.08364518336724873,Low
53,Male,29.3,109,113,160,1,4,1,6,Cardiac,Surgery,0,50-64,0.2300926565211256,Medium
62,Female,24.9,146,79,219,0,1,0,1,Diabetes,General Medicine,0,50-64,0.17387048724533996,Medium
66,Female,28.9,121,140,218,0,2,1,2,Other,General Medicine,0,65-79,0.22803114135422503,Medium
63,Male,28.0,130,98,179,0,0,1,5,Other,Cardiology,0,50-64,0.22283067656995934,Medium
53,Male,24.7,109,78,233,0,6,2,3,Cardiac,Pulmonology,1,50-64,0.35226650051256775,High
79,Male,29.4,133,106,160,0,7,2,5,Cardiac,Surgery,0,65-79,0.48316329960027293,High
64,Female,20.9,103,129,110,0,4,0,7,Cardiac,Surgery,0,50-64,0.23012101794986878,Medium
71,Female,26.7,120,117,135,0,0,2,6,Cardiac,Surgery,1,65-79,0.5419100654223271,High
53,Male,18.2,112,65,181,1,5,0,4,Other,Pulmonology,0,50-64,0.09820582017408958,Low
80,Female,33.0,160,109,210,0,2,2,6,Other,General Medicine,1,80+,0.4387592750030797,High
76,Female,38.0,144,120,233,0,7,1,3,Diabetes,Cardiology,0,65-79,0.2855517222578762,Medium
64,Female,17.5,139,65,219,0,1,2,3,Other,General Medicine,0,50-64,0.34493335063170155,High
41,Female,27.8,108,131,258,0,3,0,10,Cardiac,Endocrinology,0,35-49,0.15747501383896084,Medium
66,Female,30.7,99,102,298,0,3,1,3,Other,General Medicine,0,65-79,0.22843114536145026,Medium
66,Female,21.0,98,65,115,0,0,1,9,Other,General Medicine,1,65-79,0.2943942422976059,Medium
80,Female,23.5,124,101,161,0,6,2,4,Hypertension,Pulmonology,1,80+,0.4096984629320958,High
39,Female,27.2,106,65,244,0,5,0,16,Cardiac,Pulmonology,0,35-49,0.16821331566460396,Medium
59,Male,27.3,112,120,181,0,7,1,3,Other,General Medicine,0,50-64,0.15550679907271361,Medium
50,Male,28.1,102,139,223,0,6,1,4,Other,Endocrinology,0,50-64,0.13598102797947334,Low
58,Female,27.4,132,103,195,0,1,3,11,Other,Endocrinology,0,50-64,0.480479948220632,High
36,Female,20.5,105,111,185,1,3,1,1,Cardiac,Cardiology,0,35-49,0.1691672818373944,Medium
42,Female,31.8,122,96,114,0,1,0,7,Other,Surgery,1,35-49,0.08504697120712305,Low
75,Female,27.1,138,65,206,0,7,2,2,Cardiac,Cardiology,0,65-79,0.4708462968712083,High
71,Female,24.5,145,148,164,1,6,1,6,Respiratory,Endocrinology,0,65-79,0.2715857239983275,Medium
95,Male,22.1,153,92,155,0,6,1,19,Hypertension,Surgery,0,80+,0.4199865970635228,High
54,Female,19.9,139,66,191,0,4,0,6,Other,Surgery,0,50-64,0.10396581960037389,Low
56,Male,22.7,102,65,213,0,7,0,2,Other,General Medicine,0,50-64,0.090217712200839,Low
63,Female,28.6,116,94,126,1,4,3,4,Other,Pulmonology,0,50-64,0.43768426638714325,High
33,Male,20.5,125,103,182,0,3,0,4,Other,Cardiology,0,18-34,0.05897312917345988,Low
50,Female,33.3,118,131,183,0,2,0,1,Diabetes,General Medicine,0,50-64,0.12428150225945914,Low
69,Male,19.7,148,118,162,0,6,2,4,Hypertension,Surgery,1,65-79,0.2813627070597566,Medium
47,Female,26.9,128,107,214,0,7,0,4,Other,General Medicine,0,35-49,0.07715597242835795,Low
71,Male,27.1,105,115,171,0,1,2,12,Other,General Medicine,1,65-79,0.4329672484333875,High
43,Female,27.7,109,115,169,0,7,0,1,Other,Cardiology,0,35-49,0.06406390526192933,Low
60,Male,40.7,126,176,147,0,4,1,5,Diabetes,General Medicine,0,50-64,0.22499999757868425,Medium
49,Female,26.3,99,127,188,1,7,3,3,Cardiac,Surgery,0,35-49,0.411960162167136,High
57,Male,30.9,132,95,190,0,1,0,2,Other,General Medicine,0,50-64,0.11025575662653571,Low
47,Female,20.2,140,99,229,1,3,1,8,Cardiac,General Medicine,0,35-49,0.24948859627261988,Medium
